image_id,image_filename,meal_name,ingredients_list,ingredient_names,num_ingredients,total_calories,total_carbs,total_protein,total_fat
fsb_00000,fsb_00000.jpg,Breakfast Platter,"""[{'name': 'scrambled eggs', 'calories': 98.3, 'carbs': 1.1, 'protein': 6.6, 'fat': 7.2, 'quantity': 0.3, 'unit': 'cup'}, {'name': 'bacon', 'calories': 53.8, 'carbs': 0.2, 'protein': 3.9, 'fat': 4.0, 'quantity': 1, 'unit': 'slices'}, {'name': 'roasted potatoes', 'calories': 107.8, 'carbs': 13.9, 'protein': 1.6, 'fat': 5.2, 'quantity': 0.6, 'unit': 'cup'}, {'name': 'fruit salad', 'calories': 48.3, 'carbs': 12.2, 'protein': 0.7, 'fat': 0.2, 'quantity': 0.5, 'unit': 'cup'}, {'name': 'greek yogurt', 'calories': 100.3, 'carbs': 6.1, 'protein': 17.3, 'fat': 0.7, 'quantity': 1, 'unit': 'container'}]""","""[\""scrambled eggs\"", \""bacon\"", \""roasted potatoes\"", \""fruit salad\"", \""greek yogurt\""]""",5,408.5,33.5,30.1,17.3
fsb_00001,fsb_00001.jpg,Almond Cake with Strawberries,"""[{'name': 'almond cake', 'calories': 353.2, 'carbs': 41.2, 'protein': 5.8, 'fat': 18.8, 'quantity': 1, 'unit': 'piece'}, {'name': 'strawberries', 'calories': 11.5, 'carbs': 2.8, 'protein': 0.2, 'fat': 0.1, 'quantity': 3, 'unit': 'medium (1-1/4\"" dia)'}, {'name': 'powdered sugar', 'calories': 4.9, 'carbs': 1.2, 'protein': 0.0, 'fat': 0.0, 'quantity': 0.5, 'unit': 'tsp'}, {'name': 'chocolate', 'calories': 30.0, 'carbs': 3.3, 'protein': 0.4, 'fat': 1.7, 'quantity': 0.8, 'unit': 'piece'}]""","""[\""almond cake\"", \""strawberries\"", \""powdered sugar\"", \""chocolate\""]""",4,399.6,48.5,6.4,20.6
fsb_00002,fsb_00002.jpg,Apple Fritter,"""[{'name': 'dough', 'calories': 252.3, 'carbs': 29.0, 'protein': 1.7, 'fat': 14.4, 'quantity': 2, 'unit': 'oz'}, {'name': 'apples', 'calories': 17.0, 'carbs': 4.5, 'protein': 0.1, 'fat': 0.1, 'quantity': 0.3, 'unit': 'cup slices'}, {'name': 'sugar', 'calories': 97.5, 'carbs': 25.2, 'protein': 0.0, 'fat': 0.0, 'quantity': 2, 'unit': 'tbsp'}, {'name': 'cinnamon', 'calories': 3.2, 'carbs': 1.0, 'protein': 0.1, 'fat': 0.0, 'quantity': 0.5, 'unit': 'tsp'}, {'name': 'oil', 'calories': 123.8, 'carbs': 0.0, 'protein': 0.0, 'fat': 14.0, 'quantity': 1, 'unit': 'tbsp'}, {'name': 'glaze', 'calories': 57.8, 'carbs': 13.9, 'protein': 0.2, 'fat': 0.1, 'quantity': 1, 'unit': 'tbsp'}]""","""[\""dough\"", \""apples\"", \""sugar\"", \""cinnamon\"", \""oil\"", \""glaze\""]""",6,551.6,73.6,2.1,28.6
fsb_00003,fsb_00003.jpg,Apple Pie,"""[{'name': 'apple', 'calories': 50.3, 'carbs': 13.4, 'protein': 0.3, 'fat': 0.2, 'quantity': 0.4, 'unit': 'NLEA serving'}, {'name': 'pie crust', 'calories': 782.3, 'carbs': 86.6, 'protein': 10.0, 'fat': 44.0, 'quantity': 1, 'unit': 'pie crust'}, {'name': 'sugar', 'calories': 16.3, 'carbs': 4.2, 'protein': 0.0, 'fat': 0.0, 'quantity': 1, 'unit': 'tsp'}, {'name': 'butter', 'calories': 50.9, 'carbs': 0.0, 'protein': 0.1, 'fat': 5.8, 'quantity': 0.5, 'unit': 'tbsp'}]""","""[\""apple\"", \""pie crust\"", \""sugar\"", \""butter\""]""",4,899.8,104.2,10.4,50.0
fsb_00004,fsb_00004.jpg,Apple,"""[{'name': 'apple', 'calories': 94.6, 'carbs': 25.1, 'protein': 0.5, 'fat': 0.3, 'quantity': 1, 'unit': 'medium (3\"" dia)'}, {'name': 'paprika', 'calories': 6.5, 'carbs': 1.2, 'protein': 0.3, 'fat': 0.3, 'quantity': 1, 'unit': 'tsp'}, {'name': 'tajin', 'calories': 7.0, 'carbs': 1.5, 'protein': 0.3, 'fat': 0.2, 'quantity': 1, 'unit': 'tsp'}]""","""[\""apple\"", \""paprika\"", \""tajin\""]""",3,108.1,27.8,1.1,0.8
fsb_00005,fsb_00005.jpg,Apple Slices with Peanut Butter,"""[{'name': 'apple', 'calories': 94.6, 'carbs': 25.1, 'protein': 0.5, 'fat': 0.3, 'quantity': 1, 'unit': 'medium (3\"" dia)'}, {'name': 'peanut butter', 'calories': 188.2, 'carbs': 7.7, 'protein': 7.0, 'fat': 15.9, 'quantity': 2, 'unit': 'tbsp'}, {'name': 'oatmeal', 'calories': 149.5, 'carbs': 25.3, 'protein': 5.3, 'fat': 3.2, 'quantity': 0.9, 'unit': 'cup'}, {'name': 'cinnamon', 'calories': 3.2, 'carbs': 1.0, 'protein': 0.1, 'fat': 0.0, 'quantity': 0.5, 'unit': 'tsp'}]""","""[\""apple\"", \""peanut butter\"", \""oatmeal\"", \""cinnamon\""]""",4,435.5,59.1,12.9,19.4
fsb_00006,fsb_00006.jpg,Arugula Salad with Candied Pecans and Beets,"""[{'name': 'arugula', 'calories': 5.0, 'carbs': 0.7, 'protein': 0.5, 'fat': 0.1, 'quantity': 1, 'unit': 'cup'}, {'name': 'candied pecans', 'calories': 218.7, 'carbs': 14.8, 'protein': 2.5, 'fat': 18.2, 'quantity': 0.5, 'unit': 'cup'}, {'name': 'beets', 'calories': 37.4, 'carbs': 8.5, 'protein': 1.4, 'fat': 0.2, 'quantity': 0.5, 'unit': 'cup slices'}, {'name': 'carrots', 'calories': 6.8, 'carbs': 1.6, 'protein': 0.1, 'fat': 0.0, 'quantity': 2, 'unit': 'tbsp'}, {'name': 'fried cheese', 'calories': 184.3, 'carbs': 14.3, 'protein': 8.4, 'fat': 10.4, 'quantity': 2, 'unit': 'wt. oz'}, {'name': 'balsamic glaze', 'calories': 28.4, 'carbs': 6.7, 'protein': 0.1, 'fat': 0.0, 'quantity': 0.7, 'unit': 'tbsp'}]""","""[\""arugula\"", \""candied pecans\"", \""beets\"", \""carrots\"", \""fried cheese\"", \""balsamic glaze\""]""",6,480.6,46.6,13.0,28.9
fsb_00007,fsb_00007.jpg,Asian Chicken Salad with Egg Roll,"""[{'name': 'grilled chicken', 'calories': 170.5, 'carbs': 0.0, 'protein': 34.0, 'fat': 3.9, 'quantity': 0.6, 'unit': 'piece'}, {'name': 'lettuce', 'calories': 4.8, 'carbs': 0.9, 'protein': 0.3, 'fat': 0.1, 'quantity': 1, 'unit': 'wt. oz'}, {'name': 'cabbage', 'calories': 10.3, 'carbs': 2.5, 'protein': 0.6, 'fat': 0.0, 'quantity': 0.3, 'unit': 'cup, shredded'}, {'name': 'carrots', 'calories': 10.9, 'carbs': 2.6, 'protein': 0.2, 'fat': 0.1, 'quantity': 0.2, 'unit': 'cup'}, {'name': 'fried wonton strips', 'calories': 58.6, 'carbs': 5.8, 'protein': 1.2, 'fat': 3.6, 'quantity': 0.25, 'unit': 'cup'}, {'name': 'dressing', 'calories': 116.1, 'carbs': 1.6, 'protein': 0.4, 'fat': 12.0, 'quantity': 1.8, 'unit': 'tablespoons'}, {'name': 'egg roll', 'calories': 155.8, 'carbs': 17.0, 'protein': 5.2, 'fat': 7.4, 'quantity': 0.7, 'unit': 'piece'}]""","""[\""grilled chicken\"", \""lettuce\"", \""cabbage\"", \""carrots\"", \""fried wonton strips\"", \""dressing\"", \""egg roll\""]""",7,527.0,30.4,41.9,27.1
fsb_00008,fsb_00008.jpg,Asian Chicken Salad,"""[{'name': 'chicken', 'calories': 118.8, 'carbs': 0.0, 'protein': 12.9, 'fat': 7.1, 'quantity': 0.4, 'unit': 'cup'}, {'name': 'cabbage', 'calories': 10.3, 'carbs': 2.5, 'protein': 0.6, 'fat': 0.0, 'quantity': 0.3, 'unit': 'cup, shredded'}, {'name': 'carrots', 'calories': 10.9, 'carbs': 2.6, 'protein': 0.2, 'fat': 0.1, 'quantity': 0.2, 'unit': 'cup'}, {'name': 'red cabbage', 'calories': 4.4, 'carbs': 1.0, 'protein': 0.2, 'fat': 0.0, 'quantity': 0.1, 'unit': 'cup, shredded'}, {'name': 'green onions', 'calories': 3.8, 'carbs': 0.9, 'protein': 0.2, 'fat': 0.0, 'quantity': 2, 'unit': 'tbsp chopped'}, {'name': 'crispy noodles', 'calories': 58.6, 'carbs': 5.8, 'protein': 1.2, 'fat': 3.6, 'quantity': 0.25, 'unit': 'cup'}, {'name': 'dressing', 'calories': 77.4, 'carbs': 1.1, 'protein': 0.2, 'fat': 8.0, 'quantity': 1.2, 'unit': 'tablespoons'}]""","""[\""chicken\"", \""cabbage\"", \""carrots\"", \""red cabbage\"", \""green onions\"", \""crispy noodles\"", \""dressing\""]""",7,284.2,13.9,15.5,18.8
fsb_00009,fsb_00009.jpg,Asian Meal with Fried Chicken and Rice,"""[{'name': 'fried chicken', 'calories': 376.6, 'carbs': 4.4, 'protein': 40.0, 'fat': 20.9, 'quantity': 1, 'unit': 'piece'}, {'name': 'white rice', 'calories': 205.4, 'carbs': 44.5, 'protein': 4.3, 'fat': 0.4, 'quantity': 1, 'unit': 'cup'}, {'name': 'eggplant', 'calories': 34.6, 'carbs': 8.6, 'protein': 0.8, 'fat': 0.2, 'quantity': 1, 'unit': 'cup (1\"" cubes)'}, {'name': 'soy sauce', 'calories': 8.5, 'carbs': 0.8, 'protein': 1.3, 'fat': 0.1, 'quantity': 1, 'unit': 'tbsp'}, {'name': 'greens', 'calories': 31.4, 'carbs': 5.4, 'protein': 2.6, 'fat': 0.7, 'quantity': 0.5, 'unit': 'cup'}, {'name': 'sparkling water', 'calories': 0.0, 'carbs': 0.0, 'protein': 0.0, 'fat': 0.0, 'quantity': 1, 'unit': 'cup'}]""","""[\""fried chicken\"", \""white rice\"", \""eggplant\"", \""soy sauce\"", \""greens\"", \""sparkling water\""]""",6,656.5,63.7,49.0,22.3
fsb_00010,fsb_00010.jpg,Asian Plate with Spring Roll,"""[{'name': 'white rice', 'calories': 123.2, 'carbs': 26.7, 'protein': 2.6, 'fat': 0.3, 'quantity': 0.6, 'unit': 'cup'}, {'name': 'spring roll', 'calories': 103.8, 'carbs': 13.5, 'protein': 2.6, 'fat': 4.4, 'quantity': 0.7, 'unit': 'roll'}, {'name': 'chicken', 'calories': 59.4, 'carbs': 0.0, 'protein': 6.5, 'fat': 3.5, 'quantity': 0.2, 'unit': 'cup'}, {'name': 'stir fried vegetables', 'calories': 34.1, 'carbs': 3.1, 'protein': 1.2, 'fat': 2.2, 'quantity': 0.2, 'unit': 'cup'}, {'name': 'mango', 'calories': 29.7, 'carbs': 7.4, 'protein': 0.4, 'fat': 0.2, 'quantity': 0.3, 'unit': 'cup pieces'}]""","""[\""white rice\"", \""spring roll\"", \""chicken\"", \""stir fried vegetables\"", \""mango\""]""",5,350.2,50.7,13.3,10.6
fsb_00011,fsb_00011.jpg,Assorted Sandwiches,"""[{'name': 'white bread', 'calories': 478.8, 'carbs': 89.0, 'protein': 15.9, 'fat': 6.0, 'quantity': 6, 'unit': 'slice, large'}, {'name': 'lettuce', 'calories': 4.8, 'carbs': 0.9, 'protein': 0.3, 'fat': 0.1, 'quantity': 0.6, 'unit': 'cups shredded'}, {'name': 'tomato', 'calories': 10.8, 'carbs': 2.3, 'protein': 0.5, 'fat': 0.1, 'quantity': 3, 'unit': 'slice, medium (1/4\"" thick)'}, {'name': 'cheese', 'calories': 206.0, 'carbs': 1.6, 'protein': 11.7, 'fat': 17.0, 'quantity': 3, 'unit': 'cubic inch'}, {'name': 'ham', 'calories': 87.6, 'carbs': 0.7, 'protein': 14.0, 'fat': 3.2, 'quantity': 3, 'unit': 'thin slice'}, {'name': 'mayonnaise', 'calories': 187.7, 'carbs': 0.2, 'protein': 0.3, 'fat': 20.7, 'quantity': 2, 'unit': 'tbsp'}]""","""[\""white bread\"", \""lettuce\"", \""tomato\"", \""cheese\"", \""ham\"", \""mayonnaise\""]""",6,975.7,94.7,42.7,47.1
fsb_00012,fsb_00012.jpg,Assorted Sushi Platter,"""[{'name': 'salmon nigiri', 'calories': 179.6, 'carbs': 12.8, 'protein': 12.7, 'fat': 8.1, 'quantity': 2, 'unit': 'pieces'}, {'name': 'tuna nigiri', 'calories': 235.0, 'carbs': 24.3, 'protein': 30.1, 'fat': 0.7, 'quantity': 4, 'unit': 'piece'}, {'name': 'salmon roe', 'calories': 40.5, 'carbs': 0.4, 'protein': 6.3, 'fat': 1.8, 'quantity': 1, 'unit': 'oz'}, {'name': 'spicy salmon roll', 'calories': 329.3, 'carbs': 19.8, 'protein': 17.1, 'fat': 19.7, 'quantity': 1, 'unit': 'roll (6 pieces)'}]""","""[\""salmon nigiri\"", \""tuna nigiri\"", \""salmon roe\"", \""spicy salmon roll\""]""",4,784.4,57.3,66.2,30.3
fsb_00013,fsb_00013.jpg,Avocado and Egg Salad,"""[{'name': 'avocado', 'calories': 120.0, 'carbs': 6.4, 'protein': 1.5, 'fat': 11.0, 'quantity': 0.5, 'unit': 'cup, cubes'}, {'name': 'egg', 'calories': 160.2, 'carbs': 0.8, 'protein': 14.1, 'fat': 10.7, 'quantity': 2, 'unit': 'extra large'}, {'name': 'mayonnaise', 'calories': 93.8, 'carbs': 0.1, 'protein': 0.1, 'fat': 10.3, 'quantity': 1, 'unit': 'tbsp'}]""","""[\""avocado\"", \""egg\"", \""mayonnaise\""]""",3,374.0,7.3,15.7,32.0
fsb_00014,fsb_00014.jpg,Avocado and Toast,"""[{'name': 'avocado', 'calories': 120.0, 'carbs': 6.4, 'protein': 1.5, 'fat': 11.0, 'quantity': 0.5, 'unit': 'cup, cubes'}, {'name': 'bagel', 'calories': 138.6, 'carbs': 27.5, 'protein': 5.5, 'fat': 0.7, 'quantity': 0.5, 'unit': 'medium bagel'}, {'name': 'balsamic vinegar', 'calories': 4.7, 'carbs': 0.9, 'protein': 0.0, 'fat': 0.0, 'quantity': 1, 'unit': 'tsp'}]""","""[\""avocado\"", \""bagel\"", \""balsamic vinegar\""]""",3,263.3,34.8,7.0,11.7
fsb_00015,fsb_00015.jpg,Avocado Toast,"""[{'name': 'white bread', 'calories': 66.5, 'carbs': 12.4, 'protein': 2.2, 'fat': 0.8, 'quantity': 1, 'unit': 'slice'}, {'name': 'avocado', 'calories': 120.0, 'carbs': 6.4, 'protein': 1.5, 'fat': 11.0, 'quantity': 0.5, 'unit': 'cup, cubes'}, {'name': 'mayonnaise', 'calories': 93.8, 'carbs': 0.1, 'protein': 0.1, 'fat': 10.3, 'quantity': 1, 'unit': 'tbsp'}]""","""[\""white bread\"", \""avocado\"", \""mayonnaise\""]""",3,280.3,18.9,3.8,22.1
fsb_00016,fsb_00016.jpg,Avocado Bacon Salad,"""[{'name': 'lettuce', 'calories': 4.8, 'carbs': 0.9, 'protein': 0.3, 'fat': 0.1, 'quantity': 1, 'unit': 'wt. oz'}, {'name': 'avocado', 'calories': 48.0, 'carbs': 2.6, 'protein': 0.6, 'fat': 4.4, 'quantity': 0.2, 'unit': 'cup, cubes'}, {'name': 'bacon', 'calories': 43.1, 'carbs': 0.2, 'protein': 3.1, 'fat': 3.2, 'quantity': 0.8, 'unit': 'slice'}, {'name': 'salad dressing', 'calories': 116.1, 'carbs': 1.6, 'protein': 0.4, 'fat': 12.0, 'quantity': 1.8, 'unit': 'tablespoons'}]""","""[\""lettuce\"", \""avocado\"", \""bacon\"", \""salad dressing\""]""",4,212.0,5.3,4.4,19.7
fsb_00017,fsb_00017.jpg,Avocado Omelette,"""[{'name': 'eggs', 'calories': 143.0, 'carbs': 0.7, 'protein': 12.6, 'fat': 9.5, 'quantity': 2, 'unit': 'large'}, {'name': 'avocado', 'calories': 120.0, 'carbs': 6.4, 'protein': 1.5, 'fat': 11.0, 'quantity': 0.5, 'unit': 'cup, cubes'}, {'name': 'tomato', 'calories': 6.5, 'carbs': 1.4, 'protein': 0.3, 'fat': 0.1, 'quantity': 0.2, 'unit': 'cup, chopped or sliced'}, {'name': 'cheese', 'calories': 91.3, 'carbs': 0.7, 'protein': 5.2, 'fat': 7.5, 'quantity': 0.2, 'unit': 'cup, shredded'}]""","""[\""eggs\"", \""avocado\"", \""tomato\"", \""cheese\""]""",4,360.8,9.2,19.6,28.1
fsb_00018,fsb_00018.jpg,Avocado Shrimp Salad,"""[{'name': 'avocado', 'calories': 120.0, 'carbs': 6.4, 'protein': 1.5, 'fat': 11.0, 'quantity': 0.5, 'unit': 'cup, cubes'}, {'name': 'shrimp', 'calories': 28.6, 'carbs': 0.4, 'protein': 5.5, 'fat': 0.4, 'quantity': 4, 'unit': 'large'}, {'name': 'lettuce', 'calories': 4.8, 'carbs': 0.9, 'protein': 0.3, 'fat': 0.1, 'quantity': 0.6, 'unit': 'cups shredded'}, {'name': 'cucumber', 'calories': 3.9, 'carbs': 0.9, 'protein': 0.2, 'fat': 0.0, 'quantity': 0.25, 'unit': 'cup slices'}, {'name': 'cherry tomato', 'calories': 6.1, 'carbs': 1.3, 'protein': 0.3, 'fat': 0.1, 'quantity': 2, 'unit': 'cherry'}, {'name': 'mint', 'calories': 39.4, 'carbs': 9.8, 'protein': 0.0, 'fat': 0.0, 'quantity': 10, 'unit': 'g'}, {'name': 'dressing', 'calories': 64.5, 'carbs': 0.9, 'protein': 0.2, 'fat': 6.7, 'quantity': 1, 'unit': 'tablespoons'}]""","""[\""avocado\"", \""shrimp\"", \""lettuce\"", \""cucumber\"", \""cherry tomato\"", \""mint\"", \""dressing\""]""",7,267.3,20.6,8.0,18.3
fsb_00019,fsb_00019.jpg,Avocado Spring Rolls with Peanut Sauce,"""[{'name': 'avocado', 'calories': 120.0, 'carbs': 6.4, 'protein': 1.5, 'fat': 11.0, 'quantity': 0.5, 'unit': 'cup, cubes'}, {'name': 'rice paper', 'calories': 46.8, 'carbs': 10.3, 'protein': 0.8, 'fat': 0.2, 'quantity': 1, 'unit': 'medium paper'}, {'name': 'chicken', 'calories': 93.5, 'carbs': 0.0, 'protein': 10.2, 'fat': 5.6, 'quantity': 1.5, 'unit': 'oz'}, {'name': 'vermicelli noodles', 'calories': 44.2, 'carbs': 8.6, 'protein': 1.6, 'fat': 0.3, 'quantity': 0.2, 'unit': 'cup'}, {'name': 'lettuce', 'calories': 4.8, 'carbs': 0.9, 'protein': 0.3, 'fat': 0.1, 'quantity': 0.6, 'unit': 'cups shredded'}, {'name': 'cucumber', 'calories': 3.9, 'carbs': 0.9, 'protein': 0.2, 'fat': 0.0, 'quantity': 0.25, 'unit': 'cup slices'}, {'name': 'carrot', 'calories': 10.9, 'carbs': 2.6, 'protein': 0.2, 'fat': 0.1, 'quantity': 0.2, 'unit': 'cup'}, {'name': 'peanut sauce', 'calories': 185.0, 'carbs': 15.9, 'protein': 4.5, 'fat': 11.5, 'quantity': 4, 'unit': 'tbsp'}]""","""[\""avocado\"", \""rice paper\"", \""chicken\"", \""vermicelli noodles\"", \""lettuce\"", \""cucumber\"", \""carrot\"", \""peanut sauce\""]""",8,509.1,45.6,19.3,28.8
fsb_00020,fsb_00020.jpg,Avocado Toast with Basil,"""[{'name': 'avocado', 'calories': 120.0, 'carbs': 6.4, 'protein': 1.5, 'fat': 11.0, 'quantity': 0.5, 'unit': 'cup, cubes'}, {'name': 'bread', 'calories': 77.1, 'carbs': 14.3, 'protein': 2.6, 'fat': 1.0, 'quantity': 1, 'unit': 'slice'}, {'name': 'olive oil', 'calories': 19.9, 'carbs': 0.0, 'protein': 0.0, 'fat': 2.2, 'quantity': 0.5, 'unit': 'tsp'}, {'name': 'basil', 'calories': 1.2, 'carbs': 0.1, 'protein': 0.2, 'fat': 0.0, 'quantity': 10, 'unit': 'leaves'}]""","""[\""avocado\"", \""bread\"", \""olive oil\"", \""basil\""]""",4,218.2,20.8,4.3,14.2
fsb_00021,fsb_00021.jpg,Avocado Toast with Boiled Egg and Yogurt with Blueberries,"""[{'name': 'whole grain bread', 'calories': 72.6, 'carbs': 12.3, 'protein': 3.6, 'fat': 1.0, 'quantity': 0.9, 'unit': 'slice'}, {'name': 'avocado', 'calories': 120.0, 'carbs': 6.4, 'protein': 1.5, 'fat': 11.0, 'quantity': 0.5, 'unit': 'cup, cubes'}, {'name': 'boiled egg', 'calories': 68.2, 'carbs': 0.5, 'protein': 5.5, 'fat': 4.7, 'quantity': 1, 'unit': 'medium'}, {'name': 'cucumber', 'calories': 3.9, 'carbs': 0.9, 'protein': 0.2, 'fat': 0.0, 'quantity': 0.25, 'unit': 'cup slices'}, {'name': 'greek yogurt', 'calories': 53.5, 'carbs': 3.3, 'protein': 9.2, 'fat': 0.4, 'quantity': 0.4, 'unit': 'cup'}, {'name': 'blueberries', 'calories': 21.1, 'carbs': 5.4, 'protein': 0.3, 'fat': 0.1, 'quantity': 0.25, 'unit': 'cup'}, {'name': 'walnuts', 'calories': 55.6, 'carbs': 1.2, 'protein': 1.3, 'fat': 5.5, 'quantity': 0.3, 'unit': 'oz (14 halves)'}]""","""[\""whole grain bread\"", \""avocado\"", \""boiled egg\"", \""cucumber\"", \""greek yogurt\"", \""blueberries\"", \""walnuts\""]""",7,394.9,30.0,21.6,22.7
fsb_00022,fsb_00022.jpg,Avocado Toast with Coffee and Banana,"""[{'name': 'bread', 'calories': 77.1, 'carbs': 14.3, 'protein': 2.6, 'fat': 1.0, 'quantity': 1, 'unit': 'slice'}, {'name': 'avocado', 'calories': 120.0, 'carbs': 6.4, 'protein': 1.5, 'fat': 11.0, 'quantity': 0.5, 'unit': 'cup, cubes'}, {'name': 'radish', 'calories': 2.2, 'carbs': 0.5, 'protein': 0.1, 'fat': 0.0, 'quantity': 3, 'unit': 'medium (3/4\"" to 1\"" dia)'}, {'name': 'cilantro', 'calories': 0.9, 'carbs': 0.1, 'protein': 0.1, 'fat': 0.0, 'quantity': 4, 'unit': 'tbsp'}, {'name': 'banana', 'calories': 52.5, 'carbs': 13.5, 'protein': 0.6, 'fat': 0.2, 'quantity': 0.5, 'unit': 'medium (7\"" to 7-7/8\"" long)'}, {'name': 'coffee with milk', 'calories': 29.7, 'carbs': 2.7, 'protein': 2.1, 'fat': 1.1, 'quantity': 0.9, 'unit': 'cup'}]""","""[\""bread\"", \""avocado\"", \""radish\"", \""cilantro\"", \""banana\"", \""coffee with milk\""]""",6,282.4,37.5,7.0,13.3
fsb_00023,fsb_00023.jpg,Avocado Toast with Coffee,"""[{'name': 'avocado', 'calories': 120.0, 'carbs': 6.4, 'protein': 1.5, 'fat': 11.0, 'quantity': 0.5, 'unit': 'cup, cubes'}, {'name': 'toast', 'calories': 63.8, 'carbs': 12.0, 'protein': 2.0, 'fat': 0.9, 'quantity': 1, 'unit': 'slice'}, {'name': 'coffee with milk', 'calories': 29.7, 'carbs': 2.7, 'protein': 2.1, 'fat': 1.1, 'quantity': 0.9, 'unit': 'cup'}]""","""[\""avocado\"", \""toast\"", \""coffee with milk\""]""",3,213.5,21.1,5.6,13.0
fsb_00024,fsb_00024.jpg,Avocado Toast with Coffee,"""[{'name': 'bread', 'calories': 77.1, 'carbs': 14.3, 'protein': 2.6, 'fat': 1.0, 'quantity': 1, 'unit': 'slice'}, {'name': 'avocado', 'calories': 120.0, 'carbs': 6.4, 'protein': 1.5, 'fat': 11.0, 'quantity': 0.5, 'unit': 'cup, cubes'}, {'name': 'cherry tomatoes', 'calories': 12.2, 'carbs': 2.6, 'protein': 0.6, 'fat': 0.1, 'quantity': 4, 'unit': 'cherry'}, {'name': 'cucumber', 'calories': 4.2, 'carbs': 1.0, 'protein': 0.2, 'fat': 0.0, 'quantity': 4, 'unit': 'slice'}, {'name': 'cilantro', 'calories': 0.9, 'carbs': 0.1, 'protein': 0.1, 'fat': 0.0, 'quantity': 4, 'unit': 'tbsp'}, {'name': 'coffee', 'calories': 1.9, 'carbs': 0.0, 'protein': 0.2, 'fat': 0.0, 'quantity': 0.8, 'unit': 'cup'}, {'name': 'milk', 'calories': 7.6, 'carbs': 0.7, 'protein': 0.5, 'fat': 0.3, 'quantity': 1, 'unit': 'tbsp'}]""","""[\""bread\"", \""avocado\"", \""cherry tomatoes\"", \""cucumber\"", \""cilantro\"", \""coffee\"", \""milk\""]""",7,223.9,25.1,5.7,12.4
fsb_00025,fsb_00025.jpg,Avocado Toast with Coffee,"""[{'name': 'whole grain bread', 'calories': 161.3, 'carbs': 27.3, 'protein': 8.0, 'fat': 2.2, 'quantity': 2, 'unit': 'slice'}, {'name': 'avocado', 'calories': 120.0, 'carbs': 6.4, 'protein': 1.5, 'fat': 11.0, 'quantity': 0.5, 'unit': 'cup, cubes'}, {'name': 'coffee with milk', 'calories': 29.7, 'carbs': 2.7, 'protein': 2.1, 'fat': 1.1, 'quantity': 0.9, 'unit': 'cup'}]""","""[\""whole grain bread\"", \""avocado\"", \""coffee with milk\""]""",3,311.0,36.4,11.6,14.3
fsb_00026,fsb_00026.jpg,Avocado Toast with Egg and Cherries,"""[{'name': 'whole grain bread', 'calories': 72.6, 'carbs': 12.3, 'protein': 3.6, 'fat': 1.0, 'quantity': 0.9, 'unit': 'slice'}, {'name': 'avocado', 'calories': 120.0, 'carbs': 6.4, 'protein': 1.5, 'fat': 11.0, 'quantity': 0.5, 'unit': 'cup, cubes'}, {'name': 'egg', 'calories': 80.1, 'carbs': 0.4, 'protein': 7.0, 'fat': 5.3, 'quantity': 1, 'unit': 'extra large'}, {'name': 'cucumber', 'calories': 3.9, 'carbs': 0.9, 'protein': 0.2, 'fat': 0.0, 'quantity': 0.25, 'unit': 'cup slices'}, {'name': 'cherries', 'calories': 36.2, 'carbs': 9.2, 'protein': 0.6, 'fat': 0.1, 'quantity': 7, 'unit': 'cherry'}]""","""[\""whole grain bread\"", \""avocado\"", \""egg\"", \""cucumber\"", \""cherries\""]""",5,312.8,29.2,12.9,17.4
fsb_00027,fsb_00027.jpg,Avocado Toast with Egg and Coffee,"""[{'name': 'whole wheat bread', 'calories': 72.6, 'carbs': 12.3, 'protein': 3.6, 'fat': 1.0, 'quantity': 0.9, 'unit': 'slice'}, {'name': 'egg', 'calories': 71.5, 'carbs': 0.4, 'protein': 6.3, 'fat': 4.8, 'quantity': 1, 'unit': 'large'}, {'name': 'avocado', 'calories': 120.0, 'carbs': 6.4, 'protein': 1.5, 'fat': 11.0, 'quantity': 0.5, 'unit': 'cup, cubes'}, {'name': 'beetroot', 'calories': 11.2, 'carbs': 2.5, 'protein': 0.4, 'fat': 0.0, 'quantity': 0.15, 'unit': 'cup slices'}, {'name': 'olive oil', 'calories': 19.9, 'carbs': 0.0, 'protein': 0.0, 'fat': 2.2, 'quantity': 0.5, 'unit': 'tsp'}, {'name': 'coffee with milk', 'calories': 29.7, 'carbs': 2.7, 'protein': 2.1, 'fat': 1.1, 'quantity': 0.9, 'unit': 'cup'}]""","""[\""whole wheat bread\"", \""egg\"", \""avocado\"", \""beetroot\"", \""olive oil\"", \""coffee with milk\""]""",6,324.9,24.3,13.9,20.1
fsb_00028,fsb_00028.jpg,Avocado Toast with Eggs and Fruit,"""[{'name': 'whole grain bread', 'calories': 161.3, 'carbs': 27.3, 'protein': 8.0, 'fat': 2.2, 'quantity': 2, 'unit': 'slice'}, {'name': 'avocado', 'calories': 120.0, 'carbs': 6.4, 'protein': 1.5, 'fat': 11.0, 'quantity': 0.5, 'unit': 'cup, cubes'}, {'name': 'egg', 'calories': 240.2, 'carbs': 1.2, 'protein': 21.1, 'fat': 16.0, 'quantity': 3, 'unit': 'extra large'}, {'name': 'banana', 'calories': 52.5, 'carbs': 13.5, 'protein': 0.6, 'fat': 0.2, 'quantity': 0.5, 'unit': 'medium (7\"" to 7-7/8\"" long)'}, {'name': 'blueberries', 'calories': 21.1, 'carbs': 5.4, 'protein': 0.3, 'fat': 0.1, 'quantity': 0.25, 'unit': 'cup'}]""","""[\""whole grain bread\"", \""avocado\"", \""egg\"", \""banana\"", \""blueberries\""]""",5,595.1,53.8,31.5,29.5
fsb_00029,fsb_00029.jpg,Avocado Toast with Fried Egg and Arugula Salad,"""[{'name': 'avocado', 'calories': 48.0, 'carbs': 2.6, 'protein': 0.6, 'fat': 4.4, 'quantity': 0.2, 'unit': 'cup, cubes'}, {'name': 'bread', 'calories': 77.1, 'carbs': 14.3, 'protein': 2.6, 'fat': 1.0, 'quantity': 1, 'unit': 'slice'}, {'name': 'egg', 'calories': 71.5, 'carbs': 0.4, 'protein': 6.3, 'fat': 4.8, 'quantity': 1, 'unit': 'large'}, {'name': 'arugula', 'calories': 5.0, 'carbs': 0.7, 'protein': 0.5, 'fat': 0.1, 'quantity': 1, 'unit': 'cup'}, {'name': 'cherry tomatoes', 'calories': 9.2, 'carbs': 2.0, 'protein': 0.4, 'fat': 0.1, 'quantity': 3, 'unit': 'cherry'}, {'name': 'olive oil', 'calories': 39.8, 'carbs': 0.0, 'protein': 0.0, 'fat': 4.5, 'quantity': 1, 'unit': 'tsp'}]""","""[\""avocado\"", \""bread\"", \""egg\"", \""arugula\"", \""cherry tomatoes\"", \""olive oil\""]""",6,250.6,20.0,10.4,14.9
fsb_00030,fsb_00030.jpg,Avocado Toast With Egg,"""[{'name': 'avocado', 'calories': 120.0, 'carbs': 6.4, 'protein': 1.5, 'fat': 11.0, 'quantity': 0.5, 'unit': 'cup, cubes'}, {'name': 'egg', 'calories': 71.5, 'carbs': 0.4, 'protein': 6.3, 'fat': 4.8, 'quantity': 1, 'unit': 'large'}, {'name': 'olive oil', 'calories': 59.7, 'carbs': 0.0, 'protein': 0.0, 'fat': 6.8, 'quantity': 0.5, 'unit': 'tablespoon'}, {'name': 'pumpernickel', 'calories': 80.0, 'carbs': 15.2, 'protein': 2.8, 'fat': 1.0, 'quantity': 1, 'unit': 'slice (5\"" x 4\"" x 3/8\"")'}]""","""[\""avocado\"", \""egg\"", \""olive oil\"", \""pumpernickel\""]""",4,331.2,22.0,10.6,23.6
fsb_00031,fsb_00031.jpg,Avocado Toast with Hummus and Orange,"""[{'name': 'avocado', 'calories': 120.0, 'carbs': 6.4, 'protein': 1.5, 'fat': 11.0, 'quantity': 0.5, 'unit': 'cup, cubes'}, {'name': 'bread', 'calories': 159.6, 'carbs': 29.7, 'protein': 5.3, 'fat': 2.0, 'quantity': 2, 'unit': 'slice, large'}, {'name': 'hummus', 'calories': 49.8, 'carbs': 4.3, 'protein': 2.4, 'fat': 2.9, 'quantity': 2, 'unit': 'tbsp'}, {'name': 'orange', 'calories': 13.7, 'carbs': 3.5, 'protein': 0.3, 'fat': 0.0, 'quantity': 0.2, 'unit': 'fruit (2-7/8\"" dia)'}]""","""[\""avocado\"", \""bread\"", \""hummus\"", \""orange\""]""",4,343.1,43.9,9.5,15.9
fsb_00032,fsb_00032.jpg,Avocado Toast with Orange and Coffee,"""[{'name': 'bread', 'calories': 77.1, 'carbs': 14.3, 'protein': 2.6, 'fat': 1.0, 'quantity': 1, 'unit': 'slice'}, {'name': 'avocado', 'calories': 120.0, 'carbs': 6.4, 'protein': 1.5, 'fat': 11.0, 'quantity': 0.5, 'unit': 'cup, cubes'}, {'name': 'cherry tomatoes', 'calories': 9.2, 'carbs': 2.0, 'protein': 0.4, 'fat': 0.1, 'quantity': 3, 'unit': 'cherry'}, {'name': 'cilantro', 'calories': 0.9, 'carbs': 0.1, 'protein': 0.1, 'fat': 0.0, 'quantity': 0.25, 'unit': 'cup'}, {'name': 'orange', 'calories': 34.3, 'carbs': 8.8, 'protein': 0.6, 'fat': 0.1, 'quantity': 0.5, 'unit': 'fruit (2-7/8\"" dia)'}, {'name': 'coffee with milk', 'calories': 29.7, 'carbs': 2.7, 'protein': 2.1, 'fat': 1.1, 'quantity': 0.9, 'unit': 'cup'}]""","""[\""bread\"", \""avocado\"", \""cherry tomatoes\"", \""cilantro\"", \""orange\"", \""coffee with milk\""]""",6,271.2,34.3,7.3,13.3
fsb_00033,fsb_00033.jpg,Avocado Toast with Poached Egg and Cherries,"""[{'name': 'whole grain bread', 'calories': 72.6, 'carbs': 12.3, 'protein': 3.6, 'fat': 1.0, 'quantity': 0.9, 'unit': 'slice'}, {'name': 'avocado', 'calories': 48.0, 'carbs': 2.6, 'protein': 0.6, 'fat': 4.4, 'quantity': 0.2, 'unit': 'cup, cubes'}, {'name': 'egg', 'calories': 71.5, 'carbs': 0.4, 'protein': 6.3, 'fat': 4.8, 'quantity': 1, 'unit': 'large'}, {'name': 'cherries', 'calories': 25.8, 'carbs': 6.6, 'protein': 0.4, 'fat': 0.1, 'quantity': 5, 'unit': 'cherry'}, {'name': 'coffee', 'calories': 1.9, 'carbs': 0.0, 'protein': 0.2, 'fat': 0.0, 'quantity': 0.8, 'unit': 'cup'}, {'name': 'milk', 'calories': 36.6, 'carbs': 3.5, 'protein': 2.4, 'fat': 1.4, 'quantity': 0.3, 'unit': 'cup'}]""","""[\""whole grain bread\"", \""avocado\"", \""egg\"", \""cherries\"", \""coffee\"", \""milk\""]""",6,256.4,25.4,13.5,11.7
fsb_00034,fsb_00034.jpg,Avocado Toast with Poached Eggs,"""[{'name': 'bread', 'calories': 77.1, 'carbs': 14.3, 'protein': 2.6, 'fat': 1.0, 'quantity': 1, 'unit': 'slice'}, {'name': 'avocado', 'calories': 120.0, 'carbs': 6.4, 'protein': 1.5, 'fat': 11.0, 'quantity': 0.5, 'unit': 'cup, cubes'}, {'name': 'poached egg', 'calories': 143.0, 'carbs': 0.7, 'protein': 12.5, 'fat': 9.5, 'quantity': 2, 'unit': 'large'}, {'name': 'feta cheese', 'calories': 118.8, 'carbs': 1.8, 'protein': 6.4, 'fat': 9.6, 'quantity': 0.3, 'unit': 'cup, crumbled'}, {'name': 'broccoli microgreens', 'calories': 2.3, 'carbs': 0.2, 'protein': 0.4, 'fat': 0.1, 'quantity': 0.3, 'unit': 'cup'}, {'name': 'tomato', 'calories': 6.5, 'carbs': 1.4, 'protein': 0.3, 'fat': 0.1, 'quantity': 0.2, 'unit': 'cup, chopped or sliced'}, {'name': 'olive oil', 'calories': 39.8, 'carbs': 0.0, 'protein': 0.0, 'fat': 4.5, 'quantity': 1, 'unit': 'tsp'}, {'name': 'seasoning', 'calories': 4.9, 'carbs': 1.1, 'protein': 0.2, 'fat': 0.2, 'quantity': 2, 'unit': 'tsp'}]""","""[\""bread\"", \""avocado\"", \""poached egg\"", \""feta cheese\"", \""broccoli microgreens\"", \""tomato\"", \""olive oil\"", \""seasoning\""]""",8,512.4,25.9,23.9,36.0
fsb_00035,fsb_00035.jpg,Avocado Toast with Poached Eggs,"""[{'name': 'whole grain bread', 'calories': 161.3, 'carbs': 27.3, 'protein': 8.0, 'fat': 2.2, 'quantity': 2, 'unit': 'slice'}, {'name': 'avocado', 'calories': 240.0, 'carbs': 12.8, 'protein': 3.0, 'fat': 22.0, 'quantity': 1, 'unit': 'cup, cubes'}, {'name': 'poached egg', 'calories': 143.0, 'carbs': 0.7, 'protein': 12.5, 'fat': 9.5, 'quantity': 2, 'unit': 'large'}, {'name': 'cherry tomato', 'calories': 5.1, 'carbs': 1.1, 'protein': 0.2, 'fat': 0.1, 'quantity': 1, 'unit': 'wt. oz'}]""","""[\""whole grain bread\"", \""avocado\"", \""poached egg\"", \""cherry tomato\""]""",4,549.4,41.9,23.7,33.8
fsb_00036,fsb_00036.jpg,Avocado Toast with Radishes,"""[{'name': 'whole wheat bread', 'calories': 80.6, 'carbs': 13.7, 'protein': 4.0, 'fat': 1.1, 'quantity': 1, 'unit': 'slice'}, {'name': 'avocado', 'calories': 120.0, 'carbs': 6.4, 'protein': 1.5, 'fat': 11.0, 'quantity': 0.5, 'unit': 'cup, cubes'}, {'name': 'radishes', 'calories': 2.9, 'carbs': 0.6, 'protein': 0.1, 'fat': 0.0, 'quantity': 4, 'unit': 'medium (3/4\"" to 1\"" dia)'}]""","""[\""whole wheat bread\"", \""avocado\"", \""radishes\""]""",3,203.5,20.7,5.6,12.1
fsb_00037,fsb_00037.jpg,Avocado Toast with Scrambled Eggs,"""[{'name': 'avocado', 'calories': 120.0, 'carbs': 6.4, 'protein': 1.5, 'fat': 11.0, 'quantity': 0.5, 'unit': 'cup, cubes'}, {'name': 'whole grain bread', 'calories': 72.6, 'carbs': 12.3, 'protein': 3.6, 'fat': 1.0, 'quantity': 0.9, 'unit': 'slice'}, {'name': 'scrambled eggs', 'calories': 181.8, 'carbs': 2.0, 'protein': 12.2, 'fat': 13.4, 'quantity': 2, 'unit': 'large'}, {'name': 'butter', 'calories': 33.9, 'carbs': 0.0, 'protein': 0.0, 'fat': 3.8, 'quantity': 1, 'unit': 'tsp'}]""","""[\""avocado\"", \""whole grain bread\"", \""scrambled eggs\"", \""butter\""]""",4,408.3,20.7,17.3,29.2
fsb_00038,fsb_00038.jpg,Avocado Toast with Scrambled Eggs,"""[{'name': 'whole grain bread', 'calories': 161.3, 'carbs': 27.3, 'protein': 8.0, 'fat': 2.2, 'quantity': 2, 'unit': 'slice'}, {'name': 'avocado', 'calories': 120.0, 'carbs': 6.4, 'protein': 1.5, 'fat': 11.0, 'quantity': 0.5, 'unit': 'cup, cubes'}, {'name': 'cream cheese', 'calories': 101.5, 'carbs': 1.6, 'protein': 1.8, 'fat': 10.0, 'quantity': 2, 'unit': 'tbsp'}, {'name': 'scrambled eggs', 'calories': 137.1, 'carbs': 1.5, 'protein': 9.2, 'fat': 10.1, 'quantity': 2, 'unit': 'small'}]""","""[\""whole grain bread\"", \""avocado\"", \""cream cheese\"", \""scrambled eggs\""]""",4,519.9,36.8,20.5,33.3
fsb_00039,fsb_00039.jpg,Avocado Toast with Smoked Salmon and Egg,"""[{'name': 'bread', 'calories': 77.1, 'carbs': 14.3, 'protein': 2.6, 'fat': 1.0, 'quantity': 1, 'unit': 'slice'}, {'name': 'avocado', 'calories': 120.0, 'carbs': 6.4, 'protein': 1.5, 'fat': 11.0, 'quantity': 0.5, 'unit': 'cup, cubes'}, {'name': 'smoked salmon', 'calories': 69.6, 'carbs': 0.0, 'protein': 10.9, 'fat': 2.6, 'quantity': 2.0999999999999996, 'unit': 'oz'}, {'name': 'boiled egg', 'calories': 77.5, 'carbs': 0.6, 'protein': 6.3, 'fat': 5.3, 'quantity': 1, 'unit': 'large'}, {'name': 'pistachios', 'calories': 43.8, 'carbs': 2.1, 'protein': 1.6, 'fat': 3.5, 'quantity': 1, 'unit': 'tbsp'}, {'name': 'mixed greens', 'calories': 6.0, 'carbs': 1.3, 'protein': 0.4, 'fat': 0.1, 'quantity': 0.3, 'unit': 'serving'}, {'name': 'cherry tomato', 'calories': 3.1, 'carbs': 0.7, 'protein': 0.1, 'fat': 0.0, 'quantity': 1, 'unit': 'cherry'}]""","""[\""bread\"", \""avocado\"", \""smoked salmon\"", \""boiled egg\"", \""pistachios\"", \""mixed greens\"", \""cherry tomato\""]""",7,397.1,25.4,23.4,23.5
fsb_00040,fsb_00040.jpg,Avocado Toast with Spinach,"""[{'name': 'whole grain bread', 'calories': 72.6, 'carbs': 12.3, 'protein': 3.6, 'fat': 1.0, 'quantity': 0.9, 'unit': 'slice'}, {'name': 'avocado', 'calories': 120.0, 'carbs': 6.4, 'protein': 1.5, 'fat': 11.0, 'quantity': 0.5, 'unit': 'cup, cubes'}, {'name': 'spinach', 'calories': 4.1, 'carbs': 0.7, 'protein': 0.5, 'fat': 0.0, 'quantity': 0.1, 'unit': 'cup'}, {'name': 'greek yogurt', 'calories': 40.1, 'carbs': 2.4, 'protein': 6.9, 'fat': 0.3, 'quantity': 0.3, 'unit': 'cup'}, {'name': 'blueberries', 'calories': 21.1, 'carbs': 5.4, 'protein': 0.3, 'fat': 0.1, 'quantity': 0.25, 'unit': 'cup'}]""","""[\""whole grain bread\"", \""avocado\"", \""spinach\"", \""greek yogurt\"", \""blueberries\""]""",5,257.9,27.2,12.8,12.4
fsb_00041,fsb_00041.jpg,Avocado Toast with Vegetables,"""[{'name': 'bread', 'calories': 77.1, 'carbs': 14.3, 'protein': 2.6, 'fat': 1.0, 'quantity': 1, 'unit': 'slice'}, {'name': 'avocado', 'calories': 48.0, 'carbs': 2.6, 'protein': 0.6, 'fat': 4.4, 'quantity': 0.2, 'unit': 'cup, cubes'}, {'name': 'cucumber', 'calories': 3.9, 'carbs': 0.9, 'protein': 0.2, 'fat': 0.0, 'quantity': 0.25, 'unit': 'cup slices'}, {'name': 'radish', 'calories': 3.7, 'carbs': 0.8, 'protein': 0.2, 'fat': 0.0, 'quantity': 0.2, 'unit': 'cup slices'}, {'name': 'beetroot', 'calories': 11.2, 'carbs': 2.5, 'protein': 0.4, 'fat': 0.0, 'quantity': 0.15, 'unit': 'cup slices'}, {'name': 'sesame seeds', 'calories': 15.1, 'carbs': 0.7, 'protein': 0.5, 'fat': 1.3, 'quantity': 1, 'unit': 'tsp'}]""","""[\""bread\"", \""avocado\"", \""cucumber\"", \""radish\"", \""beetroot\"", \""sesame seeds\""]""",6,159.0,21.8,4.5,6.7
fsb_00042,fsb_00042.jpg,Avocado Toast With Smoked Salmon And Egg,"""[{'name': 'avocado', 'calories': 120.0, 'carbs': 6.4, 'protein': 1.5, 'fat': 11.0, 'quantity': 0.5, 'unit': 'cup, cubes'}, {'name': 'hard boiled egg', 'calories': 77.5, 'carbs': 0.6, 'protein': 6.3, 'fat': 5.3, 'quantity': 1, 'unit': 'large'}, {'name': 'smoked salmon', 'calories': 69.6, 'carbs': 0.0, 'protein': 10.9, 'fat': 2.6, 'quantity': 2.0999999999999996, 'unit': 'oz'}]""","""[\""avocado\"", \""hard boiled egg\"", \""smoked salmon\""]""",3,267.1,7.0,18.7,18.9
fsb_00043,fsb_00043.jpg,Baba Ganoush,"""[{'name': 'eggplant', 'calories': 136.1, 'carbs': 33.9, 'protein': 3.2, 'fat': 0.9, 'quantity': 0.9, 'unit': 'small eggplant'}, {'name': 'tahini', 'calories': 177.6, 'carbs': 6.5, 'protein': 5.2, 'fat': 15.9, 'quantity': 2, 'unit': 'tbsp'}, {'name': 'olive oil', 'calories': 119.3, 'carbs': 0.0, 'protein': 0.0, 'fat': 13.5, 'quantity': 1, 'unit': 'tablespoon'}, {'name': 'garlic', 'calories': 4.0, 'carbs': 0.9, 'protein': 0.2, 'fat': 0.0, 'quantity': 0.9, 'unit': 'clove'}, {'name': 'lemon juice', 'calories': 5.1, 'carbs': 1.7, 'protein': 0.1, 'fat': 0.0, 'quantity': 2, 'unit': 'tbsp'}]""","""[\""eggplant\"", \""tahini\"", \""olive oil\"", \""garlic\"", \""lemon juice\""]""",5,442.1,43.0,8.7,30.3
fsb_00044,fsb_00044.jpg,Bacalhau à Brás,"""[{'name': 'salted cod', 'calories': 116.0, 'carbs': 0.0, 'protein': 25.1, 'fat': 0.9, 'quantity': 40, 'unit': 'g'}, {'name': 'potatoes', 'calories': 56.7, 'carbs': 12.9, 'protein': 1.5, 'fat': 0.1, 'quantity': 0.5, 'unit': 'cup'}, {'name': 'onion', 'calories': 18.5, 'carbs': 4.3, 'protein': 0.6, 'fat': 0.1, 'quantity': 0.2, 'unit': 'cup'}, {'name': 'red bell pepper', 'calories': 10.4, 'carbs': 2.5, 'protein': 0.3, 'fat': 0.1, 'quantity': 0.2, 'unit': 'cup'}, {'name': 'olives', 'calories': 25.3, 'carbs': 1.4, 'protein': 0.2, 'fat': 2.3, 'quantity': 5, 'unit': 'large'}, {'name': 'olive oil', 'calories': 119.3, 'carbs': 0.0, 'protein': 0.0, 'fat': 13.5, 'quantity': 1, 'unit': 'tablespoon'}]""","""[\""salted cod\"", \""potatoes\"", \""onion\"", \""red bell pepper\"", \""olives\"", \""olive oil\""]""",6,346.2,21.1,27.7,17.0
fsb_00045,fsb_00045.jpg,Bacon and Cheese Omelette with Bacon,"""[{'name': 'eggs', 'calories': 143.0, 'carbs': 0.7, 'protein': 12.6, 'fat': 9.5, 'quantity': 2, 'unit': 'large'}, {'name': 'cheese', 'calories': 91.3, 'carbs': 0.7, 'protein': 5.2, 'fat': 7.5, 'quantity': 0.2, 'unit': 'cup, shredded'}, {'name': 'bacon', 'calories': 80.7, 'carbs': 0.3, 'protein': 5.9, 'fat': 6.1, 'quantity': 1.5, 'unit': 'slices'}]""","""[\""eggs\"", \""cheese\"", \""bacon\""]""",3,315.0,1.7,23.7,23.1
fsb_00046,fsb_00046.jpg,Bacon And Eggs,"""[{'name': 'fried egg', 'calories': 180.3, 'carbs': 0.8, 'protein': 12.5, 'fat': 13.7, 'quantity': 2, 'unit': 'large'}, {'name': 'bacon', 'calories': 53.8, 'carbs': 0.2, 'protein': 3.9, 'fat': 4.0, 'quantity': 1, 'unit': 'slices'}, {'name': 'english muffin', 'calories': 133.9, 'carbs': 26.2, 'protein': 4.4, 'fat': 1.0, 'quantity': 1, 'unit': 'muffin'}]""","""[\""fried egg\"", \""bacon\"", \""english muffin\""]""",3,368.0,27.2,20.8,18.7
fsb_00047,fsb_00047.jpg,Bacon and Mushroom Sandwich with Fries,"""[{'name': 'bread roll', 'calories': 109.2, 'carbs': 18.4, 'protein': 3.4, 'fat': 2.5, 'quantity': 1, 'unit': 'cup'}, {'name': 'bacon', 'calories': 80.7, 'carbs': 0.3, 'protein': 5.9, 'fat': 6.1, 'quantity': 1.5, 'unit': 'slices'}, {'name': 'mushroom', 'calories': 15.9, 'carbs': 3.0, 'protein': 1.2, 'fat': 0.3, 'quantity': 2, 'unit': 'wt. oz'}, {'name': 'lettuce', 'calories': 1.6, 'carbs': 0.3, 'protein': 0.1, 'fat': 0.0, 'quantity': 0.2, 'unit': 'cups shredded'}, {'name': 'french fries', 'calories': 76.8, 'carbs': 10.2, 'protein': 0.8, 'fat': 3.6, 'quantity': 3, 'unit': 'waffle fries'}]""","""[\""bread roll\"", \""bacon\"", \""mushroom\"", \""lettuce\"", \""french fries\""]""",5,284.2,32.2,11.4,12.5
fsb_00048,fsb_00048.jpg,Breakfast Scramble,"""[{'name': 'bacon', 'calories': 53.8, 'carbs': 0.2, 'protein': 3.9, 'fat': 4.0, 'quantity': 1, 'unit': 'slices'}, {'name': 'eggs', 'calories': 71.5, 'carbs': 0.4, 'protein': 6.3, 'fat': 4.8, 'quantity': 1, 'unit': 'large'}, {'name': 'onion', 'calories': 18.5, 'carbs': 4.3, 'protein': 0.6, 'fat': 0.1, 'quantity': 0.2, 'unit': 'cup'}, {'name': 'bell pepper', 'calories': 11.2, 'carbs': 2.7, 'protein': 0.4, 'fat': 0.1, 'quantity': 0.3, 'unit': 'cup, strips'}, {'name': 'mushrooms', 'calories': 4.4, 'carbs': 0.8, 'protein': 0.3, 'fat': 0.1, 'quantity': 0.1, 'unit': 'cup'}, {'name': 'ketchup', 'calories': 34.3, 'carbs': 9.3, 'protein': 0.4, 'fat': 0.0, 'quantity': 2, 'unit': 'tbsp'}, {'name': 'deli turkey breast', 'calories': 31.8, 'carbs': 2.2, 'protein': 3.8, 'fat': 0.9, 'quantity': 1, 'unit': 'oz'}]""","""[\""bacon\"", \""eggs\"", \""onion\"", \""bell pepper\"", \""mushrooms\"", \""ketchup\"", \""deli turkey breast\""]""",7,225.5,19.9,15.7,10.0
fsb_00049,fsb_00049.jpg,Bacon Egg and Cheese Sandwich,"""[{'name': 'brioche bun', 'calories': 264.7, 'carbs': 30.9, 'protein': 6.4, 'fat': 12.8, 'quantity': 1, 'unit': 'piece'}, {'name': 'bacon', 'calories': 80.7, 'carbs': 0.3, 'protein': 5.9, 'fat': 6.1, 'quantity': 1.5, 'unit': 'slices'}, {'name': 'egg', 'calories': 71.5, 'carbs': 0.4, 'protein': 6.3, 'fat': 4.8, 'quantity': 1, 'unit': 'large'}, {'name': 'cheddar cheese', 'calories': 113.1, 'carbs': 0.9, 'protein': 6.4, 'fat': 9.3, 'quantity': 1, 'unit': 'slice (1 oz)'}, {'name': 'ketchup', 'calories': 18.2, 'carbs': 4.9, 'protein': 0.2, 'fat': 0.0, 'quantity': 2, 'unit': 'packet'}]""","""[\""brioche bun\"", \""bacon\"", \""egg\"", \""cheddar cheese\"", \""ketchup\""]""",5,548.2,37.4,25.2,33.0
fsb_00050,fsb_00050.jpg,Bacon Omelette,"""[{'name': 'eggs', 'calories': 143.0, 'carbs': 0.7, 'protein': 12.6, 'fat': 9.5, 'quantity': 2, 'unit': 'large'}, {'name': 'bacon', 'calories': 80.7, 'carbs': 0.3, 'protein': 5.9, 'fat': 6.1, 'quantity': 1.5, 'unit': 'slices'}, {'name': 'cheese', 'calories': 91.3, 'carbs': 0.7, 'protein': 5.2, 'fat': 7.5, 'quantity': 0.2, 'unit': 'cup, shredded'}]""","""[\""eggs\"", \""bacon\"", \""cheese\""]""",3,315.0,1.7,23.7,23.1
fsb_00051,fsb_00051.jpg,Bacon Sandwich,"""[{'name': 'bacon', 'calories': 129.2, 'carbs': 0.5, 'protein': 9.4, 'fat': 9.7, 'quantity': 2.4000000000000004, 'unit': 'slices'}, {'name': 'white bread', 'calories': 66.5, 'carbs': 12.4, 'protein': 2.2, 'fat': 0.8, 'quantity': 1, 'unit': 'slice'}, {'name': 'mustard', 'calories': 3.1, 'carbs': 0.3, 'protein': 0.2, 'fat': 0.2, 'quantity': 1, 'unit': 'tsp'}]""","""[\""bacon\"", \""white bread\"", \""mustard\""]""",3,198.8,13.2,11.8,10.7
fsb_00052,fsb_00052.jpg,Bagel with Apple and Egg,"""[{'name': 'bagel', 'calories': 235.2, 'carbs': 46.7, 'protein': 9.4, 'fat': 1.2, 'quantity': 0.9, 'unit': 'bagel'}, {'name': 'apple', 'calories': 47.3, 'carbs': 12.6, 'protein': 0.2, 'fat': 0.2, 'quantity': 0.5, 'unit': 'medium (3\"" dia)'}, {'name': 'boiled egg', 'calories': 68.2, 'carbs': 0.5, 'protein': 5.5, 'fat': 4.7, 'quantity': 1, 'unit': 'medium'}]""","""[\""bagel\"", \""apple\"", \""boiled egg\""]""",3,350.7,59.8,15.1,6.1
fsb_00053,fsb_00053.jpg,Bagel with Cream Cheese and Mixed Berries,"""[{'name': 'bagel', 'calories': 235.2, 'carbs': 46.7, 'protein': 9.4, 'fat': 1.2, 'quantity': 0.9, 'unit': 'bagel'}, {'name': 'cream cheese', 'calories': 101.5, 'carbs': 1.6, 'protein': 1.8, 'fat': 10.0, 'quantity': 2, 'unit': 'tbsp'}, {'name': 'raspberries', 'calories': 12.8, 'carbs': 2.9, 'protein': 0.3, 'fat': 0.2, 'quantity': 0.2, 'unit': 'cup'}, {'name': 'blueberries', 'calories': 21.1, 'carbs': 5.4, 'protein': 0.3, 'fat': 0.1, 'quantity': 0.25, 'unit': 'cup'}, {'name': 'blackberries', 'calories': 12.4, 'carbs': 2.8, 'protein': 0.4, 'fat': 0.1, 'quantity': 0.2, 'unit': 'cup'}]""","""[\""bagel\"", \""cream cheese\"", \""raspberries\"", \""blueberries\"", \""blackberries\""]""",5,383.0,59.4,12.2,11.6
fsb_00054,fsb_00054.jpg,Bagel with Cream Cheese and Yogurt with Raisins,"""[{'name': 'bagel', 'calories': 235.2, 'carbs': 46.7, 'protein': 9.4, 'fat': 1.2, 'quantity': 0.9, 'unit': 'bagel'}, {'name': 'cream cheese', 'calories': 101.5, 'carbs': 1.6, 'protein': 1.8, 'fat': 10.0, 'quantity': 2, 'unit': 'tbsp'}, {'name': 'yogurt', 'calories': 154.3, 'carbs': 17.2, 'protein': 12.9, 'fat': 3.8, 'quantity': 1, 'unit': 'cup (8 fl oz)'}, {'name': 'raisins', 'calories': 41.9, 'carbs': 11.1, 'protein': 0.4, 'fat': 0.1, 'quantity': 1, 'unit': 'miniature box (.5 oz)'}]""","""[\""bagel\"", \""cream cheese\"", \""yogurt\"", \""raisins\""]""",4,532.9,76.6,24.5,15.1
fsb_00055,fsb_00055.jpg,"Bagel with Cream Cheese, Apple, and Yogurt","""[{'name': 'bagel', 'calories': 138.6, 'carbs': 27.5, 'protein': 5.5, 'fat': 0.7, 'quantity': 0.5, 'unit': 'medium bagel'}, {'name': 'cream cheese', 'calories': 50.8, 'carbs': 0.8, 'protein': 0.9, 'fat': 5.0, 'quantity': 1, 'unit': 'tbsp'}, {'name': 'apple', 'calories': 94.6, 'carbs': 25.1, 'protein': 0.5, 'fat': 0.3, 'quantity': 1, 'unit': 'medium (3\"" dia)'}, {'name': 'greek yogurt', 'calories': 100.3, 'carbs': 6.1, 'protein': 17.3, 'fat': 0.7, 'quantity': 1, 'unit': 'container'}]""","""[\""bagel\"", \""cream cheese\"", \""apple\"", \""greek yogurt\""]""",4,384.3,59.5,24.2,6.7
fsb_00056,fsb_00056.jpg,"Bagel with Cream Cheese, Plum, and Egg","""[{'name': 'bagel', 'calories': 138.6, 'carbs': 27.5, 'protein': 5.5, 'fat': 0.7, 'quantity': 0.5, 'unit': 'medium bagel'}, {'name': 'cream cheese', 'calories': 50.8, 'carbs': 0.8, 'protein': 0.9, 'fat': 5.0, 'quantity': 1, 'unit': 'tbsp'}, {'name': 'plum', 'calories': 30.4, 'carbs': 7.5, 'protein': 0.5, 'fat': 0.2, 'quantity': 1, 'unit': 'fruit (2-1/8\"" dia)'}, {'name': 'boiled egg', 'calories': 68.2, 'carbs': 0.5, 'protein': 5.5, 'fat': 4.7, 'quantity': 1, 'unit': 'medium'}, {'name': 'flavored water', 'calories': 0.0, 'carbs': 0.0, 'protein': 0.0, 'fat': 0.0, 'quantity': 1, 'unit': 'fl oz'}]""","""[\""bagel\"", \""cream cheese\"", \""plum\"", \""boiled egg\"", \""flavored water\""]""",5,288.0,36.3,12.4,10.6
fsb_00057,fsb_00057.jpg,Bagel with Egg and Ham,"""[{'name': 'bagel', 'calories': 235.2, 'carbs': 46.7, 'protein': 9.4, 'fat': 1.2, 'quantity': 0.9, 'unit': 'bagel'}, {'name': 'egg', 'calories': 71.5, 'carbs': 0.4, 'protein': 6.3, 'fat': 4.8, 'quantity': 1, 'unit': 'large'}, {'name': 'ham', 'calories': 58.4, 'carbs': 0.4, 'protein': 9.3, 'fat': 2.1, 'quantity': 2, 'unit': 'thin slice'}, {'name': 'butter', 'calories': 33.9, 'carbs': 0.0, 'protein': 0.0, 'fat': 3.8, 'quantity': 1, 'unit': 'tsp'}]""","""[\""bagel\"", \""egg\"", \""ham\"", \""butter\""]""",4,399.0,47.5,25.0,11.9
fsb_00058,fsb_00058.jpg,Bagel with Egg and Sausage,"""[{'name': 'bagel', 'calories': 138.6, 'carbs': 27.5, 'protein': 5.5, 'fat': 0.7, 'quantity': 0.5, 'unit': 'medium bagel'}, {'name': 'egg', 'calories': 71.5, 'carbs': 0.4, 'protein': 6.3, 'fat': 4.8, 'quantity': 1, 'unit': 'large'}, {'name': 'sausage', 'calories': 105.1, 'carbs': 0.3, 'protein': 4.1, 'fat': 9.6, 'quantity': 1.2, 'unit': 'oz'}]""","""[\""bagel\"", \""egg\"", \""sausage\""]""",3,315.2,28.2,15.9,15.1
fsb_00059,fsb_00059.jpg,Bagel with Smoked Salmon,"""[{'name': 'bagel', 'calories': 138.6, 'carbs': 27.5, 'protein': 5.5, 'fat': 0.7, 'quantity': 0.5, 'unit': 'medium bagel'}, {'name': 'smoked salmon', 'calories': 29.8, 'carbs': 0.0, 'protein': 4.7, 'fat': 1.1, 'quantity': 0.8999999999999999, 'unit': 'oz'}, {'name': 'cream cheese', 'calories': 50.8, 'carbs': 0.8, 'protein': 0.9, 'fat': 5.0, 'quantity': 1, 'unit': 'tbsp'}]""","""[\""bagel\"", \""smoked salmon\"", \""cream cheese\""]""",3,219.2,28.3,11.1,6.8
fsb_00060,fsb_00060.jpg,Baked Camembert with Grilled Bread and Chutney,"""[{'name': 'camembert cheese', 'calories': 300.0, 'carbs': 0.5, 'protein': 19.8, 'fat': 24.3, 'quantity': 100, 'unit': 'g'}, {'name': 'bread', 'calories': 159.6, 'carbs': 29.7, 'protein': 5.3, 'fat': 2.0, 'quantity': 2, 'unit': 'slice, large'}, {'name': 'chutney', 'calories': 53.8, 'carbs': 4.3, 'protein': 2.2, 'fat': 3.7, 'quantity': 2, 'unit': 'serving'}, {'name': 'steamed vegetables', 'calories': 45.3, 'carbs': 9.7, 'protein': 2.4, 'fat': 0.5, 'quantity': 1, 'unit': 'cup'}]""","""[\""camembert cheese\"", \""bread\"", \""chutney\"", \""steamed vegetables\""]""",4,558.7,44.2,29.7,30.5
fsb_00061,fsb_00061.jpg,Baked Chicken Drumsticks,"""[{'name': 'chicken drumstick', 'calories': 1004.6, 'carbs': 0.0, 'protein': 131.2, 'fat': 49.1, 'quantity': 6, 'unit': 'drumstick with skin'}, {'name': 'olive oil', 'calories': 238.7, 'carbs': 0.0, 'protein': 0.0, 'fat': 27.0, 'quantity': 2, 'unit': 'tbsp'}, {'name': 'garlic', 'calories': 13.4, 'carbs': 3.0, 'protein': 0.6, 'fat': 0.0, 'quantity': 3, 'unit': 'cloves'}]""","""[\""chicken drumstick\"", \""olive oil\"", \""garlic\""]""",3,1256.7,3.0,131.8,76.1
fsb_00062,fsb_00062.jpg,Baked Chicken with Tomatoes and Green Beans,"""[{'name': 'chicken breast', 'calories': 161.7, 'carbs': 0.0, 'protein': 30.4, 'fat': 3.5, 'quantity': 1, 'unit': 'fillet'}, {'name': 'tomatoes', 'calories': 16.2, 'carbs': 3.5, 'protein': 0.8, 'fat': 0.2, 'quantity': 0.5, 'unit': 'cup, chopped or sliced'}, {'name': 'feta cheese', 'calories': 52.4, 'carbs': 0.8, 'protein': 2.8, 'fat': 4.2, 'quantity': 0.7, 'unit': 'oz'}, {'name': 'green beans', 'calories': 21.9, 'carbs': 4.9, 'protein': 1.2, 'fat': 0.2, 'quantity': 0.5, 'unit': 'cup'}]""","""[\""chicken breast\"", \""tomatoes\"", \""feta cheese\"", \""green beans\""]""",4,252.2,9.2,35.2,8.1
fsb_00063,fsb_00063.jpg,Baked Cod with Vegetables,"""[{'name': 'cod', 'calories': 189.0, 'carbs': 0.0, 'protein': 41.1, 'fat': 1.5, 'quantity': 1, 'unit': 'fillet'}, {'name': 'cauliflower', 'calories': 14.3, 'carbs': 2.5, 'protein': 1.1, 'fat': 0.3, 'quantity': 0.5, 'unit': 'cup (1\"" pieces)'}, {'name': 'red onion', 'calories': 18.5, 'carbs': 4.3, 'protein': 0.6, 'fat': 0.1, 'quantity': 0.2, 'unit': 'cup'}, {'name': 'mushrooms', 'calories': 4.4, 'carbs': 0.8, 'protein': 0.3, 'fat': 0.1, 'quantity': 0.1, 'unit': 'cup'}, {'name': 'snap peas', 'calories': 20.2, 'carbs': 3.4, 'protein': 1.6, 'fat': 0.1, 'quantity': 0.3, 'unit': 'cup'}, {'name': 'olive oil', 'calories': 39.8, 'carbs': 0.0, 'protein': 0.0, 'fat': 4.5, 'quantity': 1, 'unit': 'tsp'}]""","""[\""cod\"", \""cauliflower\"", \""red onion\"", \""mushrooms\"", \""snap peas\"", \""olive oil\""]""",6,286.2,11.0,44.7,6.6
fsb_00064,fsb_00064.jpg,Baked Fish in Tomato Sauce,"""[{'name': 'fish', 'calories': 222.7, 'carbs': 0.0, 'protein': 45.5, 'fat': 4.6, 'quantity': 2, 'unit': 'fillet'}, {'name': 'tomato sauce', 'calories': 58.8, 'carbs': 13.0, 'protein': 2.9, 'fat': 0.7, 'quantity': 1, 'unit': 'cup'}, {'name': 'cheese', 'calories': 91.3, 'carbs': 0.7, 'protein': 5.2, 'fat': 7.5, 'quantity': 0.2, 'unit': 'cup, shredded'}, {'name': 'olive oil', 'calories': 119.3, 'carbs': 0.0, 'protein': 0.0, 'fat': 13.5, 'quantity': 1, 'unit': 'tablespoon'}, {'name': 'herbs', 'calories': 4.8, 'carbs': 0.9, 'protein': 0.4, 'fat': 0.1, 'quantity': 1, 'unit': 'tablespoon'}]""","""[\""fish\"", \""tomato sauce\"", \""cheese\"", \""olive oil\"", \""herbs\""]""",5,496.9,14.6,54.0,26.4
fsb_00065,fsb_00065.jpg,Baked Fish with Broccoli Rabe,"""[{'name': 'fish fillet', 'calories': 173.3, 'carbs': 0.0, 'protein': 37.7, 'fat': 1.4, 'quantity': 1, 'unit': 'fillet'}, {'name': 'broccoli rabe', 'calories': 44.0, 'carbs': 5.7, 'protein': 6.3, 'fat': 1.0, 'quantity': 5, 'unit': 'cup chopped'}, {'name': 'olive oil', 'calories': 119.3, 'carbs': 0.0, 'protein': 0.0, 'fat': 13.5, 'quantity': 1, 'unit': 'tbsp'}, {'name': 'garlic', 'calories': 8.0, 'carbs': 1.8, 'protein': 0.3, 'fat': 0.0, 'quantity': 1.7999999999999998, 'unit': 'cloves'}]""","""[\""fish fillet\"", \""broccoli rabe\"", \""olive oil\"", \""garlic\""]""",4,344.6,7.5,44.3,15.9
fsb_00066,fsb_00066.jpg,Breaded Fish Fillet,"""[{'name': 'mahi mahi', 'calories': 173.3, 'carbs': 0.0, 'protein': 37.7, 'fat': 1.4, 'quantity': 1, 'unit': 'fillet'}, {'name': 'bread crumb', 'calories': 112.0, 'carbs': 20.4, 'protein': 3.8, 'fat': 1.5, 'quantity': 1, 'unit': 'oz'}, {'name': 'capers', 'calories': 2.0, 'carbs': 0.4, 'protein': 0.2, 'fat': 0.1, 'quantity': 1, 'unit': 'tbsp'}, {'name': 'butter', 'calories': 101.8, 'carbs': 0.0, 'protein': 0.1, 'fat': 11.5, 'quantity': 1, 'unit': 'tbsp'}, {'name': 'olive oil', 'calories': 119.3, 'carbs': 0.0, 'protein': 0.0, 'fat': 13.5, 'quantity': 1, 'unit': 'tbsp'}]""","""[\""mahi mahi\"", \""bread crumb\"", \""capers\"", \""butter\"", \""olive oil\""]""",5,508.4,20.8,41.8,28.0
fsb_00067,fsb_00067.jpg,Baked Macaroni with Meat Sauce,"""[{'name': 'macaroni', 'calories': 221.2, 'carbs': 43.2, 'protein': 8.1, 'fat': 1.3, 'quantity': 1, 'unit': 'cup'}, {'name': 'ground beef', 'calories': 162.1, 'carbs': 0.0, 'protein': 16.1, 'fat': 10.3, 'quantity': 0.4, 'unit': 'portion ( yield from 1/2 lb raw meat )'}, {'name': 'tomato sauce', 'calories': 29.4, 'carbs': 6.5, 'protein': 1.5, 'fat': 0.4, 'quantity': 0.5, 'unit': 'cup'}, {'name': 'mozzarella cheese', 'calories': 67.2, 'carbs': 0.5, 'protein': 5.0, 'fat': 5.0, 'quantity': 0.2, 'unit': 'cup, shredded'}]""","""[\""macaroni\"", \""ground beef\"", \""tomato sauce\"", \""mozzarella cheese\""]""",4,479.9,50.2,30.7,17.0
fsb_00068,fsb_00068.jpg,Oysters Rockefeller,"""[{'name': 'oyster', 'calories': 8.2, 'carbs': 0.5, 'protein': 0.9, 'fat': 0.2, 'quantity': 0.2, 'unit': 'medium'}, {'name': 'breadcrumbs', 'calories': 24.0, 'carbs': 4.4, 'protein': 0.8, 'fat': 0.3, 'quantity': 0.9, 'unit': 'tbsp'}, {'name': 'parmesan cheese', 'calories': 10.5, 'carbs': 0.3, 'protein': 0.7, 'fat': 0.7, 'quantity': 0.5, 'unit': 'tbsp'}, {'name': 'garlic', 'calories': 1.8, 'carbs': 0.4, 'protein': 0.1, 'fat': 0.0, 'quantity': 0.4, 'unit': 'clove'}, {'name': 'parsley', 'calories': 0.9, 'carbs': 0.2, 'protein': 0.1, 'fat': 0.0, 'quantity': 2, 'unit': 'tsp'}]""","""[\""oyster\"", \""breadcrumbs\"", \""parmesan cheese\"", \""garlic\"", \""parsley\""]""",5,45.4,5.8,2.6,1.2
fsb_00069,fsb_00069.jpg,Loaded Baked Potato,"""[{'name': 'baked potato', 'calories': 160.9, 'carbs': 36.6, 'protein': 4.3, 'fat': 0.2, 'quantity': 1, 'unit': 'potato medium'}, {'name': 'butter', 'calories': 101.8, 'carbs': 0.0, 'protein': 0.1, 'fat': 11.5, 'quantity': 1, 'unit': 'tbsp'}, {'name': 'sour cream', 'calories': 71.3, 'carbs': 1.7, 'protein': 0.9, 'fat': 7.0, 'quantity': 3, 'unit': 'tbsp'}]""","""[\""baked potato\"", \""butter\"", \""sour cream\""]""",3,334.0,38.3,5.3,18.7
fsb_00070,fsb_00070.jpg,Salmon Pasta Salad,"""[{'name': 'salmon', 'calories': 467.6, 'carbs': 0.0, 'protein': 50.2, 'fat': 28.0, 'quantity': 1, 'unit': 'fillet'}, {'name': 'pasta', 'calories': 199.1, 'carbs': 38.9, 'protein': 7.3, 'fat': 1.2, 'quantity': 0.9, 'unit': 'cup'}, {'name': 'cheese sauce', 'calories': 109.6, 'carbs': 4.3, 'protein': 4.2, 'fat': 8.4, 'quantity': 0.25, 'unit': 'cup'}, {'name': 'mixed greens', 'calories': 6.0, 'carbs': 1.3, 'protein': 0.4, 'fat': 0.1, 'quantity': 0.3, 'unit': 'serving'}]""","""[\""salmon\"", \""pasta\"", \""cheese sauce\"", \""mixed greens\""]""",4,782.3,44.5,62.1,37.7
fsb_00071,fsb_00071.jpg,Baked Salmon with Sautéed Spinach,"""[{'name': 'salmon', 'calories': 374.1, 'carbs': 0.0, 'protein': 40.1, 'fat': 22.4, 'quantity': 0.8, 'unit': 'fillet'}, {'name': 'olive oil', 'calories': 39.8, 'carbs': 0.0, 'protein': 0.0, 'fat': 4.5, 'quantity': 1, 'unit': 'tsp'}, {'name': 'spinach', 'calories': 41.4, 'carbs': 6.8, 'protein': 5.3, 'fat': 0.5, 'quantity': 1, 'unit': 'cup'}, {'name': 'garlic', 'calories': 4.0, 'carbs': 0.9, 'protein': 0.2, 'fat': 0.0, 'quantity': 0.9, 'unit': 'clove'}]""","""[\""salmon\"", \""olive oil\"", \""spinach\"", \""garlic\""]""",4,459.3,7.7,45.6,27.4
fsb_00072,fsb_00072.jpg,Baked Salmon with Sweet Potatoes and Broccoli,"""[{'name': 'salmon', 'calories': 374.1, 'carbs': 0.0, 'protein': 40.1, 'fat': 22.4, 'quantity': 0.8, 'unit': 'fillet'}, {'name': 'sweet potatoes', 'calories': 180.0, 'carbs': 41.4, 'protein': 4.0, 'fat': 0.3, 'quantity': 1, 'unit': 'cup'}, {'name': 'broccoli', 'calories': 27.3, 'carbs': 5.6, 'protein': 1.9, 'fat': 0.3, 'quantity': 0.5, 'unit': 'cup, chopped'}]""","""[\""salmon\"", \""sweet potatoes\"", \""broccoli\""]""",3,581.4,47.0,46.0,23.0
fsb_00073,fsb_00073.jpg,Herb-Crusted Salmon,"""[{'name': 'salmon', 'calories': 467.6, 'carbs': 0.0, 'protein': 50.2, 'fat': 28.0, 'quantity': 1, 'unit': 'fillet'}, {'name': 'herbs', 'calories': 1.6, 'carbs': 0.3, 'protein': 0.1, 'fat': 0.0, 'quantity': 1, 'unit': 'tsp'}, {'name': 'olive oil', 'calories': 39.8, 'carbs': 0.0, 'protein': 0.0, 'fat': 4.5, 'quantity': 1, 'unit': 'tsp'}]""","""[\""salmon\"", \""herbs\"", \""olive oil\""]""",3,509.0,0.3,50.3,32.5
fsb_00074,fsb_00074.jpg,Grilled Salmon,"""[{'name': 'salmon', 'calories': 467.6, 'carbs': 0.0, 'protein': 50.2, 'fat': 28.0, 'quantity': 1, 'unit': 'fillet'}, {'name': 'olive oil', 'calories': 39.8, 'carbs': 0.0, 'protein': 0.0, 'fat': 4.5, 'quantity': 1, 'unit': 'tsp'}, {'name': 'seasoning', 'calories': 4.9, 'carbs': 1.1, 'protein': 0.2, 'fat': 0.2, 'quantity': 2, 'unit': 'tsp'}]""","""[\""salmon\"", \""olive oil\"", \""seasoning\""]""",3,512.3,1.1,50.4,32.7
fsb_00075,fsb_00075.jpg,Baklava with Pistachios,"""[{'name': 'phyllo dough', 'calories': 51.1, 'carbs': 9.0, 'protein': 1.2, 'fat': 1.0, 'quantity': 0.9, 'unit': 'sheet dough'}, {'name': 'pistachios', 'calories': 80.7, 'carbs': 3.9, 'protein': 3.0, 'fat': 6.5, 'quantity': 0.5, 'unit': 'wt. oz'}, {'name': 'honey syrup', 'calories': 21.5, 'carbs': 5.8, 'protein': 0.0, 'fat': 0.0, 'quantity': 2, 'unit': 'tsp'}, {'name': 'butter', 'calories': 50.9, 'carbs': 0.0, 'protein': 0.1, 'fat': 5.8, 'quantity': 0.5, 'unit': 'tbsp'}]""","""[\""phyllo dough\"", \""pistachios\"", \""honey syrup\"", \""butter\""]""",4,204.2,18.7,4.3,13.3
fsb_00076,fsb_00076.jpg,Banana Blueberry Smoothie,"""[{'name': 'banana', 'calories': 105.0, 'carbs': 27.0, 'protein': 1.3, 'fat': 0.4, 'quantity': 1, 'unit': 'medium (7\"" to 7-7/8\"" long)'}, {'name': 'blueberries', 'calories': 42.2, 'carbs': 10.7, 'protein': 0.5, 'fat': 0.2, 'quantity': 0.5, 'unit': 'cup'}, {'name': 'milk', 'calories': 97.6, 'carbs': 9.4, 'protein': 6.4, 'fat': 3.9, 'quantity': 0.8, 'unit': 'cup'}]""","""[\""banana\"", \""blueberries\"", \""milk\""]""",3,244.8,47.1,8.2,4.5
fsb_00077,fsb_00077.jpg,Banana Oatmeal Protein Shake,"""[{'name': 'oats', 'calories': 153.5, 'carbs': 27.4, 'protein': 5.3, 'fat': 2.6, 'quantity': 0.5, 'unit': 'cup'}, {'name': 'banana', 'calories': 52.5, 'carbs': 13.5, 'protein': 0.6, 'fat': 0.2, 'quantity': 0.5, 'unit': 'medium (7\"" to 7-7/8\"" long)'}, {'name': 'milk', 'calories': 61.0, 'carbs': 5.9, 'protein': 4.0, 'fat': 2.4, 'quantity': 0.5, 'unit': 'cup'}, {'name': 'protein powder', 'calories': 112.6, 'carbs': 2.0, 'protein': 25.0, 'fat': 0.5, 'quantity': 1, 'unit': 'scoop'}]""","""[\""oats\"", \""banana\"", \""milk\"", \""protein powder\""]""",4,379.6,48.8,34.9,5.7
fsb_00078,fsb_00078.jpg,Banana Yogurt with Honey,"""[{'name': 'banana', 'calories': 52.5, 'carbs': 13.5, 'protein': 0.6, 'fat': 0.2, 'quantity': 0.5, 'unit': 'medium (7\"" to 7-7/8\"" long)'}, {'name': 'yogurt', 'calories': 154.3, 'carbs': 17.2, 'protein': 12.9, 'fat': 3.8, 'quantity': 1, 'unit': 'cup (8 fl oz)'}, {'name': 'honey', 'calories': 63.8, 'carbs': 17.3, 'protein': 0.1, 'fat': 0.0, 'quantity': 1, 'unit': 'tbsp'}]""","""[\""banana\"", \""yogurt\"", \""honey\""]""",3,270.6,48.0,13.6,4.0
fsb_00079,fsb_00079.jpg,"Banana,1,whole,105","""[{'name': 'macadamia nuts', 'calories': 192.4, 'carbs': 3.7, 'protein': 2.1, 'fat': 20.3, 'quantity': 0.2, 'unit': 'cup, whole or halves'}, {'name': 'flaxseed', 'calories': 55.0, 'carbs': 3.0, 'protein': 1.9, 'fat': 4.3, 'quantity': 1, 'unit': 'tbsp, whole'}, {'name': 'greek yogurt', 'calories': 93.6, 'carbs': 5.7, 'protein': 16.2, 'fat': 0.6, 'quantity': 0.7, 'unit': 'cup'}]""","""[\""macadamia nuts\"", \""flaxseed\"", \""greek yogurt\""]""",3,341.0,12.4,20.2,25.2
fsb_00080,fsb_00080.jpg,Banh Mi Sandwich,"""[{'name': 'baguette', 'calories': 235.0, 'carbs': 44.8, 'protein': 9.3, 'fat': 2.1, 'quantity': 0.9, 'unit': 'slice, large (6\"" x 2-1/2\"" x 1-3/4\"")'}, {'name': 'pork', 'calories': 161.8, 'carbs': 0.0, 'protein': 17.9, 'fat': 9.4, 'quantity': 2.4000000000000004, 'unit': 'oz'}, {'name': 'carrot', 'calories': 10.9, 'carbs': 2.6, 'protein': 0.2, 'fat': 0.1, 'quantity': 0.2, 'unit': 'cup'}, {'name': 'cucumber', 'calories': 3.9, 'carbs': 0.9, 'protein': 0.2, 'fat': 0.0, 'quantity': 0.25, 'unit': 'cup slices'}, {'name': 'red bell pepper', 'calories': 10.4, 'carbs': 2.5, 'protein': 0.3, 'fat': 0.1, 'quantity': 0.2, 'unit': 'cup'}, {'name': 'cilantro', 'calories': 0.9, 'carbs': 0.1, 'protein': 0.1, 'fat': 0.0, 'quantity': 0.25, 'unit': 'cup'}, {'name': 'mayonnaise', 'calories': 93.8, 'carbs': 0.1, 'protein': 0.1, 'fat': 10.3, 'quantity': 1, 'unit': 'tbsp'}, {'name': 'vegetables', 'calories': 17.7, 'carbs': 3.6, 'protein': 0.8, 'fat': 0.0, 'quantity': 0.15, 'unit': 'cup'}]""","""[\""baguette\"", \""pork\"", \""carrot\"", \""cucumber\"", \""red bell pepper\"", \""cilantro\"", \""mayonnaise\"", \""vegetables\""]""",8,534.4,54.6,28.9,22.0
fsb_00081,fsb_00081.jpg,Barbecue Chicken with Cottage Cheese,"""[{'name': 'chicken breast', 'calories': 115.5, 'carbs': 0.0, 'protein': 21.7, 'fat': 2.5, 'quantity': 0.5, 'unit': 'cup'}, {'name': 'barbecue sauce', 'calories': 58.5, 'carbs': 13.9, 'protein': 0.3, 'fat': 0.2, 'quantity': 2, 'unit': 'tbsp'}, {'name': 'cottage cheese', 'calories': 106.6, 'carbs': 3.7, 'protein': 12.1, 'fat': 4.7, 'quantity': 0.5, 'unit': 'cup'}]""","""[\""chicken breast\"", \""barbecue sauce\"", \""cottage cheese\""]""",3,280.6,17.6,34.1,7.4
fsb_00082,fsb_00082.jpg,Barbecue Chicken with Rice and Potato Salad,"""[{'name': 'barbecue chicken', 'calories': 95.5, 'carbs': 6.7, 'protein': 10.2, 'fat': 2.8, 'quantity': 2, 'unit': 'wt. oz'}, {'name': 'barbecue sauce', 'calories': 29.2, 'carbs': 6.9, 'protein': 0.1, 'fat': 0.1, 'quantity': 1, 'unit': 'tbsp'}, {'name': 'yellow rice', 'calories': 25.2, 'carbs': 4.3, 'protein': 0.4, 'fat': 0.7, 'quantity': 0.1, 'unit': 'cup'}, {'name': 'potato salad', 'calories': 107.2, 'carbs': 8.4, 'protein': 2.0, 'fat': 6.1, 'quantity': 0.3, 'unit': 'cup'}]""","""[\""barbecue chicken\"", \""barbecue sauce\"", \""yellow rice\"", \""potato salad\""]""",4,257.1,26.3,12.7,9.7
fsb_00083,fsb_00083.jpg,Barbecue Plate with Fries and Fried Okra,"""[{'name': 'pulled pork', 'calories': 238.1, 'carbs': 26.6, 'protein': 18.7, 'fat': 6.3, 'quantity': 5, 'unit': 'wt. oz'}, {'name': 'french fries', 'calories': 355.7, 'carbs': 47.2, 'protein': 3.9, 'fat': 16.8, 'quantity': 2, 'unit': 'cup'}, {'name': 'barbecue sauce', 'calories': 58.5, 'carbs': 13.9, 'protein': 0.3, 'fat': 0.2, 'quantity': 2, 'unit': 'tbsp'}, {'name': 'fried okra', 'calories': 96.5, 'carbs': 6.9, 'protein': 1.6, 'fat': 7.2, 'quantity': 0.4, 'unit': 'cup'}, {'name': 'texas toast', 'calories': 122.5, 'carbs': 14.6, 'protein': 2.9, 'fat': 5.8, 'quantity': 1, 'unit': 'slice'}]""","""[\""pulled pork\"", \""french fries\"", \""barbecue sauce\"", \""fried okra\"", \""texas toast\""]""",5,871.3,109.2,27.4,36.3
fsb_00084,fsb_00084.jpg,Barbecue Pork with Rice and Potato Salad,"""[{'name': 'barbecue pork', 'calories': 285.8, 'carbs': 31.9, 'protein': 22.4, 'fat': 7.5, 'quantity': 6, 'unit': 'wt. oz'}, {'name': 'spanish rice', 'calories': 107.3, 'carbs': 18.1, 'protein': 1.9, 'fat': 3.1, 'quantity': 0.5, 'unit': 'cup'}, {'name': 'potato salad', 'calories': 178.8, 'carbs': 14.0, 'protein': 3.4, 'fat': 10.2, 'quantity': 0.5, 'unit': 'cup'}]""","""[\""barbecue pork\"", \""spanish rice\"", \""potato salad\""]""",3,571.9,64.0,27.7,20.8
fsb_00085,fsb_00085.jpg,BBQ Sweet Potato & Mushroom Bowls,"""[{'name': 'sweet potato', 'calories': 108.0, 'carbs': 24.9, 'protein': 2.4, 'fat': 0.2, 'quantity': 0.6, 'unit': 'cup'}, {'name': 'mushrooms', 'calories': 13.2, 'carbs': 2.5, 'protein': 1.0, 'fat': 0.2, 'quantity': 0.3, 'unit': 'cup'}, {'name': 'white rice', 'calories': 205.4, 'carbs': 44.5, 'protein': 4.3, 'fat': 0.4, 'quantity': 1, 'unit': 'cup'}, {'name': 'soy sauce', 'calories': 17.0, 'carbs': 1.6, 'protein': 2.6, 'fat': 0.2, 'quantity': 2, 'unit': 'tbsp'}, {'name': 'olive oil', 'calories': 119.3, 'carbs': 0.0, 'protein': 0.0, 'fat': 13.5, 'quantity': 1, 'unit': 'tbsp'}, {'name': 'sesame seeds', 'calories': 45.2, 'carbs': 2.1, 'protein': 1.4, 'fat': 3.8, 'quantity': 1, 'unit': 'tbsp'}, {'name': 'green onions', 'calories': 3.6, 'carbs': 0.8, 'protein': 0.2, 'fat': 0.0, 'quantity': 0.4, 'unit': 'wt. oz'}, {'name': 'barbecue sauce', 'calories': 58.5, 'carbs': 13.9, 'protein': 0.3, 'fat': 0.2, 'quantity': 2, 'unit': 'tbsp'}]""","""[\""sweet potato\"", \""mushrooms\"", \""white rice\"", \""soy sauce\"", \""olive oil\"", \""sesame seeds\"", \""green onions\"", \""barbecue sauce\""]""",8,570.2,90.3,12.2,18.5
fsb_00086,fsb_00086.jpg,White Bean And Rice Casserole,"""[{'name': 'white beans', 'calories': 124.4, 'carbs': 22.5, 'protein': 8.7, 'fat': 0.3, 'quantity': 0.5, 'unit': 'cup'}, {'name': 'tomato sauce', 'calories': 20.6, 'carbs': 4.6, 'protein': 1.0, 'fat': 0.3, 'quantity': 0.35, 'unit': 'cup'}, {'name': 'white rice', 'calories': 102.7, 'carbs': 22.3, 'protein': 2.1, 'fat': 0.2, 'quantity': 0.5, 'unit': 'cup'}]""","""[\""white beans\"", \""tomato sauce\"", \""white rice\""]""",3,247.7,49.4,11.8,0.8
fsb_00087,fsb_00087.jpg,Beans on Toast with Cheese,"""[{'name': 'bread', 'calories': 159.6, 'carbs': 29.7, 'protein': 5.3, 'fat': 2.0, 'quantity': 2, 'unit': 'slice, large'}, {'name': 'baked beans', 'calories': 143.3, 'carbs': 32.2, 'protein': 7.2, 'fat': 0.6, 'quantity': 0.6, 'unit': 'cup'}, {'name': 'cheddar cheese', 'calories': 91.3, 'carbs': 0.7, 'protein': 5.2, 'fat': 7.5, 'quantity': 0.2, 'unit': 'cup, shredded'}]""","""[\""bread\"", \""baked beans\"", \""cheddar cheese\""]""",3,394.2,62.6,17.7,10.1
fsb_00088,fsb_00088.jpg,Chili Con Carne,"""[{'name': 'ground beef', 'calories': 202.6, 'carbs': 0.0, 'protein': 20.1, 'fat': 12.9, 'quantity': 0.5, 'unit': 'portion ( yield from 1/2 lb raw meat )'}, {'name': 'pinto beans', 'calories': 244.5, 'carbs': 44.8, 'protein': 15.4, 'fat': 1.1, 'quantity': 1, 'unit': 'cup'}, {'name': 'onion', 'calories': 18.5, 'carbs': 4.3, 'protein': 0.6, 'fat': 0.1, 'quantity': 0.2, 'unit': 'cup'}]""","""[\""ground beef\"", \""pinto beans\"", \""onion\""]""",3,465.6,49.1,36.1,14.1
fsb_00089,fsb_00089.jpg,Beef and Black Bean Rice Bowl,"""[{'name': 'ground beef', 'calories': 162.1, 'carbs': 0.0, 'protein': 16.1, 'fat': 10.3, 'quantity': 0.4, 'unit': 'portion ( yield from 1/2 lb raw meat )'}, {'name': 'black beans', 'calories': 113.5, 'carbs': 20.4, 'protein': 7.6, 'fat': 0.5, 'quantity': 0.5, 'unit': 'cup'}, {'name': 'white rice', 'calories': 82.2, 'carbs': 17.8, 'protein': 1.7, 'fat': 0.2, 'quantity': 0.4, 'unit': 'cup'}, {'name': 'bell pepper', 'calories': 11.2, 'carbs': 2.7, 'protein': 0.4, 'fat': 0.1, 'quantity': 0.3, 'unit': 'cup, strips'}, {'name': 'onion', 'calories': 9.2, 'carbs': 2.1, 'protein': 0.3, 'fat': 0.0, 'quantity': 0.1, 'unit': 'cup'}, {'name': 'olive oil', 'calories': 119.3, 'carbs': 0.0, 'protein': 0.0, 'fat': 13.5, 'quantity': 1, 'unit': 'tablespoon'}]""","""[\""ground beef\"", \""black beans\"", \""white rice\"", \""bell pepper\"", \""onion\"", \""olive oil\""]""",6,497.5,43.0,26.1,24.6
fsb_00090,fsb_00090.jpg,Beef And Broccoli Stir-Fry,"""[{'name': 'beef', 'calories': 220.2, 'carbs': 0.0, 'protein': 22.2, 'fat': 14.1, 'quantity': 3, 'unit': 'oz'}, {'name': 'broccoli', 'calories': 27.3, 'carbs': 5.6, 'protein': 1.9, 'fat': 0.3, 'quantity': 0.5, 'unit': 'cup, chopped'}, {'name': 'soy sauce', 'calories': 8.5, 'carbs': 0.8, 'protein': 1.3, 'fat': 0.1, 'quantity': 1, 'unit': 'tbsp'}, {'name': 'vegetable oil', 'calories': 120.2, 'carbs': 0.0, 'protein': 0.0, 'fat': 13.6, 'quantity': 1, 'unit': 'tbsp'}]""","""[\""beef\"", \""broccoli\"", \""soy sauce\"", \""vegetable oil\""]""",4,376.2,6.4,25.4,28.1
fsb_00091,fsb_00091.jpg,Cheesy Beef And Chicken Casserole,"""[{'name': 'ground beef', 'calories': 162.1, 'carbs': 0.0, 'protein': 16.1, 'fat': 10.3, 'quantity': 0.4, 'unit': 'portion ( yield from 1/2 lb raw meat )'}, {'name': 'cheddar cheese', 'calories': 91.3, 'carbs': 0.7, 'protein': 5.2, 'fat': 7.5, 'quantity': 0.2, 'unit': 'cup, shredded'}, {'name': 'cream sauce', 'calories': 89.0, 'carbs': 5.1, 'protein': 2.1, 'fat': 6.8, 'quantity': 0.25, 'unit': 'cup'}, {'name': 'chicken nuggets', 'calories': 157.2, 'carbs': 7.6, 'protein': 8.2, 'fat': 10.4, 'quantity': 3.2, 'unit': 'pieces'}]""","""[\""ground beef\"", \""cheddar cheese\"", \""cream sauce\"", \""chicken nuggets\""]""",4,499.6,13.4,31.6,35.0
fsb_00092,fsb_00092.jpg,Mixed Meat Stir-Fry,"""[{'name': 'beef', 'calories': 73.4, 'carbs': 0.0, 'protein': 7.4, 'fat': 4.7, 'quantity': 1, 'unit': 'oz'}, {'name': 'chicken', 'calories': 148.5, 'carbs': 0.0, 'protein': 16.2, 'fat': 8.8, 'quantity': 0.5, 'unit': 'cup'}, {'name': 'onion', 'calories': 18.5, 'carbs': 4.3, 'protein': 0.6, 'fat': 0.1, 'quantity': 0.2, 'unit': 'cup'}]""","""[\""beef\"", \""chicken\"", \""onion\""]""",3,240.4,4.3,24.2,13.6
fsb_00093,fsb_00093.jpg,Beef and Potato Casserole with Salad,"""[{'name': 'ground beef', 'calories': 162.1, 'carbs': 0.0, 'protein': 16.1, 'fat': 10.3, 'quantity': 0.4, 'unit': 'portion ( yield from 1/2 lb raw meat )'}, {'name': 'potatoes', 'calories': 68.1, 'carbs': 15.5, 'protein': 1.8, 'fat': 0.1, 'quantity': 0.6, 'unit': 'cup'}, {'name': 'cheese', 'calories': 91.3, 'carbs': 0.7, 'protein': 5.2, 'fat': 7.5, 'quantity': 0.2, 'unit': 'cup, shredded'}, {'name': 'red cabbage', 'calories': 4.4, 'carbs': 1.0, 'protein': 0.2, 'fat': 0.0, 'quantity': 0.1, 'unit': 'cup, shredded'}, {'name': 'spinach', 'calories': 4.1, 'carbs': 0.7, 'protein': 0.5, 'fat': 0.0, 'quantity': 0.1, 'unit': 'cup'}, {'name': 'pickles', 'calories': 3.4, 'carbs': 0.7, 'protein': 0.1, 'fat': 0.1, 'quantity': 1, 'unit': 'wt. oz'}, {'name': 'jalapenos', 'calories': 4.1, 'carbs': 0.9, 'protein': 0.1, 'fat': 0.1, 'quantity': 1, 'unit': 'pepper'}, {'name': 'olive oil', 'calories': 39.8, 'carbs': 0.0, 'protein': 0.0, 'fat': 4.5, 'quantity': 1, 'unit': 'tsp'}]""","""[\""ground beef\"", \""potatoes\"", \""cheese\"", \""red cabbage\"", \""spinach\"", \""pickles\"", \""jalapenos\"", \""olive oil\""]""",8,377.3,19.5,24.0,22.6
fsb_00094,fsb_00094.jpg,Beef and Rice Bowl with Ikura,"""[{'name': 'beef', 'calories': 259.0, 'carbs': 0.0, 'protein': 26.1, 'fat': 16.6, 'quantity': 100, 'unit': 'g'}, {'name': 'white rice', 'calories': 102.7, 'carbs': 22.3, 'protein': 2.1, 'fat': 0.2, 'quantity': 0.5, 'unit': 'cup'}, {'name': 'ikura', 'calories': 40.0, 'carbs': 0.4, 'protein': 6.2, 'fat': 1.8, 'quantity': 2, 'unit': 'tbsp'}, {'name': 'green onions', 'calories': 1.9, 'carbs': 0.4, 'protein': 0.1, 'fat': 0.0, 'quantity': 1, 'unit': 'tbsp chopped'}, {'name': 'fried onions', 'calories': 31.4, 'carbs': 3.6, 'protein': 0.4, 'fat': 1.7, 'quantity': 1.4, 'unit': 'tbsp'}, {'name': 'chili', 'calories': 5.9, 'carbs': 0.3, 'protein': 0.4, 'fat': 0.4, 'quantity': 1, 'unit': 'tsp'}, {'name': 'sesame seeds', 'calories': 4.5, 'carbs': 0.2, 'protein': 0.1, 'fat': 0.4, 'quantity': 0.3, 'unit': 'tsp'}]""","""[\""beef\"", \""white rice\"", \""ikura\"", \""green onions\"", \""fried onions\"", \""chili\"", \""sesame seeds\""]""",7,445.4,27.2,35.4,21.1
fsb_00095,fsb_00095.jpg,Beef and Rice Bowl,"""[{'name': 'beef', 'calories': 220.2, 'carbs': 0.0, 'protein': 22.2, 'fat': 14.1, 'quantity': 3, 'unit': 'oz'}, {'name': 'brown rice', 'calories': 109.2, 'carbs': 22.9, 'protein': 2.3, 'fat': 0.8, 'quantity': 0.5, 'unit': 'cup'}, {'name': 'red bell pepper', 'calories': 10.4, 'carbs': 2.5, 'protein': 0.3, 'fat': 0.1, 'quantity': 0.2, 'unit': 'cup'}, {'name': 'mixed greens', 'calories': 6.0, 'carbs': 1.3, 'protein': 0.4, 'fat': 0.1, 'quantity': 0.8999999999999999, 'unit': 'cups'}, {'name': 'green onions', 'calories': 3.8, 'carbs': 0.9, 'protein': 0.2, 'fat': 0.0, 'quantity': 2, 'unit': 'tbsp chopped'}, {'name': 'sesame seeds', 'calories': 15.1, 'carbs': 0.7, 'protein': 0.5, 'fat': 1.3, 'quantity': 1, 'unit': 'tsp'}, {'name': 'soy sauce', 'calories': 8.5, 'carbs': 0.8, 'protein': 1.3, 'fat': 0.1, 'quantity': 1, 'unit': 'tbsp'}]""","""[\""beef\"", \""brown rice\"", \""red bell pepper\"", \""mixed greens\"", \""green onions\"", \""sesame seeds\"", \""soy sauce\""]""",7,373.2,29.1,27.2,16.5
fsb_00096,fsb_00096.jpg,Beef and Rice Stir-Fry,"""[{'name': 'ground beef', 'calories': 202.6, 'carbs': 0.0, 'protein': 20.1, 'fat': 12.9, 'quantity': 0.5, 'unit': 'portion ( yield from 1/2 lb raw meat )'}, {'name': 'white rice', 'calories': 82.2, 'carbs': 17.8, 'protein': 1.7, 'fat': 0.2, 'quantity': 0.4, 'unit': 'cup'}, {'name': 'red bell pepper', 'calories': 10.4, 'carbs': 2.5, 'protein': 0.3, 'fat': 0.1, 'quantity': 0.2, 'unit': 'cup'}, {'name': 'green bell pepper', 'calories': 6.4, 'carbs': 1.5, 'protein': 0.2, 'fat': 0.0, 'quantity': 0.2, 'unit': 'pepper'}, {'name': 'olive oil', 'calories': 119.3, 'carbs': 0.0, 'protein': 0.0, 'fat': 13.5, 'quantity': 1, 'unit': 'tbsp'}]""","""[\""ground beef\"", \""white rice\"", \""red bell pepper\"", \""green bell pepper\"", \""olive oil\""]""",5,420.9,21.8,22.3,26.7
fsb_00097,fsb_00097.jpg,Beef and Vegetable Soup,"""[{'name': 'beef', 'calories': 220.2, 'carbs': 0.0, 'protein': 22.2, 'fat': 14.1, 'quantity': 3, 'unit': 'oz'}, {'name': 'broccoli slaw', 'calories': 11.1, 'carbs': 2.4, 'protein': 0.6, 'fat': 0.1, 'quantity': 0.3, 'unit': 'cup'}, {'name': 'baby corn', 'calories': 15.4, 'carbs': 3.4, 'protein': 0.5, 'fat': 0.2, 'quantity': 2.4000000000000004, 'unit': 'oz'}, {'name': 'jalapeno', 'calories': 5.2, 'carbs': 1.2, 'protein': 0.2, 'fat': 0.1, 'quantity': 0.2, 'unit': 'cup, sliced'}, {'name': 'carrot', 'calories': 10.9, 'carbs': 2.6, 'protein': 0.2, 'fat': 0.1, 'quantity': 0.2, 'unit': 'cup'}, {'name': 'mushroom', 'calories': 4.4, 'carbs': 0.8, 'protein': 0.3, 'fat': 0.1, 'quantity': 0.1, 'unit': 'cup'}, {'name': 'vegetable broth', 'calories': 13.2, 'carbs': 2.2, 'protein': 0.5, 'fat': 0.2, 'quantity': 1, 'unit': 'cup'}]""","""[\""beef\"", \""broccoli slaw\"", \""baby corn\"", \""jalapeno\"", \""carrot\"", \""mushroom\"", \""vegetable broth\""]""",7,280.4,12.6,24.5,14.9
fsb_00098,fsb_00098.jpg,Beef Stew,"""[{'name': 'beef', 'calories': 259.0, 'carbs': 0.0, 'protein': 26.1, 'fat': 16.6, 'quantity': 100, 'unit': 'g'}, {'name': 'potatoes', 'calories': 68.1, 'carbs': 15.5, 'protein': 1.8, 'fat': 0.1, 'quantity': 0.6, 'unit': 'cup'}, {'name': 'carrots', 'calories': 10.9, 'carbs': 2.6, 'protein': 0.2, 'fat': 0.1, 'quantity': 0.2, 'unit': 'cup'}, {'name': 'tomatoes', 'calories': 6.5, 'carbs': 1.4, 'protein': 0.3, 'fat': 0.1, 'quantity': 0.2, 'unit': 'cup, chopped or sliced'}, {'name': 'onion', 'calories': 9.2, 'carbs': 2.1, 'protein': 0.3, 'fat': 0.0, 'quantity': 0.1, 'unit': 'cup'}, {'name': 'beef broth', 'calories': 15.1, 'carbs': 0.1, 'protein': 2.5, 'fat': 0.5, 'quantity': 0.9, 'unit': 'cup'}]""","""[\""beef\"", \""potatoes\"", \""carrots\"", \""tomatoes\"", \""onion\"", \""beef broth\""]""",6,368.8,21.7,31.2,17.4
fsb_00099,fsb_00099.jpg,Vegetable Stir-Fry,"""[{'name': 'zucchini', 'calories': 9.8, 'carbs': 1.7, 'protein': 0.7, 'fat': 0.2, 'quantity': 0.5, 'unit': 'small'}, {'name': 'yellow squash', 'calories': 10.8, 'carbs': 2.3, 'protein': 0.5, 'fat': 0.2, 'quantity': 0.3, 'unit': 'cup, sliced'}, {'name': 'broccoli', 'calories': 14.7, 'carbs': 3.0, 'protein': 1.0, 'fat': 0.2, 'quantity': 0.3, 'unit': 'stalk, small (5\"" long)'}, {'name': 'olive oil', 'calories': 119.3, 'carbs': 0.0, 'protein': 0.0, 'fat': 13.5, 'quantity': 1, 'unit': 'tbsp'}]""","""[\""zucchini\"", \""yellow squash\"", \""broccoli\"", \""olive oil\""]""",4,154.6,7.0,2.2,14.1
fsb_00100,fsb_00100.jpg,Beef and Vegetable Stir-Fry,"""[{'name': 'beef', 'calories': 259.0, 'carbs': 0.0, 'protein': 26.1, 'fat': 16.6, 'quantity': 100, 'unit': 'g'}, {'name': 'broccoli', 'calories': 14.7, 'carbs': 3.0, 'protein': 1.0, 'fat': 0.2, 'quantity': 0.3, 'unit': 'stalk, small (5\"" long)'}, {'name': 'carrots', 'calories': 27.2, 'carbs': 6.4, 'protein': 0.6, 'fat': 0.1, 'quantity': 0.5, 'unit': 'cup'}, {'name': 'mushrooms', 'calories': 8.8, 'carbs': 1.7, 'protein': 0.7, 'fat': 0.1, 'quantity': 0.2, 'unit': 'cup'}, {'name': 'onion', 'calories': 18.5, 'carbs': 4.3, 'protein': 0.6, 'fat': 0.1, 'quantity': 0.2, 'unit': 'cup'}, {'name': 'soy sauce', 'calories': 17.0, 'carbs': 1.6, 'protein': 2.6, 'fat': 0.2, 'quantity': 2, 'unit': 'tbsp'}, {'name': 'olive oil', 'calories': 119.3, 'carbs': 0.0, 'protein': 0.0, 'fat': 13.5, 'quantity': 1, 'unit': 'tablespoon'}]""","""[\""beef\"", \""broccoli\"", \""carrots\"", \""mushrooms\"", \""onion\"", \""soy sauce\"", \""olive oil\""]""",7,464.5,17.0,31.6,30.8
fsb_00101,fsb_00101.jpg,Beef Stir-Fry,"""[{'name': 'ground beef', 'calories': 202.6, 'carbs': 0.0, 'protein': 20.1, 'fat': 12.9, 'quantity': 0.5, 'unit': 'portion ( yield from 1/2 lb raw meat )'}, {'name': 'mixed vegetables', 'calories': 45.3, 'carbs': 9.7, 'protein': 2.4, 'fat': 0.5, 'quantity': 1, 'unit': 'cup'}, {'name': 'Premium Hashbrown Potatoes', 'calories': 181.8, 'carbs': 39.4, 'protein': 3.0, 'fat': 0.0, 'quantity': 1, 'unit': 'cup dry'}]""","""[\""ground beef\"", \""mixed vegetables\"", \""Premium Hashbrown Potatoes\""]""",3,429.7,49.1,25.5,13.4
fsb_00102,fsb_00102.jpg,Beef Burrito with Sides,"""[{'name': 'tortilla', 'calories': 143.3, 'carbs': 24.5, 'protein': 3.8, 'fat': 3.1, 'quantity': 0.9, 'unit': 'tortilla (approx 7-8\"" dia)'}, {'name': 'beef', 'calories': 220.2, 'carbs': 0.0, 'protein': 22.2, 'fat': 14.1, 'quantity': 3, 'unit': 'oz'}, {'name': 'bell peppers', 'calories': 11.2, 'carbs': 2.7, 'protein': 0.4, 'fat': 0.1, 'quantity': 0.3, 'unit': 'cup, strips'}, {'name': 'tomato', 'calories': 6.5, 'carbs': 1.4, 'protein': 0.3, 'fat': 0.1, 'quantity': 0.2, 'unit': 'cup, chopped or sliced'}, {'name': 'salsa', 'calories': 10.4, 'carbs': 2.4, 'protein': 0.5, 'fat': 0.1, 'quantity': 2, 'unit': 'tbsp'}, {'name': 'guacamole', 'calories': 45.3, 'carbs': 2.6, 'protein': 0.5, 'fat': 4.1, 'quantity': 2, 'unit': 'tbsp'}, {'name': 'sour cream', 'calories': 71.3, 'carbs': 1.7, 'protein': 0.9, 'fat': 7.0, 'quantity': 3, 'unit': 'tbsp'}]""","""[\""tortilla\"", \""beef\"", \""bell peppers\"", \""tomato\"", \""salsa\"", \""guacamole\"", \""sour cream\""]""",7,508.2,35.3,28.6,28.6
fsb_00103,fsb_00103.jpg,Beef Burrito,"""[{'name': 'tortilla', 'calories': 159.2, 'carbs': 27.2, 'protein': 4.3, 'fat': 3.5, 'quantity': 1, 'unit': 'tortilla (approx 7-8\"" dia)'}, {'name': 'ground beef', 'calories': 81.1, 'carbs': 0.0, 'protein': 8.0, 'fat': 5.2, 'quantity': 0.2, 'unit': 'portion ( yield from 1/2 lb raw meat )'}, {'name': 'cheddar cheese', 'calories': 91.3, 'carbs': 0.7, 'protein': 5.2, 'fat': 7.5, 'quantity': 0.2, 'unit': 'cup, shredded'}, {'name': 'lettuce', 'calories': 1.6, 'carbs': 0.3, 'protein': 0.1, 'fat': 0.0, 'quantity': 0.2, 'unit': 'cups shredded'}, {'name': 'salsa', 'calories': 10.4, 'carbs': 2.4, 'protein': 0.5, 'fat': 0.1, 'quantity': 2, 'unit': 'tbsp'}, {'name': 'guacamole', 'calories': 45.3, 'carbs': 2.6, 'protein': 0.5, 'fat': 4.1, 'quantity': 2, 'unit': 'tbsp'}]""","""[\""tortilla\"", \""ground beef\"", \""cheddar cheese\"", \""lettuce\"", \""salsa\"", \""guacamole\""]""",6,388.9,33.2,18.6,20.4
fsb_00104,fsb_00104.jpg,Beef Quesadilla,"""[{'name': 'tortilla', 'calories': 143.3, 'carbs': 24.5, 'protein': 3.8, 'fat': 3.1, 'quantity': 0.9, 'unit': 'tortilla (approx 7-8\"" dia)'}, {'name': 'ground beef', 'calories': 81.1, 'carbs': 0.0, 'protein': 8.0, 'fat': 5.2, 'quantity': 0.2, 'unit': 'portion ( yield from 1/2 lb raw meat )'}, {'name': 'cheese', 'calories': 91.3, 'carbs': 0.7, 'protein': 5.2, 'fat': 7.5, 'quantity': 0.2, 'unit': 'cup, shredded'}, {'name': 'bell pepper', 'calories': 11.2, 'carbs': 2.7, 'protein': 0.4, 'fat': 0.1, 'quantity': 0.3, 'unit': 'cup, strips'}]""","""[\""tortilla\"", \""ground beef\"", \""cheese\"", \""bell pepper\""]""",4,326.9,27.9,17.4,15.9
fsb_00105,fsb_00105.jpg,Beef Curry with Rice,"""[{'name': 'beef', 'calories': 259.0, 'carbs': 0.0, 'protein': 26.1, 'fat': 16.6, 'quantity': 100, 'unit': 'g'}, {'name': 'coconut milk', 'calories': 222.6, 'carbs': 3.2, 'protein': 2.3, 'fat': 24.1, 'quantity': 0.5, 'unit': 'cup'}, {'name': 'spinach', 'calories': 4.1, 'carbs': 0.7, 'protein': 0.5, 'fat': 0.0, 'quantity': 0.1, 'unit': 'cup'}, {'name': 'curry paste', 'calories': 36.1, 'carbs': 8.1, 'protein': 1.2, 'fat': 0.3, 'quantity': 2, 'unit': 'tbsp'}, {'name': 'white rice', 'calories': 205.4, 'carbs': 44.5, 'protein': 4.3, 'fat': 0.4, 'quantity': 1, 'unit': 'cup'}]""","""[\""beef\"", \""coconut milk\"", \""spinach\"", \""curry paste\"", \""white rice\""]""",5,727.2,56.5,34.4,41.4
fsb_00106,fsb_00106.jpg,Beef Fried Rice,"""[{'name': 'ground beef', 'calories': 81.1, 'carbs': 0.0, 'protein': 8.0, 'fat': 5.2, 'quantity': 0.2, 'unit': 'portion ( yield from 1/2 lb raw meat )'}, {'name': 'white rice', 'calories': 82.2, 'carbs': 17.8, 'protein': 1.7, 'fat': 0.2, 'quantity': 0.4, 'unit': 'cup'}, {'name': 'peas', 'calories': 26.9, 'carbs': 5.0, 'protein': 1.7, 'fat': 0.1, 'quantity': 0.2, 'unit': 'cup'}, {'name': 'carrots', 'calories': 10.9, 'carbs': 2.6, 'protein': 0.2, 'fat': 0.1, 'quantity': 0.2, 'unit': 'cup'}, {'name': 'soy sauce', 'calories': 8.5, 'carbs': 0.8, 'protein': 1.3, 'fat': 0.1, 'quantity': 1, 'unit': 'tbsp'}]""","""[\""ground beef\"", \""white rice\"", \""peas\"", \""carrots\"", \""soy sauce\""]""",5,209.6,26.2,12.9,5.7
fsb_00107,fsb_00107.jpg,Beef Meatball Pho,"""[{'name': 'beef meatballs', 'calories': 312.4, 'carbs': 20.9, 'protein': 20.5, 'fat': 17.0, 'quantity': 7, 'unit': 'meatball'}, {'name': 'beef broth', 'calories': 33.6, 'carbs': 0.2, 'protein': 5.5, 'fat': 1.1, 'quantity': 2, 'unit': 'cup'}, {'name': 'rice noodles', 'calories': 114.0, 'carbs': 25.4, 'protein': 1.9, 'fat': 0.2, 'quantity': 0.6, 'unit': 'cup'}, {'name': 'green onions', 'calories': 3.6, 'carbs': 0.8, 'protein': 0.2, 'fat': 0.0, 'quantity': 0.4, 'unit': 'wt. oz'}, {'name': 'white onions', 'calories': 9.2, 'carbs': 2.1, 'protein': 0.3, 'fat': 0.0, 'quantity': 0.1, 'unit': 'cup'}]""","""[\""beef meatballs\"", \""beef broth\"", \""rice noodles\"", \""green onions\"", \""white onions\""]""",5,472.8,49.4,28.4,18.3
fsb_00108,fsb_00108.jpg,Cheeseburger With Avocado,"""[{'name': 'ground beef', 'calories': 77.1, 'carbs': 0.0, 'protein': 7.7, 'fat': 4.9, 'quantity': 1, 'unit': 'oz, cooked'}, {'name': 'cheddar cheese', 'calories': 91.3, 'carbs': 0.7, 'protein': 5.2, 'fat': 7.5, 'quantity': 0.2, 'unit': 'cup, shredded'}, {'name': 'avocado', 'calories': 120.0, 'carbs': 6.4, 'protein': 1.5, 'fat': 11.0, 'quantity': 0.5, 'unit': 'cup, cubes'}]""","""[\""ground beef\"", \""cheddar cheese\"", \""avocado\""]""",3,288.4,7.1,14.4,23.4
fsb_00109,fsb_00109.jpg,Beef Noodle Soup with Vegetables,"""[{'name': 'beef', 'calories': 259.0, 'carbs': 0.0, 'protein': 26.1, 'fat': 16.6, 'quantity': 100, 'unit': 'g'}, {'name': 'rice noodles', 'calories': 190.1, 'carbs': 42.3, 'protein': 3.2, 'fat': 0.4, 'quantity': 1, 'unit': 'cup'}, {'name': 'beef broth', 'calories': 33.6, 'carbs': 0.2, 'protein': 5.5, 'fat': 1.1, 'quantity': 2, 'unit': 'cup'}, {'name': 'meatballs', 'calories': 160.2, 'carbs': 4.5, 'protein': 8.1, 'fat': 12.4, 'quantity': 3, 'unit': 'pieces'}, {'name': 'bean sprouts', 'calories': 15.6, 'carbs': 3.1, 'protein': 1.5, 'fat': 0.1, 'quantity': 0.6, 'unit': 'cup'}, {'name': 'lettuce', 'calories': 4.8, 'carbs': 0.9, 'protein': 0.3, 'fat': 0.1, 'quantity': 0.6, 'unit': 'cups shredded'}, {'name': 'basil', 'calories': 1.0, 'carbs': 0.1, 'protein': 0.1, 'fat': 0.0, 'quantity': 0.175, 'unit': 'cup leaves, whole'}, {'name': 'green onions', 'calories': 6.4, 'carbs': 1.5, 'protein': 0.4, 'fat': 0.0, 'quantity': 0.2, 'unit': 'cup, chopped'}]""","""[\""beef\"", \""rice noodles\"", \""beef broth\"", \""meatballs\"", \""bean sprouts\"", \""lettuce\"", \""basil\"", \""green onions\""]""",8,670.7,52.6,45.2,30.7
fsb_00110,fsb_00110.jpg,Beef Noodle Soup,"""[{'name': 'beef meatballs', 'calories': 178.5, 'carbs': 11.9, 'protein': 11.7, 'fat': 9.7, 'quantity': 4, 'unit': 'meatball'}, {'name': 'noodles', 'calories': 221.2, 'carbs': 43.2, 'protein': 8.1, 'fat': 1.3, 'quantity': 1, 'unit': 'cup'}, {'name': 'bean sprouts', 'calories': 15.6, 'carbs': 3.1, 'protein': 1.5, 'fat': 0.1, 'quantity': 0.6, 'unit': 'cup'}, {'name': 'broth', 'calories': 43.2, 'carbs': 4.2, 'protein': 3.0, 'fat': 1.4, 'quantity': 0.5, 'unit': 'cup'}, {'name': 'green onions', 'calories': 6.4, 'carbs': 1.5, 'protein': 0.4, 'fat': 0.0, 'quantity': 0.2, 'unit': 'cup, chopped'}, {'name': 'cilantro', 'calories': 0.9, 'carbs': 0.1, 'protein': 0.1, 'fat': 0.0, 'quantity': 0.25, 'unit': 'cup'}]""","""[\""beef meatballs\"", \""noodles\"", \""bean sprouts\"", \""broth\"", \""green onions\"", \""cilantro\""]""",6,465.8,64.0,24.8,12.5
fsb_00111,fsb_00111.jpg,Beef Noodle Soup,"""[{'name': 'beef', 'calories': 259.0, 'carbs': 0.0, 'protein': 26.1, 'fat': 16.6, 'quantity': 100, 'unit': 'g'}, {'name': 'meatballs', 'calories': 144.1, 'carbs': 4.1, 'protein': 7.3, 'fat': 11.2, 'quantity': 2.7, 'unit': 'pieces'}, {'name': 'noodles', 'calories': 221.2, 'carbs': 43.2, 'protein': 8.1, 'fat': 1.3, 'quantity': 1, 'unit': 'cup'}, {'name': 'broth', 'calories': 43.2, 'carbs': 4.2, 'protein': 3.0, 'fat': 1.4, 'quantity': 0.5, 'unit': 'cup'}, {'name': 'garlic', 'calories': 50.1, 'carbs': 11.1, 'protein': 2.1, 'fat': 0.2, 'quantity': 4, 'unit': 'tbsp'}, {'name': 'herbs', 'calories': 7.7, 'carbs': 1.4, 'protein': 0.6, 'fat': 0.2, 'quantity': 0.1, 'unit': 'cup'}]""","""[\""beef\"", \""meatballs\"", \""noodles\"", \""broth\"", \""garlic\"", \""herbs\""]""",6,725.3,64.0,47.2,30.9
fsb_00112,fsb_00112.jpg,Beef Noodle Soup,"""[{'name': 'beef', 'calories': 220.2, 'carbs': 0.0, 'protein': 22.2, 'fat': 14.1, 'quantity': 3, 'unit': 'oz'}, {'name': 'noodles', 'calories': 110.6, 'carbs': 21.6, 'protein': 4.1, 'fat': 0.7, 'quantity': 0.5, 'unit': 'cup'}, {'name': 'mushrooms', 'calories': 4.4, 'carbs': 0.8, 'protein': 0.3, 'fat': 0.1, 'quantity': 0.1, 'unit': 'cup'}, {'name': 'baby corn', 'calories': 19.2, 'carbs': 4.2, 'protein': 0.7, 'fat': 0.3, 'quantity': 3, 'unit': 'oz'}, {'name': 'green onions', 'calories': 1.6, 'carbs': 0.4, 'protein': 0.1, 'fat': 0.0, 'quantity': 1, 'unit': 'small (3\"" long)'}, {'name': 'broth', 'calories': 17.3, 'carbs': 1.7, 'protein': 1.2, 'fat': 0.6, 'quantity': 0.2, 'unit': 'cup'}]""","""[\""beef\"", \""noodles\"", \""mushrooms\"", \""baby corn\"", \""green onions\"", \""broth\""]""",6,373.3,28.7,28.6,15.8
fsb_00113,fsb_00113.jpg,Beef Patty with Garden Salad,"""[{'name': 'beef patty', 'calories': 192.6, 'carbs': 0.0, 'protein': 20.4, 'fat': 11.6, 'quantity': 1, 'unit': 'patty ( yield from 1/4 lb raw meat )'}, {'name': 'lettuce', 'calories': 4.8, 'carbs': 0.9, 'protein': 0.3, 'fat': 0.1, 'quantity': 1, 'unit': 'wt. oz'}, {'name': 'cherry tomatoes', 'calories': 15.3, 'carbs': 3.3, 'protein': 0.7, 'fat': 0.2, 'quantity': 5, 'unit': 'cherry'}, {'name': 'cucumber', 'calories': 3.9, 'carbs': 0.9, 'protein': 0.2, 'fat': 0.0, 'quantity': 0.25, 'unit': 'cup slices'}, {'name': 'dressing', 'calories': 64.5, 'carbs': 0.9, 'protein': 0.2, 'fat': 6.7, 'quantity': 1, 'unit': 'tablespoons'}]""","""[\""beef patty\"", \""lettuce\"", \""cherry tomatoes\"", \""cucumber\"", \""dressing\""]""",5,281.1,6.0,21.8,18.6
fsb_00114,fsb_00114.jpg,Beef Pho,"""[{'name': 'beef', 'calories': 154.1, 'carbs': 0.0, 'protein': 15.5, 'fat': 9.9, 'quantity': 2.0999999999999996, 'unit': 'oz'}, {'name': 'rice noodles', 'calories': 190.1, 'carbs': 42.3, 'protein': 3.2, 'fat': 0.4, 'quantity': 1, 'unit': 'cup'}, {'name': 'beef broth', 'calories': 33.6, 'carbs': 0.2, 'protein': 5.5, 'fat': 1.1, 'quantity': 2, 'unit': 'cup'}, {'name': 'bean sprouts', 'calories': 15.6, 'carbs': 3.1, 'protein': 1.5, 'fat': 0.1, 'quantity': 0.6, 'unit': 'cup'}, {'name': 'green onions', 'calories': 3.8, 'carbs': 0.9, 'protein': 0.2, 'fat': 0.0, 'quantity': 2, 'unit': 'tbsp chopped'}, {'name': 'chili peppers', 'calories': 5.7, 'carbs': 1.2, 'protein': 0.3, 'fat': 0.1, 'quantity': 0.5, 'unit': 'wt. oz'}]""","""[\""beef\"", \""rice noodles\"", \""beef broth\"", \""bean sprouts\"", \""green onions\"", \""chili peppers\""]""",6,402.9,47.7,26.2,11.6
fsb_00115,fsb_00115.jpg,Beef Ramen,"""[{'name': 'beef', 'calories': 220.2, 'carbs': 0.0, 'protein': 22.2, 'fat': 14.1, 'quantity': 3, 'unit': 'oz'}, {'name': 'ramen noodles', 'calories': 157.9, 'carbs': 21.6, 'protein': 4.1, 'fat': 6.0, 'quantity': 1, 'unit': 'cup'}, {'name': 'broth', 'calories': 51.8, 'carbs': 5.1, 'protein': 3.6, 'fat': 1.7, 'quantity': 0.6, 'unit': 'cup'}, {'name': 'nori', 'calories': 4.5, 'carbs': 0.7, 'protein': 0.8, 'fat': 0.0, 'quantity': 5, 'unit': 'sheet'}, {'name': 'green onions', 'calories': 3.6, 'carbs': 0.8, 'protein': 0.2, 'fat': 0.0, 'quantity': 0.4, 'unit': 'wt. oz'}]""","""[\""beef\"", \""ramen noodles\"", \""broth\"", \""nori\"", \""green onions\""]""",5,438.0,28.2,30.9,21.8
fsb_00116,fsb_00116.jpg,Beef Salad with Sautéed Vegetables,"""[{'name': 'beef', 'calories': 220.2, 'carbs': 0.0, 'protein': 22.2, 'fat': 14.1, 'quantity': 3, 'unit': 'oz'}, {'name': 'lettuce', 'calories': 4.8, 'carbs': 0.9, 'protein': 0.3, 'fat': 0.1, 'quantity': 1, 'unit': 'wt. oz'}, {'name': 'tomato', 'calories': 16.2, 'carbs': 3.5, 'protein': 0.8, 'fat': 0.2, 'quantity': 0.5, 'unit': 'cup, chopped or sliced'}, {'name': 'red bell pepper', 'calories': 10.4, 'carbs': 2.5, 'protein': 0.3, 'fat': 0.1, 'quantity': 0.2, 'unit': 'cup'}, {'name': 'zucchini', 'calories': 9.8, 'carbs': 1.7, 'protein': 0.7, 'fat': 0.2, 'quantity': 0.5, 'unit': 'small'}, {'name': 'mushrooms', 'calories': 8.8, 'carbs': 1.7, 'protein': 0.7, 'fat': 0.1, 'quantity': 0.2, 'unit': 'cup'}, {'name': 'olive oil', 'calories': 119.3, 'carbs': 0.0, 'protein': 0.0, 'fat': 13.5, 'quantity': 1, 'unit': 'tbsp'}]""","""[\""beef\"", \""lettuce\"", \""tomato\"", \""red bell pepper\"", \""zucchini\"", \""mushrooms\"", \""olive oil\""]""",7,389.5,10.3,25.0,28.3
fsb_00117,fsb_00117.jpg,Beef Stew with Penne Pasta,"""[{'name': 'beef', 'calories': 259.0, 'carbs': 0.0, 'protein': 26.1, 'fat': 16.6, 'quantity': 100, 'unit': 'g'}, {'name': 'carrots', 'calories': 21.0, 'carbs': 4.9, 'protein': 0.5, 'fat': 0.1, 'quantity': 60, 'unit': 'g'}, {'name': 'potatoes', 'calories': 37.2, 'carbs': 8.5, 'protein': 1.0, 'fat': 0.1, 'quantity': 40, 'unit': 'g'}, {'name': 'celery', 'calories': 4.8, 'carbs': 0.9, 'protein': 0.2, 'fat': 0.1, 'quantity': 30, 'unit': 'g'}, {'name': 'red wine sauce', 'calories': 46.2, 'carbs': 2.6, 'protein': 0.7, 'fat': 1.6, 'quantity': 0.25, 'unit': 'cup'}, {'name': 'penne pasta', 'calories': 199.1, 'carbs': 38.9, 'protein': 7.3, 'fat': 1.2, 'quantity': 0.9, 'unit': 'cup'}, {'name': 'butter', 'calories': 33.9, 'carbs': 0.0, 'protein': 0.0, 'fat': 3.8, 'quantity': 1, 'unit': 'tsp'}]""","""[\""beef\"", \""carrots\"", \""potatoes\"", \""celery\"", \""red wine sauce\"", \""penne pasta\"", \""butter\""]""",7,601.2,55.8,35.8,23.5
fsb_00118,fsb_00118.jpg,Beef And Vegetable Rice Bowl,"""[{'name': 'beef', 'calories': 259.0, 'carbs': 0.0, 'protein': 26.1, 'fat': 16.6, 'quantity': 100, 'unit': 'g'}, {'name': 'carrots', 'calories': 10.9, 'carbs': 2.6, 'protein': 0.2, 'fat': 0.1, 'quantity': 0.2, 'unit': 'cup'}, {'name': 'peas', 'calories': 26.9, 'carbs': 5.0, 'protein': 1.7, 'fat': 0.1, 'quantity': 0.2, 'unit': 'cup'}, {'name': 'white rice', 'calories': 41.1, 'carbs': 8.9, 'protein': 0.9, 'fat': 0.1, 'quantity': 0.2, 'unit': 'cup'}, {'name': 'grilled vegetables', 'calories': 46.4, 'carbs': 5.2, 'protein': 1.5, 'fat': 2.7, 'quantity': 0.6, 'unit': 'cup'}, {'name': 'cheese', 'calories': 91.3, 'carbs': 0.7, 'protein': 5.2, 'fat': 7.5, 'quantity': 0.2, 'unit': 'cup, shredded'}]""","""[\""beef\"", \""carrots\"", \""peas\"", \""white rice\"", \""grilled vegetables\"", \""cheese\""]""",6,475.6,22.4,35.6,27.1
fsb_00119,fsb_00119.jpg,Beef And Vegetable Stew With Rice,"""[{'name': 'beef', 'calories': 259.0, 'carbs': 0.0, 'protein': 26.1, 'fat': 16.6, 'quantity': 100, 'unit': 'g'}, {'name': 'potatoes', 'calories': 74.4, 'carbs': 16.9, 'protein': 2.0, 'fat': 0.1, 'quantity': 80, 'unit': 'g'}, {'name': 'carrots', 'calories': 21.0, 'carbs': 4.9, 'protein': 0.5, 'fat': 0.1, 'quantity': 60, 'unit': 'g'}, {'name': 'onions', 'calories': 13.2, 'carbs': 3.0, 'protein': 0.4, 'fat': 0.1, 'quantity': 30, 'unit': 'g'}, {'name': 'tomatoes', 'calories': 9.0, 'carbs': 1.9, 'protein': 0.4, 'fat': 0.1, 'quantity': 50, 'unit': 'g'}, {'name': 'white rice', 'calories': 205.4, 'carbs': 44.5, 'protein': 4.3, 'fat': 0.4, 'quantity': 1, 'unit': 'cup'}]""","""[\""beef\"", \""potatoes\"", \""carrots\"", \""onions\"", \""tomatoes\"", \""white rice\""]""",6,582.0,71.2,33.7,17.4
fsb_00120,fsb_00120.jpg,Beef Stew with Salad and Fruit,"""[{'name': 'beef stew', 'calories': 267.5, 'carbs': 20.6, 'protein': 29.0, 'fat': 8.1, 'quantity': 1, 'unit': 'cup'}, {'name': 'lettuce', 'calories': 4.8, 'carbs': 0.9, 'protein': 0.3, 'fat': 0.1, 'quantity': 1, 'unit': 'wt. oz'}, {'name': 'carrot', 'calories': 10.9, 'carbs': 2.6, 'protein': 0.2, 'fat': 0.1, 'quantity': 0.2, 'unit': 'cup'}, {'name': 'cucumber', 'calories': 3.9, 'carbs': 0.9, 'protein': 0.2, 'fat': 0.0, 'quantity': 0.25, 'unit': 'cup slices'}, {'name': 'strawberries', 'calories': 11.5, 'carbs': 2.8, 'protein': 0.2, 'fat': 0.1, 'quantity': 3, 'unit': 'medium (1-1/4\"" dia)'}, {'name': 'blackberries', 'calories': 11.6, 'carbs': 2.6, 'protein': 0.4, 'fat': 0.1, 'quantity': 3, 'unit': 'tbsp'}, {'name': 'blueberries', 'calories': 7.8, 'carbs': 2.0, 'protein': 0.1, 'fat': 0.0, 'quantity': 10, 'unit': 'berry'}, {'name': 'apple', 'calories': 17.0, 'carbs': 4.5, 'protein': 0.1, 'fat': 0.1, 'quantity': 0.3, 'unit': 'cup slices'}]""","""[\""beef stew\"", \""lettuce\"", \""carrot\"", \""cucumber\"", \""strawberries\"", \""blackberries\"", \""blueberries\"", \""apple\""]""",8,335.0,36.9,30.5,8.6
fsb_00121,fsb_00121.jpg,Beef Stew with Wild Rice and Brussels Sprouts,"""[{'name': 'beef stew', 'calories': 187.3, 'carbs': 14.4, 'protein': 20.3, 'fat': 5.6, 'quantity': 0.7, 'unit': 'cup'}, {'name': 'wild rice', 'calories': 82.8, 'carbs': 17.5, 'protein': 3.3, 'fat': 0.3, 'quantity': 0.5, 'unit': 'cup'}, {'name': 'brussels sprouts', 'calories': 11.2, 'carbs': 2.2, 'protein': 0.8, 'fat': 0.2, 'quantity': 0.2, 'unit': 'cup'}, {'name': 'beets', 'calories': 18.7, 'carbs': 4.2, 'protein': 0.7, 'fat': 0.1, 'quantity': 0.25, 'unit': 'cup slices'}]""","""[\""beef stew\"", \""wild rice\"", \""brussels sprouts\"", \""beets\""]""",4,300.0,38.3,25.1,6.2
fsb_00122,fsb_00122.jpg,French Onion Soup,"""[{'name': 'onion', 'calories': 27.7, 'carbs': 6.4, 'protein': 0.9, 'fat': 0.1, 'quantity': 0.3, 'unit': 'cup'}, {'name': 'broth', 'calories': 17.3, 'carbs': 1.7, 'protein': 1.2, 'fat': 0.6, 'quantity': 0.2, 'unit': 'cup'}, {'name': 'mozzarella', 'calories': 85.0, 'carbs': 0.6, 'protein': 6.3, 'fat': 6.3, 'quantity': 1, 'unit': 'oz'}]""","""[\""onion\"", \""broth\"", \""mozzarella\""]""",3,130.0,8.7,8.4,7.0
fsb_00123,fsb_00123.jpg,Beef Stew,"""[{'name': 'beef', 'calories': 259.0, 'carbs': 0.0, 'protein': 26.1, 'fat': 16.6, 'quantity': 100, 'unit': 'g'}, {'name': 'carrots', 'calories': 27.2, 'carbs': 6.4, 'protein': 0.6, 'fat': 0.1, 'quantity': 0.5, 'unit': 'cup'}, {'name': 'onions', 'calories': 27.7, 'carbs': 6.4, 'protein': 0.9, 'fat': 0.1, 'quantity': 0.3, 'unit': 'cup'}, {'name': 'beef broth', 'calories': 16.8, 'carbs': 0.1, 'protein': 2.7, 'fat': 0.5, 'quantity': 1, 'unit': 'cup'}, {'name': 'olive oil', 'calories': 119.3, 'carbs': 0.0, 'protein': 0.0, 'fat': 13.5, 'quantity': 1, 'unit': 'tbsp'}]""","""[\""beef\"", \""carrots\"", \""onions\"", \""beef broth\"", \""olive oil\""]""",5,450.0,12.9,30.3,30.8
fsb_00124,fsb_00124.jpg,Beef Stew,"""[{'name': 'beef', 'calories': 220.2, 'carbs': 0.0, 'protein': 22.2, 'fat': 14.1, 'quantity': 3, 'unit': 'oz'}, {'name': 'carrots', 'calories': 27.2, 'carbs': 6.4, 'protein': 0.6, 'fat': 0.1, 'quantity': 0.5, 'unit': 'cup'}, {'name': 'mushrooms', 'calories': 4.4, 'carbs': 0.8, 'protein': 0.3, 'fat': 0.1, 'quantity': 0.1, 'unit': 'cup'}, {'name': 'broth', 'calories': 17.3, 'carbs': 1.7, 'protein': 1.2, 'fat': 0.6, 'quantity': 0.2, 'unit': 'cup'}]""","""[\""beef\"", \""carrots\"", \""mushrooms\"", \""broth\""]""",4,269.1,8.9,24.3,14.9
fsb_00125,fsb_00125.jpg,Beef Stew,"""[{'name': 'beef', 'calories': 220.2, 'carbs': 0.0, 'protein': 22.2, 'fat': 14.1, 'quantity': 3, 'unit': 'oz'}, {'name': 'potatoes', 'calories': 68.1, 'carbs': 15.5, 'protein': 1.8, 'fat': 0.1, 'quantity': 0.6, 'unit': 'cup'}, {'name': 'carrots', 'calories': 10.9, 'carbs': 2.6, 'protein': 0.2, 'fat': 0.1, 'quantity': 0.2, 'unit': 'cup'}, {'name': 'onions', 'calories': 9.2, 'carbs': 2.1, 'protein': 0.3, 'fat': 0.0, 'quantity': 0.1, 'unit': 'cup'}, {'name': 'beef broth', 'calories': 10.1, 'carbs': 0.1, 'protein': 1.6, 'fat': 0.3, 'quantity': 0.6, 'unit': 'cup'}]""","""[\""beef\"", \""potatoes\"", \""carrots\"", \""onions\"", \""beef broth\""]""",5,318.5,20.3,26.1,14.6
fsb_00126,fsb_00126.jpg,Beef Stir-Fry with Bell Peppers,"""[{'name': 'beef', 'calories': 259.0, 'carbs': 0.0, 'protein': 26.1, 'fat': 16.6, 'quantity': 100, 'unit': 'g'}, {'name': 'green bell pepper', 'calories': 25.5, 'carbs': 6.1, 'protein': 0.8, 'fat': 0.2, 'quantity': 0.8, 'unit': 'pepper'}, {'name': 'red bell pepper', 'calories': 37.8, 'carbs': 9.0, 'protein': 1.2, 'fat': 0.3, 'quantity': 1, 'unit': 'cup, strips'}, {'name': 'olive oil', 'calories': 119.3, 'carbs': 0.0, 'protein': 0.0, 'fat': 13.5, 'quantity': 1, 'unit': 'tbsp'}]""","""[\""beef\"", \""green bell pepper\"", \""red bell pepper\"", \""olive oil\""]""",4,441.6,15.1,28.1,30.6
fsb_00127,fsb_00127.jpg,Beef Stir-Fry With Rice,"""[{'name': 'beef', 'calories': 221.4, 'carbs': 0.0, 'protein': 22.3, 'fat': 14.2, 'quantity': 0.3, 'unit': 'piece, cooked, excluding refuse (yield from 1 lb raw meat with refuse)'}, {'name': 'white rice', 'calories': 102.7, 'carbs': 22.3, 'protein': 2.1, 'fat': 0.2, 'quantity': 0.5, 'unit': 'cup'}, {'name': 'stuffed mushrooms', 'calories': 126.8, 'carbs': 7.3, 'protein': 3.2, 'fat': 9.8, 'quantity': 2, 'unit': 'wt. oz'}, {'name': 'vegetables', 'calories': 17.7, 'carbs': 3.6, 'protein': 0.8, 'fat': 0.0, 'quantity': 0.15, 'unit': 'cup'}, {'name': 'oil', 'calories': 123.8, 'carbs': 0.0, 'protein': 0.0, 'fat': 14.0, 'quantity': 1, 'unit': 'tbsp'}, {'name': 'egg', 'calories': 71.5, 'carbs': 0.4, 'protein': 6.3, 'fat': 4.8, 'quantity': 1, 'unit': 'large'}]""","""[\""beef\"", \""white rice\"", \""stuffed mushrooms\"", \""vegetables\"", \""oil\"", \""egg\""]""",6,663.9,33.6,34.7,43.0
fsb_00128,fsb_00128.jpg,Beef Stir-Fry with Vegetables and Rice,"""[{'name': 'beef', 'calories': 220.2, 'carbs': 0.0, 'protein': 22.2, 'fat': 14.1, 'quantity': 3, 'unit': 'oz'}, {'name': 'white rice', 'calories': 102.7, 'carbs': 22.3, 'protein': 2.1, 'fat': 0.2, 'quantity': 0.5, 'unit': 'cup'}, {'name': 'broccoli', 'calories': 9.8, 'carbs': 2.0, 'protein': 0.7, 'fat': 0.1, 'quantity': 0.2, 'unit': 'stalk, small (5\"" long)'}, {'name': 'green bell pepper', 'calories': 6.4, 'carbs': 1.5, 'protein': 0.2, 'fat': 0.0, 'quantity': 0.2, 'unit': 'pepper'}, {'name': 'snow peas', 'calories': 6.7, 'carbs': 1.1, 'protein': 0.5, 'fat': 0.0, 'quantity': 0.1, 'unit': 'cup'}, {'name': 'water chestnuts', 'calories': 18.0, 'carbs': 4.5, 'protein': 0.3, 'fat': 0.0, 'quantity': 0.15, 'unit': 'cup slices'}, {'name': 'soy sauce', 'calories': 8.5, 'carbs': 0.8, 'protein': 1.3, 'fat': 0.1, 'quantity': 1, 'unit': 'tbsp'}]""","""[\""beef\"", \""white rice\"", \""broccoli\"", \""green bell pepper\"", \""snow peas\"", \""water chestnuts\"", \""soy sauce\""]""",7,372.3,32.2,27.3,14.5
fsb_00129,fsb_00129.jpg,Beef Stir-Fry,"""[{'name': 'beef', 'calories': 147.6, 'carbs': 0.0, 'protein': 14.9, 'fat': 9.5, 'quantity': 0.2, 'unit': 'piece, cooked, excluding refuse (yield from 1 lb raw meat with refuse)'}, {'name': 'mixed vegetables', 'calories': 45.3, 'carbs': 9.7, 'protein': 2.4, 'fat': 0.5, 'quantity': 1, 'unit': 'cup'}, {'name': 'vegetable oil', 'calories': 120.2, 'carbs': 0.0, 'protein': 0.0, 'fat': 13.6, 'quantity': 1, 'unit': 'tbsp'}, {'name': 'Premium Hashbrown Potatoes', 'calories': 181.8, 'carbs': 39.4, 'protein': 3.0, 'fat': 0.0, 'quantity': 1, 'unit': 'cup dry'}]""","""[\""beef\"", \""mixed vegetables\"", \""vegetable oil\"", \""Premium Hashbrown Potatoes\""]""",4,494.9,49.1,20.3,23.6
fsb_00130,fsb_00130.jpg,Beef Stroganoff with Green Beans,"""[{'name': 'beef', 'calories': 220.2, 'carbs': 0.0, 'protein': 22.2, 'fat': 14.1, 'quantity': 3, 'unit': 'oz'}, {'name': 'egg noodles', 'calories': 110.4, 'carbs': 20.1, 'protein': 3.6, 'fat': 1.7, 'quantity': 0.5, 'unit': 'cup'}, {'name': 'mushrooms', 'calories': 4.4, 'carbs': 0.8, 'protein': 0.3, 'fat': 0.1, 'quantity': 0.1, 'unit': 'cup'}, {'name': 'sour cream', 'calories': 71.3, 'carbs': 1.7, 'protein': 0.9, 'fat': 7.0, 'quantity': 3, 'unit': 'tbsp'}, {'name': 'green beans', 'calories': 17.5, 'carbs': 3.9, 'protein': 0.9, 'fat': 0.1, 'quantity': 0.4, 'unit': 'cup'}]""","""[\""beef\"", \""egg noodles\"", \""mushrooms\"", \""sour cream\"", \""green beans\""]""",5,423.8,26.5,27.9,23.0
fsb_00131,fsb_00131.jpg,Beef Tacos with Sides,"""[{'name': 'ground beef', 'calories': 202.6, 'carbs': 0.0, 'protein': 20.1, 'fat': 12.9, 'quantity': 0.5, 'unit': 'portion ( yield from 1/2 lb raw meat )'}, {'name': 'taco shells', 'calories': 120.9, 'carbs': 16.1, 'protein': 1.6, 'fat': 5.5, 'quantity': 2, 'unit': 'taco'}, {'name': 'shredded cheese', 'calories': 114.1, 'carbs': 0.9, 'protein': 6.5, 'fat': 9.4, 'quantity': 0.25, 'unit': 'cup'}, {'name': 'lettuce', 'calories': 4.3, 'carbs': 0.8, 'protein': 0.3, 'fat': 0.1, 'quantity': 0.3, 'unit': 'NLEA serving'}, {'name': 'sour cream', 'calories': 71.3, 'carbs': 1.7, 'protein': 0.9, 'fat': 7.0, 'quantity': 3, 'unit': 'tbsp'}, {'name': 'salsa', 'calories': 10.4, 'carbs': 2.4, 'protein': 0.5, 'fat': 0.1, 'quantity': 2, 'unit': 'tbsp'}]""","""[\""ground beef\"", \""taco shells\"", \""shredded cheese\"", \""lettuce\"", \""sour cream\"", \""salsa\""]""",6,523.6,21.9,29.9,35.0
fsb_00132,fsb_00132.jpg,Beef Tagliatelle,"""[{'name': 'tagliatelle', 'calories': 167.7, 'carbs': 31.9, 'protein': 6.6, 'fat': 1.3, 'quantity': 1, 'unit': 'cup'}, {'name': 'beef', 'calories': 220.2, 'carbs': 0.0, 'protein': 22.2, 'fat': 14.1, 'quantity': 3, 'unit': 'oz'}, {'name': 'parmesan cheese', 'calories': 42.0, 'carbs': 1.4, 'protein': 2.8, 'fat': 2.8, 'quantity': 2, 'unit': 'tbsp'}, {'name': 'tomato sauce', 'calories': 29.4, 'carbs': 6.5, 'protein': 1.5, 'fat': 0.4, 'quantity': 0.5, 'unit': 'cup'}, {'name': 'olive oil', 'calories': 119.3, 'carbs': 0.0, 'protein': 0.0, 'fat': 13.5, 'quantity': 1, 'unit': 'tbsp'}]""","""[\""tagliatelle\"", \""beef\"", \""parmesan cheese\"", \""tomato sauce\"", \""olive oil\""]""",5,578.6,39.8,33.1,32.1
fsb_00133,fsb_00133.jpg,Beef Vegetable Soup with Rice,"""[{'name': 'beef', 'calories': 220.2, 'carbs': 0.0, 'protein': 22.2, 'fat': 14.1, 'quantity': 3, 'unit': 'oz'}, {'name': 'potato', 'calories': 113.5, 'carbs': 25.8, 'protein': 3.0, 'fat': 0.2, 'quantity': 1, 'unit': 'cup'}, {'name': 'carrot', 'calories': 11.3, 'carbs': 2.6, 'protein': 0.2, 'fat': 0.1, 'quantity': 0.7, 'unit': 'carrot'}, {'name': 'corn', 'calories': 42.9, 'carbs': 9.4, 'protein': 1.5, 'fat': 0.7, 'quantity': 0.3, 'unit': 'cup cut'}, {'name': 'cabbage', 'calories': 5.2, 'carbs': 1.2, 'protein': 0.3, 'fat': 0.0, 'quantity': 0.15, 'unit': 'cup, shredded'}, {'name': 'broth', 'calories': 17.3, 'carbs': 1.7, 'protein': 1.2, 'fat': 0.6, 'quantity': 0.2, 'unit': 'cup'}, {'name': 'white rice', 'calories': 102.7, 'carbs': 22.3, 'protein': 2.1, 'fat': 0.2, 'quantity': 0.5, 'unit': 'cup'}]""","""[\""beef\"", \""potato\"", \""carrot\"", \""corn\"", \""cabbage\"", \""broth\"", \""white rice\""]""",7,513.1,63.0,30.5,15.9
fsb_00134,fsb_00134.jpg,Beef with Black-Eyed Peas and Cabbage,"""[{'name': 'beef', 'calories': 220.2, 'carbs': 0.0, 'protein': 22.2, 'fat': 14.1, 'quantity': 3, 'unit': 'oz'}, {'name': 'black eyed peas', 'calories': 99.2, 'carbs': 17.7, 'protein': 6.6, 'fat': 0.5, 'quantity': 0.5, 'unit': 'cup'}, {'name': 'cabbage', 'calories': 10.3, 'carbs': 2.5, 'protein': 0.6, 'fat': 0.0, 'quantity': 0.3, 'unit': 'cup, shredded'}, {'name': 'carrots', 'calories': 10.9, 'carbs': 2.6, 'protein': 0.2, 'fat': 0.1, 'quantity': 0.2, 'unit': 'cup'}]""","""[\""beef\"", \""black eyed peas\"", \""cabbage\"", \""carrots\""]""",4,340.6,22.8,29.6,14.7
fsb_00135,fsb_00135.jpg,Beef with Rice and Potato Salad,"""[{'name': 'beef', 'calories': 220.2, 'carbs': 0.0, 'protein': 22.2, 'fat': 14.1, 'quantity': 3, 'unit': 'oz'}, {'name': 'mexican rice', 'calories': 99.1, 'carbs': 12.9, 'protein': 2.1, 'fat': 4.3, 'quantity': 0.4, 'unit': 'cup'}, {'name': 'potato salad', 'calories': 178.8, 'carbs': 14.0, 'protein': 3.4, 'fat': 10.2, 'quantity': 0.5, 'unit': 'cup'}, {'name': 'corn tortilla', 'calories': 157.0, 'carbs': 32.1, 'protein': 4.1, 'fat': 2.1, 'quantity': 3, 'unit': 'tortilla'}]""","""[\""beef\"", \""mexican rice\"", \""potato salad\"", \""corn tortilla\""]""",4,655.1,59.0,31.8,30.7
fsb_00136,fsb_00136.jpg,Beef Wrap with Green Sauce,"""[{'name': 'beef', 'calories': 259.0, 'carbs': 0.0, 'protein': 26.1, 'fat': 16.6, 'quantity': 100, 'unit': 'g'}, {'name': 'tortilla', 'calories': 143.3, 'carbs': 24.5, 'protein': 3.8, 'fat': 3.1, 'quantity': 0.9, 'unit': 'tortilla (approx 7-8\"" dia)'}, {'name': 'cheese', 'calories': 121.2, 'carbs': 0.9, 'protein': 6.9, 'fat': 10.0, 'quantity': 30, 'unit': 'g'}, {'name': 'onion', 'calories': 8.8, 'carbs': 2.0, 'protein': 0.3, 'fat': 0.0, 'quantity': 20, 'unit': 'g'}, {'name': 'pickles', 'calories': 3.6, 'carbs': 0.7, 'protein': 0.1, 'fat': 0.1, 'quantity': 30, 'unit': 'g'}, {'name': 'sauce', 'calories': 57.8, 'carbs': 8.6, 'protein': 1.6, 'fat': 1.9, 'quantity': 7, 'unit': 'tbsp'}]""","""[\""beef\"", \""tortilla\"", \""cheese\"", \""onion\"", \""pickles\"", \""sauce\""]""",6,593.7,36.7,38.8,31.7
fsb_00137,fsb_00137.jpg,Berry Smoothie Bowl,"""[{'name': 'strawberries', 'calories': 19.2, 'carbs': 4.6, 'protein': 0.4, 'fat': 0.2, 'quantity': 5, 'unit': 'medium (1-1/4\"" dia)'}, {'name': 'blueberries', 'calories': 21.1, 'carbs': 5.4, 'protein': 0.3, 'fat': 0.1, 'quantity': 0.25, 'unit': 'cup'}, {'name': 'smoothie', 'calories': 145.2, 'carbs': 30.4, 'protein': 4.9, 'fat': 1.5, 'quantity': 0.9, 'unit': 'cup'}, {'name': 'honey', 'calories': 21.5, 'carbs': 5.8, 'protein': 0.0, 'fat': 0.0, 'quantity': 1, 'unit': 'tsp'}]""","""[\""strawberries\"", \""blueberries\"", \""smoothie\"", \""honey\""]""",4,207.0,46.2,5.6,1.8
fsb_00138,fsb_00138.jpg,Veal Biryani,"""[{'name': 'basmati rice', 'calories': 205.4, 'carbs': 44.5, 'protein': 4.3, 'fat': 0.4, 'quantity': 1, 'unit': 'cup'}, {'name': 'carrots', 'calories': 10.9, 'carbs': 2.6, 'protein': 0.2, 'fat': 0.1, 'quantity': 0.2, 'unit': 'cup'}, {'name': 'onions', 'calories': 18.5, 'carbs': 4.3, 'protein': 0.6, 'fat': 0.1, 'quantity': 0.2, 'unit': 'cup'}, {'name': 'oil', 'calories': 123.8, 'carbs': 0.0, 'protein': 0.0, 'fat': 14.0, 'quantity': 1, 'unit': 'tbsp'}, {'name': 'spices', 'calories': 5.1, 'carbs': 1.1, 'protein': 0.2, 'fat': 0.2, 'quantity': 1, 'unit': 'tsp'}, {'name': 'veal', 'calories': 65.4, 'carbs': 0.0, 'protein': 8.5, 'fat': 3.2, 'quantity': 1, 'unit': 'oz'}]""","""[\""basmati rice\"", \""carrots\"", \""onions\"", \""oil\"", \""spices\"", \""veal\""]""",6,429.1,52.5,13.8,18.0
fsb_00139,fsb_00139.jpg,Black Bean and Corn Salad,"""[{'name': 'black beans', 'calories': 68.1, 'carbs': 12.2, 'protein': 4.6, 'fat': 0.3, 'quantity': 0.3, 'unit': 'cup'}, {'name': 'corn', 'calories': 28.6, 'carbs': 6.3, 'protein': 1.0, 'fat': 0.4, 'quantity': 0.2, 'unit': 'cup cut'}, {'name': 'tomato', 'calories': 3.2, 'carbs': 0.7, 'protein': 0.2, 'fat': 0.0, 'quantity': 0.1, 'unit': 'cup, chopped or sliced'}, {'name': 'chicken', 'calories': 59.4, 'carbs': 0.0, 'protein': 6.5, 'fat': 3.5, 'quantity': 0.2, 'unit': 'cup'}, {'name': 'mayonnaise', 'calories': 93.8, 'carbs': 0.1, 'protein': 0.1, 'fat': 10.3, 'quantity': 1, 'unit': 'tbsp'}]""","""[\""black beans\"", \""corn\"", \""tomato\"", \""chicken\"", \""mayonnaise\""]""",5,253.1,19.3,12.4,14.5
fsb_00140,fsb_00140.jpg,Black Bean and Pumpkin Stew,"""[{'name': 'black beans', 'calories': 227.0, 'carbs': 40.8, 'protein': 15.2, 'fat': 0.9, 'quantity': 1, 'unit': 'cup'}, {'name': 'pumpkin', 'calories': 29.4, 'carbs': 7.2, 'protein': 1.1, 'fat': 0.1, 'quantity': 0.6, 'unit': 'cup'}, {'name': 'onion', 'calories': 18.5, 'carbs': 4.3, 'protein': 0.6, 'fat': 0.1, 'quantity': 0.2, 'unit': 'cup'}, {'name': 'olive oil', 'calories': 119.3, 'carbs': 0.0, 'protein': 0.0, 'fat': 13.5, 'quantity': 1, 'unit': 'tbsp'}]""","""[\""black beans\"", \""pumpkin\"", \""onion\"", \""olive oil\""]""",4,394.2,52.3,16.9,14.6
fsb_00141,fsb_00141.jpg,Black Sesame Mochi with Coconut Cream,"""[{'name': 'mochi', 'calories': 153.5, 'carbs': 30.5, 'protein': 1.5, 'fat': 3.2, 'quantity': 2, 'unit': 'oz'}, {'name': 'sesame seeds', 'calories': 160.2, 'carbs': 7.3, 'protein': 4.8, 'fat': 13.6, 'quantity': 1, 'unit': 'oz'}, {'name': 'coconut cream', 'calories': 135.7, 'carbs': 20.2, 'protein': 0.4, 'fat': 6.2, 'quantity': 2, 'unit': 'tbsp'}]""","""[\""mochi\"", \""sesame seeds\"", \""coconut cream\""]""",3,449.4,58.0,6.7,23.0
fsb_00142,fsb_00142.jpg,Bloody Mary,"""[{'name': 'vodka', 'calories': 97.0, 'carbs': 0.0, 'protein': 0.0, 'fat': 0.0, 'quantity': 1.5, 'unit': 'fl oz'}, {'name': 'tomato juice', 'calories': 18.6, 'carbs': 3.9, 'protein': 0.9, 'fat': 0.3, 'quantity': 3.5999999999999996, 'unit': 'fl oz'}, {'name': 'lemon juice', 'calories': 4.1, 'carbs': 1.4, 'protein': 0.1, 'fat': 0.0, 'quantity': 0.8, 'unit': 'fl oz'}, {'name': 'worcestershire sauce', 'calories': 3.1, 'carbs': 0.8, 'protein': 0.0, 'fat': 0.0, 'quantity': 0.7, 'unit': 'tsp'}, {'name': 'hot sauce', 'calories': 1.0, 'carbs': 0.2, 'protein': 0.0, 'fat': 0.0, 'quantity': 1, 'unit': 'tsp'}, {'name': 'celery salt', 'calories': 4.1, 'carbs': 0.4, 'protein': 0.2, 'fat': 0.3, 'quantity': 1, 'unit': 'tsp'}, {'name': 'black pepper', 'calories': 5.8, 'carbs': 1.5, 'protein': 0.2, 'fat': 0.1, 'quantity': 1, 'unit': 'tsp, ground'}, {'name': 'olive', 'calories': 5.1, 'carbs': 0.3, 'protein': 0.0, 'fat': 0.5, 'quantity': 1, 'unit': 'large'}, {'name': 'lime', 'calories': 1.9, 'carbs': 0.7, 'protein': 0.0, 'fat': 0.0, 'quantity': 0.8, 'unit': 'wedge'}]""","""[\""vodka\"", \""tomato juice\"", \""lemon juice\"", \""worcestershire sauce\"", \""hot sauce\"", \""celery salt\"", \""black pepper\"", \""olive\"", \""lime\""]""",9,140.7,9.2,1.4,1.2
fsb_00143,fsb_00143.jpg,BLT Sandwich with Fries,"""[{'name': 'bacon', 'calories': 129.2, 'carbs': 0.5, 'protein': 9.4, 'fat': 9.7, 'quantity': 2.4000000000000004, 'unit': 'slices'}, {'name': 'lettuce', 'calories': 1.0, 'carbs': 0.2, 'protein': 0.1, 'fat': 0.0, 'quantity': 1, 'unit': 'leaf inner'}, {'name': 'tomato', 'calories': 6.1, 'carbs': 1.3, 'protein': 0.3, 'fat': 0.1, 'quantity': 2, 'unit': 'cherry'}, {'name': 'white bread', 'calories': 159.6, 'carbs': 29.7, 'protein': 5.3, 'fat': 2.0, 'quantity': 2, 'unit': 'slice, large'}, {'name': 'mayonnaise', 'calories': 93.8, 'carbs': 0.1, 'protein': 0.1, 'fat': 10.3, 'quantity': 1, 'unit': 'tbsp'}, {'name': 'french fries', 'calories': 355.7, 'carbs': 47.2, 'protein': 3.9, 'fat': 16.8, 'quantity': 2, 'unit': 'cup'}]""","""[\""bacon\"", \""lettuce\"", \""tomato\"", \""white bread\"", \""mayonnaise\"", \""french fries\""]""",6,745.4,79.0,19.1,38.9
fsb_00144,fsb_00144.jpg,BLT Sandwich,"""[{'name': 'bread', 'calories': 159.6, 'carbs': 29.7, 'protein': 5.3, 'fat': 2.0, 'quantity': 2, 'unit': 'slice, large'}, {'name': 'bacon', 'calories': 113.0, 'carbs': 0.4, 'protein': 8.2, 'fat': 8.5, 'quantity': 2.0999999999999996, 'unit': 'slices'}, {'name': 'lettuce', 'calories': 1.0, 'carbs': 0.2, 'protein': 0.1, 'fat': 0.0, 'quantity': 1, 'unit': 'leaf inner'}, {'name': 'tomato', 'calories': 5.4, 'carbs': 1.2, 'protein': 0.3, 'fat': 0.1, 'quantity': 2, 'unit': 'slice, thin/small'}, {'name': 'mayonnaise', 'calories': 93.8, 'carbs': 0.1, 'protein': 0.1, 'fat': 10.3, 'quantity': 1, 'unit': 'tbsp'}]""","""[\""bread\"", \""bacon\"", \""lettuce\"", \""tomato\"", \""mayonnaise\""]""",5,372.8,31.6,14.0,20.9
fsb_00145,fsb_00145.jpg,BLT Sandwich,"""[{'name': 'whole wheat bread', 'calories': 161.3, 'carbs': 27.3, 'protein': 8.0, 'fat': 2.2, 'quantity': 2, 'unit': 'slice'}, {'name': 'bacon', 'calories': 129.2, 'carbs': 0.5, 'protein': 9.4, 'fat': 9.7, 'quantity': 2.4000000000000004, 'unit': 'slices'}, {'name': 'lettuce', 'calories': 1.0, 'carbs': 0.2, 'protein': 0.1, 'fat': 0.0, 'quantity': 1, 'unit': 'leaf inner'}, {'name': 'tomato', 'calories': 6.1, 'carbs': 1.3, 'protein': 0.3, 'fat': 0.1, 'quantity': 2, 'unit': 'cherry'}, {'name': 'mayonnaise', 'calories': 93.8, 'carbs': 0.1, 'protein': 0.1, 'fat': 10.3, 'quantity': 1, 'unit': 'tbsp'}]""","""[\""whole wheat bread\"", \""bacon\"", \""lettuce\"", \""tomato\"", \""mayonnaise\""]""",5,391.4,29.4,17.9,22.3
fsb_00146,fsb_00146.jpg,Blueberry Cream Pie,"""[{'name': 'pie crust', 'calories': 100.8, 'carbs': 11.2, 'protein': 1.3, 'fat': 5.7, 'quantity': 0.7, 'unit': 'wt. oz'}, {'name': 'cream', 'calories': 244.8, 'carbs': 2.0, 'protein': 2.0, 'fat': 26.0, 'quantity': 0.6, 'unit': 'cup, whipped'}, {'name': 'blueberries', 'calories': 7.8, 'carbs': 2.0, 'protein': 0.1, 'fat': 0.0, 'quantity': 10, 'unit': 'berry'}]""","""[\""pie crust\"", \""cream\"", \""blueberries\""]""",3,353.4,15.2,3.4,31.7
fsb_00147,fsb_00147.jpg,Spinach Blueberry Smoothie,"""[{'name': 'spinach', 'calories': 41.4, 'carbs': 6.8, 'protein': 5.3, 'fat': 0.5, 'quantity': 1, 'unit': 'cup'}, {'name': 'blueberries', 'calories': 84.4, 'carbs': 21.4, 'protein': 1.1, 'fat': 0.5, 'quantity': 1, 'unit': 'cup'}, {'name': 'greek yogurt', 'calories': 93.6, 'carbs': 5.7, 'protein': 16.2, 'fat': 0.6, 'quantity': 0.7, 'unit': 'cup'}, {'name': 'almond milk', 'calories': 56.0, 'carbs': 8.1, 'protein': 1.1, 'fat': 2.5, 'quantity': 1, 'unit': 'cup'}]""","""[\""spinach\"", \""blueberries\"", \""greek yogurt\"", \""almond milk\""]""",4,275.4,42.0,23.7,4.1
fsb_00148,fsb_00148.jpg,Fruit Salad With Boiled Egg,"""[{'name': 'hard boiled egg', 'calories': 77.5, 'carbs': 0.6, 'protein': 6.3, 'fat': 5.3, 'quantity': 1, 'unit': 'large'}, {'name': 'cantaloupe', 'calories': 16.3, 'carbs': 3.9, 'protein': 0.4, 'fat': 0.1, 'quantity': 0.3, 'unit': 'cup, cubes'}, {'name': 'pineapple', 'calories': 20.6, 'carbs': 5.4, 'protein': 0.2, 'fat': 0.0, 'quantity': 0.25, 'unit': 'cup, chunks'}, {'name': 'blueberries', 'calories': 21.1, 'carbs': 5.4, 'protein': 0.3, 'fat': 0.1, 'quantity': 0.25, 'unit': 'cup'}, {'name': 'kiwi', 'calories': 42.1, 'carbs': 10.1, 'protein': 0.8, 'fat': 0.4, 'quantity': 1, 'unit': 'fruit (2\"" dia)'}]""","""[\""hard boiled egg\"", \""cantaloupe\"", \""pineapple\"", \""blueberries\"", \""kiwi\""]""",5,177.6,25.4,8.0,5.9
fsb_00149,fsb_00149.jpg,Braised Tofu with Mushrooms,"""[{'name': 'tofu', 'calories': 185.3, 'carbs': 2.6, 'protein': 22.3, 'fat': 11.7, 'quantity': 0.9, 'unit': 'cup'}, {'name': 'mushrooms', 'calories': 8.8, 'carbs': 1.7, 'protein': 0.7, 'fat': 0.1, 'quantity': 0.2, 'unit': 'cup'}, {'name': 'soy sauce', 'calories': 17.0, 'carbs': 1.6, 'protein': 2.6, 'fat': 0.2, 'quantity': 2, 'unit': 'tbsp'}, {'name': 'vegetable oil', 'calories': 120.2, 'carbs': 0.0, 'protein': 0.0, 'fat': 13.6, 'quantity': 1, 'unit': 'tbsp'}, {'name': 'garlic', 'calories': 8.0, 'carbs': 1.8, 'protein': 0.3, 'fat': 0.0, 'quantity': 1.7999999999999998, 'unit': 'cloves'}, {'name': 'chili pepper', 'calories': 5.7, 'carbs': 1.2, 'protein': 0.3, 'fat': 0.1, 'quantity': 0.5, 'unit': 'wt. oz'}]""","""[\""tofu\"", \""mushrooms\"", \""soy sauce\"", \""vegetable oil\"", \""garlic\"", \""chili pepper\""]""",6,345.0,8.9,26.2,25.7
fsb_00150,fsb_00150.jpg,Bread and Cheese Platter,"""[{'name': 'bread', 'calories': 239.4, 'carbs': 44.5, 'protein': 8.0, 'fat': 3.0, 'quantity': 3, 'unit': 'slice, large'}, {'name': 'butter', 'calories': 101.8, 'carbs': 0.0, 'protein': 0.1, 'fat': 11.5, 'quantity': 1, 'unit': 'tbsp'}, {'name': 'cheese', 'calories': 202.0, 'carbs': 1.5, 'protein': 11.4, 'fat': 16.7, 'quantity': 50, 'unit': 'g'}, {'name': 'chutney', 'calories': 53.8, 'carbs': 4.3, 'protein': 2.2, 'fat': 3.7, 'quantity': 2, 'unit': 'serving'}]""","""[\""bread\"", \""butter\"", \""cheese\"", \""chutney\""]""",4,597.0,50.3,21.7,34.9
fsb_00151,fsb_00151.jpg,Bread and Fruit Plate,"""[{'name': 'bread', 'calories': 159.6, 'carbs': 29.7, 'protein': 5.3, 'fat': 2.0, 'quantity': 2, 'unit': 'slice, large'}, {'name': 'guava', 'calories': 33.7, 'carbs': 7.1, 'protein': 1.3, 'fat': 0.5, 'quantity': 0.3, 'unit': 'cup'}, {'name': 'avocado', 'calories': 64.3, 'carbs': 3.4, 'protein': 0.8, 'fat': 5.9, 'quantity': 0.2, 'unit': 'avocado, NS as to Florida or California'}]""","""[\""bread\"", \""guava\"", \""avocado\""]""",3,257.6,40.2,7.4,8.4
fsb_00152,fsb_00152.jpg,Buttered Toast,"""[{'name': 'white bread', 'calories': 66.5, 'carbs': 12.4, 'protein': 2.2, 'fat': 0.8, 'quantity': 1, 'unit': 'slice'}, {'name': 'brown bread', 'calories': 77.4, 'carbs': 14.1, 'protein': 3.1, 'fat': 0.9, 'quantity': 1, 'unit': 'slice'}, {'name': 'butter', 'calories': 101.8, 'carbs': 0.0, 'protein': 0.1, 'fat': 11.5, 'quantity': 1, 'unit': 'tbsp'}]""","""[\""white bread\"", \""brown bread\"", \""butter\""]""",3,245.7,26.5,5.4,13.2
fsb_00153,fsb_00153.jpg,Bread with Za'atar,"""[{'name': 'bread roll', 'calories': 109.2, 'carbs': 18.4, 'protein': 3.4, 'fat': 2.5, 'quantity': 1, 'unit': 'cup'}, {'name': 'zaatar', 'calories': 29.1, 'carbs': 3.5, 'protein': 1.1, 'fat': 1.9, 'quantity': 2, 'unit': 'tbsp'}, {'name': 'olive oil', 'calories': 59.7, 'carbs': 0.0, 'protein': 0.0, 'fat': 6.8, 'quantity': 0.5, 'unit': 'tablespoon'}]""","""[\""bread roll\"", \""zaatar\"", \""olive oil\""]""",3,198.0,21.9,4.5,11.2
fsb_00154,fsb_00154.jpg,Spinach And Roasted Potato Salad,"""[{'name': 'roasted potatoes', 'calories': 160.4, 'carbs': 20.7, 'protein': 2.4, 'fat': 7.7, 'quantity': 4, 'unit': 'oz'}, {'name': 'spinach', 'calories': 20.7, 'carbs': 3.4, 'protein': 2.7, 'fat': 0.2, 'quantity': 0.5, 'unit': 'cup'}, {'name': 'garlic', 'calories': 8.0, 'carbs': 1.8, 'protein': 0.3, 'fat': 0.0, 'quantity': 1.7999999999999998, 'unit': 'cloves'}, {'name': 'salad', 'calories': 60.0, 'carbs': 12.6, 'protein': 3.7, 'fat': 0.6, 'quantity': 3, 'unit': 'serving'}]""","""[\""roasted potatoes\"", \""spinach\"", \""garlic\"", \""salad\""]""",4,249.1,38.5,9.1,8.5
fsb_00155,fsb_00155.jpg,Breaded Chicken Piece,"""[{'name': 'chicken breast', 'calories': 145.5, 'carbs': 0.0, 'protein': 27.4, 'fat': 3.1, 'quantity': 0.9, 'unit': 'fillet'}, {'name': 'breadcrumbs', 'calories': 96.0, 'carbs': 17.5, 'protein': 3.2, 'fat': 1.3, 'quantity': 0.225, 'unit': 'cup'}, {'name': 'olive oil', 'calories': 59.7, 'carbs': 0.0, 'protein': 0.0, 'fat': 6.8, 'quantity': 0.5, 'unit': 'tablespoon'}]""","""[\""chicken breast\"", \""breadcrumbs\"", \""olive oil\""]""",3,301.2,17.5,30.6,11.2
fsb_00156,fsb_00156.jpg,Breaded Chicken Strips with Yorkshire Pudding,"""[{'name': 'breaded chicken', 'calories': 312.5, 'carbs': 21.8, 'protein': 20.3, 'fat': 16.0, 'quantity': 8, 'unit': 'pieces'}, {'name': 'yorkshire pudding', 'calories': 130.0, 'carbs': 11.5, 'protein': 4.4, 'fat': 7.2, 'quantity': 1, 'unit': 'pudding'}, {'name': 'onion', 'calories': 8.3, 'carbs': 1.9, 'protein': 0.3, 'fat': 0.0, 'quantity': 0.2, 'unit': 'medium'}]""","""[\""breaded chicken\"", \""yorkshire pudding\"", \""onion\""]""",3,450.8,35.2,25.0,23.2
fsb_00157,fsb_00157.jpg,Creamed Broccoli And Corn,"""[{'name': 'broccoli', 'calories': 27.3, 'carbs': 5.6, 'protein': 1.9, 'fat': 0.3, 'quantity': 0.5, 'unit': 'cup, chopped'}, {'name': 'cream sauce', 'calories': 89.0, 'carbs': 5.1, 'protein': 2.1, 'fat': 6.8, 'quantity': 4, 'unit': 'tbsp'}, {'name': 'corn', 'calories': 71.5, 'carbs': 15.6, 'protein': 2.5, 'fat': 1.1, 'quantity': 0.5, 'unit': 'cup cut'}, {'name': 'onion', 'calories': 18.5, 'carbs': 4.3, 'protein': 0.6, 'fat': 0.1, 'quantity': 0.2, 'unit': 'cup'}, {'name': 'breaded pork chop', 'calories': 400.2, 'carbs': 22.4, 'protein': 26.2, 'fat': 22.2, 'quantity': 1, 'unit': 'pork chop'}]""","""[\""broccoli\"", \""cream sauce\"", \""corn\"", \""onion\"", \""breaded pork chop\""]""",5,606.5,53.0,33.3,30.5
fsb_00158,fsb_00158.jpg,Breaded Chicken with Green Beans and Roasted Potatoes,"""[{'name': 'breaded chicken', 'calories': 264.6, 'carbs': 18.4, 'protein': 17.2, 'fat': 13.5, 'quantity': 7, 'unit': 'piece'}, {'name': 'green beans', 'calories': 21.9, 'carbs': 4.9, 'protein': 1.2, 'fat': 0.2, 'quantity': 0.5, 'unit': 'cup'}, {'name': 'roasted potatoes', 'calories': 120.3, 'carbs': 15.5, 'protein': 1.8, 'fat': 5.8, 'quantity': 3, 'unit': 'oz'}]""","""[\""breaded chicken\"", \""green beans\"", \""roasted potatoes\""]""",3,406.8,38.8,20.2,19.5
fsb_00159,fsb_00159.jpg,Breaded Chicken with Tater Tots,"""[{'name': 'breaded chicken', 'calories': 264.6, 'carbs': 18.4, 'protein': 17.2, 'fat': 13.5, 'quantity': 7, 'unit': 'piece'}, {'name': 'tater tots', 'calories': 112.9, 'carbs': 16.0, 'protein': 1.3, 'fat': 5.3, 'quantity': 7, 'unit': 'tots'}, {'name': 'ketchup', 'calories': 34.3, 'carbs': 9.3, 'protein': 0.4, 'fat': 0.0, 'quantity': 2, 'unit': 'tbsp'}]""","""[\""breaded chicken\"", \""tater tots\"", \""ketchup\""]""",3,411.8,43.7,18.9,18.8
fsb_00160,fsb_00160.jpg,Breaded Fish with Mango Avocado Salad and Rice,"""[{'name': 'breaded fish', 'calories': 260.6, 'carbs': 20.1, 'protein': 16.1, 'fat': 12.8, 'quantity': 0.7, 'unit': 'fillet'}, {'name': 'mango', 'calories': 29.7, 'carbs': 7.4, 'protein': 0.4, 'fat': 0.2, 'quantity': 0.3, 'unit': 'cup pieces'}, {'name': 'avocado', 'calories': 48.0, 'carbs': 2.6, 'protein': 0.6, 'fat': 4.4, 'quantity': 0.2, 'unit': 'cup, cubes'}, {'name': 'tomato', 'calories': 4.4, 'carbs': 1.0, 'protein': 0.2, 'fat': 0.0, 'quantity': 0.2, 'unit': 'medium whole (2-3/5\"" dia)'}, {'name': 'cucumber', 'calories': 3.9, 'carbs': 0.9, 'protein': 0.2, 'fat': 0.0, 'quantity': 0.25, 'unit': 'cup slices'}, {'name': 'rice', 'calories': 41.1, 'carbs': 8.9, 'protein': 0.9, 'fat': 0.1, 'quantity': 0.2, 'unit': 'cup'}, {'name': 'onion', 'calories': 18.5, 'carbs': 4.3, 'protein': 0.6, 'fat': 0.1, 'quantity': 0.2, 'unit': 'cup'}]""","""[\""breaded fish\"", \""mango\"", \""avocado\"", \""tomato\"", \""cucumber\"", \""rice\"", \""onion\""]""",7,406.2,45.2,19.0,17.6
fsb_00161,fsb_00161.jpg,Breaded Fish with Roasted Potatoes and Vegetables,"""[{'name': 'breaded fish', 'calories': 238.3, 'carbs': 18.4, 'protein': 14.7, 'fat': 11.7, 'quantity': 0.8, 'unit': 'cup'}, {'name': 'roasted potatoes', 'calories': 160.4, 'carbs': 20.7, 'protein': 2.4, 'fat': 7.7, 'quantity': 4, 'unit': 'oz'}, {'name': 'green peas', 'calories': 53.8, 'carbs': 10.0, 'protein': 3.4, 'fat': 0.1, 'quantity': 0.4, 'unit': 'cup'}, {'name': 'zucchini', 'calories': 8.5, 'carbs': 1.5, 'protein': 0.6, 'fat': 0.2, 'quantity': 2, 'unit': 'wt. oz'}, {'name': 'mayonnaise', 'calories': 93.8, 'carbs': 0.1, 'protein': 0.1, 'fat': 10.3, 'quantity': 1, 'unit': 'tbsp'}]""","""[\""breaded fish\"", \""roasted potatoes\"", \""green peas\"", \""zucchini\"", \""mayonnaise\""]""",5,554.8,50.7,21.2,30.0
fsb_00162,fsb_00162.jpg,Breaded Fish with Roasted Potatoes and Vegetables,"""[{'name': 'breaded fish', 'calories': 260.6, 'carbs': 20.1, 'protein': 16.1, 'fat': 12.8, 'quantity': 0.7, 'unit': 'fillet'}, {'name': 'roasted potatoes', 'calories': 160.4, 'carbs': 20.7, 'protein': 2.4, 'fat': 7.7, 'quantity': 4, 'unit': 'oz'}, {'name': 'broccolini', 'calories': 25.9, 'carbs': 5.1, 'protein': 1.7, 'fat': 0.4, 'quantity': 0.7, 'unit': 'cup'}, {'name': 'onion', 'calories': 18.5, 'carbs': 4.3, 'protein': 0.6, 'fat': 0.1, 'quantity': 0.2, 'unit': 'cup'}, {'name': 'olive oil', 'calories': 39.8, 'carbs': 0.0, 'protein': 0.0, 'fat': 4.5, 'quantity': 1, 'unit': 'tsp'}]""","""[\""breaded fish\"", \""roasted potatoes\"", \""broccolini\"", \""onion\"", \""olive oil\""]""",5,505.2,50.2,20.8,25.5
fsb_00163,fsb_00163.jpg,Breaded Fish with Vegetables,"""[{'name': 'breaded fish', 'calories': 238.3, 'carbs': 18.4, 'protein': 14.7, 'fat': 11.7, 'quantity': 0.8, 'unit': 'cup'}, {'name': 'green peas', 'calories': 67.2, 'carbs': 12.5, 'protein': 4.3, 'fat': 0.2, 'quantity': 0.5, 'unit': 'cup'}, {'name': 'roasted potatoes', 'calories': 107.8, 'carbs': 13.9, 'protein': 1.6, 'fat': 5.2, 'quantity': 0.6, 'unit': 'cup'}, {'name': 'green beans', 'calories': 21.9, 'carbs': 4.9, 'protein': 1.2, 'fat': 0.2, 'quantity': 0.5, 'unit': 'cup'}, {'name': 'fried onions', 'calories': 35.9, 'carbs': 4.1, 'protein': 0.5, 'fat': 1.9, 'quantity': 0.1, 'unit': 'cup'}]""","""[\""breaded fish\"", \""green peas\"", \""roasted potatoes\"", \""green beans\"", \""fried onions\""]""",5,471.1,53.8,22.3,19.2
fsb_00164,fsb_00164.jpg,Breaded Fish with Vegetables,"""[{'name': 'breaded fish', 'calories': 238.3, 'carbs': 18.4, 'protein': 14.7, 'fat': 11.7, 'quantity': 0.8, 'unit': 'cup'}, {'name': 'roasted potatoes', 'calories': 120.3, 'carbs': 15.5, 'protein': 1.8, 'fat': 5.8, 'quantity': 3, 'unit': 'oz'}, {'name': 'green peas', 'calories': 53.8, 'carbs': 10.0, 'protein': 3.4, 'fat': 0.1, 'quantity': 0.4, 'unit': 'cup'}, {'name': 'sauteed mushrooms', 'calories': 22.7, 'carbs': 1.1, 'protein': 0.4, 'fat': 2.0, 'quantity': 0.15, 'unit': 'cup'}]""","""[\""breaded fish\"", \""roasted potatoes\"", \""green peas\"", \""sauteed mushrooms\""]""",4,435.1,45.0,20.3,19.6
fsb_00165,fsb_00165.jpg,Breaded Fish with Vegetables,"""[{'name': 'breaded fish', 'calories': 238.3, 'carbs': 18.4, 'protein': 14.7, 'fat': 11.7, 'quantity': 0.8, 'unit': 'cup'}, {'name': 'zucchini', 'calories': 5.9, 'carbs': 1.0, 'protein': 0.4, 'fat': 0.1, 'quantity': 0.3, 'unit': 'small'}, {'name': 'cabbage', 'calories': 5.2, 'carbs': 1.2, 'protein': 0.3, 'fat': 0.0, 'quantity': 0.15, 'unit': 'cup, shredded'}, {'name': 'lemon', 'calories': 2.0, 'carbs': 0.7, 'protein': 0.1, 'fat': 0.0, 'quantity': 1, 'unit': 'wedge or slice (1/8 of one 2-1/8\"" dia lemon)'}, {'name': 'mixed salad', 'calories': 16.0, 'carbs': 3.4, 'protein': 1.0, 'fat': 0.2, 'quantity': 0.8, 'unit': 'serving'}]""","""[\""breaded fish\"", \""zucchini\"", \""cabbage\"", \""lemon\"", \""mixed salad\""]""",5,267.4,24.7,16.5,12.0
fsb_00166,fsb_00166.jpg,Breakfast Burrito,"""[{'name': 'tortilla', 'calories': 143.3, 'carbs': 24.5, 'protein': 3.8, 'fat': 3.1, 'quantity': 0.9, 'unit': 'tortilla (approx 7-8\"" dia)'}, {'name': 'egg', 'calories': 143.0, 'carbs': 0.7, 'protein': 12.6, 'fat': 9.5, 'quantity': 2, 'unit': 'large'}, {'name': 'cheese', 'calories': 91.3, 'carbs': 0.7, 'protein': 5.2, 'fat': 7.5, 'quantity': 0.2, 'unit': 'cup, shredded'}, {'name': 'sausage', 'calories': 189.1, 'carbs': 0.6, 'protein': 7.3, 'fat': 17.3, 'quantity': 0.9, 'unit': 'link (4\"" long x 1-1/8\"" dia)'}]""","""[\""tortilla\"", \""egg\"", \""cheese\"", \""sausage\""]""",4,566.7,26.5,28.9,37.4
fsb_00167,fsb_00167.jpg,Breakfast Burrito,"""[{'name': 'tortilla', 'calories': 143.3, 'carbs': 24.5, 'protein': 3.8, 'fat': 3.1, 'quantity': 0.9, 'unit': 'tortilla (approx 7-8\"" dia)'}, {'name': 'scrambled eggs', 'calories': 181.8, 'carbs': 2.0, 'protein': 12.2, 'fat': 13.4, 'quantity': 2, 'unit': 'large'}, {'name': 'cheddar cheese', 'calories': 91.3, 'carbs': 0.7, 'protein': 5.2, 'fat': 7.5, 'quantity': 0.2, 'unit': 'cup, shredded'}, {'name': 'sausage', 'calories': 87.6, 'carbs': 0.3, 'protein': 3.4, 'fat': 8.0, 'quantity': 1, 'unit': 'oz'}, {'name': 'salsa', 'calories': 10.4, 'carbs': 2.4, 'protein': 0.5, 'fat': 0.1, 'quantity': 2, 'unit': 'tbsp'}]""","""[\""tortilla\"", \""scrambled eggs\"", \""cheddar cheese\"", \""sausage\"", \""salsa\""]""",5,514.4,29.9,25.1,32.1
fsb_00168,fsb_00168.jpg,Breakfast Burrito,"""[{'name': 'tortilla', 'calories': 143.3, 'carbs': 24.5, 'protein': 3.8, 'fat': 3.1, 'quantity': 0.9, 'unit': 'tortilla (approx 7-8\"" dia)'}, {'name': 'scrambled eggs', 'calories': 137.1, 'carbs': 1.5, 'protein': 9.2, 'fat': 10.1, 'quantity': 2, 'unit': 'small'}, {'name': 'sausage', 'calories': 189.1, 'carbs': 0.6, 'protein': 7.3, 'fat': 17.3, 'quantity': 0.9, 'unit': 'link (4\"" long x 1-1/8\"" dia)'}, {'name': 'cheese', 'calories': 91.3, 'carbs': 0.7, 'protein': 5.2, 'fat': 7.5, 'quantity': 0.2, 'unit': 'cup, shredded'}, {'name': 'hash browns', 'calories': 62.8, 'carbs': 6.7, 'protein': 0.6, 'fat': 3.9, 'quantity': 0.3, 'unit': 'serving 14 round pieces'}]""","""[\""tortilla\"", \""scrambled eggs\"", \""sausage\"", \""cheese\"", \""hash browns\""]""",5,623.6,34.0,26.1,41.9
fsb_00169,fsb_00169.jpg,Breakfast Plate 1,"""[{'name': 'scrambled eggs', 'calories': 196.7, 'carbs': 2.1, 'protein': 13.2, 'fat': 14.5, 'quantity': 0.6, 'unit': 'cup'}, {'name': 'sausage', 'calories': 350.4, 'carbs': 1.1, 'protein': 13.6, 'fat': 32.0, 'quantity': 4, 'unit': 'oz'}, {'name': 'bacon', 'calories': 80.7, 'carbs': 0.3, 'protein': 5.9, 'fat': 6.1, 'quantity': 1.5, 'unit': 'slices'}, {'name': 'avocado', 'calories': 120.0, 'carbs': 6.4, 'protein': 1.5, 'fat': 11.0, 'quantity': 0.5, 'unit': 'cup, cubes'}, {'name': 'watermelon', 'calories': 23.1, 'carbs': 5.8, 'protein': 0.5, 'fat': 0.1, 'quantity': 0.5, 'unit': 'cup, balls'}, {'name': 'pineapple', 'calories': 41.2, 'carbs': 10.8, 'protein': 0.4, 'fat': 0.1, 'quantity': 0.5, 'unit': 'cup, chunks'}, {'name': 'cucumber', 'calories': 7.8, 'carbs': 1.9, 'protein': 0.3, 'fat': 0.1, 'quantity': 0.5, 'unit': 'cup slices'}]""","""[\""scrambled eggs\"", \""sausage\"", \""bacon\"", \""avocado\"", \""watermelon\"", \""pineapple\"", \""cucumber\""]""",7,819.9,28.4,35.4,63.9
fsb_00170,fsb_00170.jpg,Breakfast Plate with Cabbage and Bacon,"""[{'name': 'cabbage', 'calories': 10.3, 'carbs': 2.5, 'protein': 0.6, 'fat': 0.0, 'quantity': 0.3, 'unit': 'cup, shredded'}, {'name': 'bacon', 'calories': 80.7, 'carbs': 0.3, 'protein': 5.9, 'fat': 6.1, 'quantity': 1.5, 'unit': 'slices'}, {'name': 'egg', 'calories': 71.5, 'carbs': 0.4, 'protein': 6.3, 'fat': 4.8, 'quantity': 1, 'unit': 'large'}, {'name': 'red bell pepper', 'calories': 10.4, 'carbs': 2.5, 'protein': 0.3, 'fat': 0.1, 'quantity': 0.2, 'unit': 'cup'}, {'name': 'flatbread', 'calories': 140.3, 'carbs': 28.4, 'protein': 4.6, 'fat': 0.6, 'quantity': 0.6, 'unit': 'flatbread'}, {'name': 'sour cream', 'calories': 23.8, 'carbs': 0.6, 'protein': 0.3, 'fat': 2.3, 'quantity': 1, 'unit': 'tbsp'}, {'name': 'hot sauce', 'calories': 5.2, 'carbs': 1.0, 'protein': 0.2, 'fat': 0.1, 'quantity': 5, 'unit': 'tsp'}]""","""[\""cabbage\"", \""bacon\"", \""egg\"", \""red bell pepper\"", \""flatbread\"", \""sour cream\"", \""hot sauce\""]""",7,342.2,35.7,18.2,14.0
fsb_00171,fsb_00171.jpg,Breakfast Plate with Coffee,"""[{'name': 'fried egg', 'calories': 90.2, 'carbs': 0.4, 'protein': 6.3, 'fat': 6.8, 'quantity': 1, 'unit': 'large'}, {'name': 'whole wheat toast', 'calories': 76.5, 'carbs': 12.8, 'protein': 4.1, 'fat': 1.0, 'quantity': 1, 'unit': 'slice'}, {'name': 'butter', 'calories': 50.9, 'carbs': 0.0, 'protein': 0.1, 'fat': 5.8, 'quantity': 0.5, 'unit': 'tbsp'}, {'name': 'lettuce', 'calories': 4.8, 'carbs': 0.9, 'protein': 0.3, 'fat': 0.1, 'quantity': 0.6, 'unit': 'cups shredded'}, {'name': 'tomato', 'calories': 6.1, 'carbs': 1.3, 'protein': 0.3, 'fat': 0.1, 'quantity': 2, 'unit': 'cherry'}, {'name': 'mushrooms', 'calories': 13.4, 'carbs': 2.5, 'protein': 1.0, 'fat': 0.2, 'quantity': 4, 'unit': 'mushroom'}, {'name': 'coffee', 'calories': 1.9, 'carbs': 0.0, 'protein': 0.2, 'fat': 0.0, 'quantity': 0.8, 'unit': 'cup'}]""","""[\""fried egg\"", \""whole wheat toast\"", \""butter\"", \""lettuce\"", \""tomato\"", \""mushrooms\"", \""coffee\""]""",7,243.8,17.9,12.3,14.0
fsb_00172,fsb_00172.jpg,Breakfast Plate with Coffee,"""[{'name': 'fried egg', 'calories': 180.3, 'carbs': 0.8, 'protein': 12.5, 'fat': 13.7, 'quantity': 2, 'unit': 'large'}, {'name': 'sausage', 'calories': 175.2, 'carbs': 0.5, 'protein': 6.8, 'fat': 16.0, 'quantity': 2, 'unit': 'oz'}, {'name': 'hash browns', 'calories': 144.2, 'carbs': 15.3, 'protein': 1.4, 'fat': 9.0, 'quantity': 1, 'unit': 'patty'}, {'name': 'whole wheat toast', 'calories': 153.0, 'carbs': 25.6, 'protein': 8.1, 'fat': 2.0, 'quantity': 2, 'unit': 'slice'}, {'name': 'strawberry jam', 'calories': 77.8, 'carbs': 19.3, 'protein': 0.1, 'fat': 0.0, 'quantity': 2, 'unit': 'packet (0.5 oz)'}, {'name': 'coffee with cream', 'calories': 41.7, 'carbs': 1.3, 'protein': 1.2, 'fat': 3.5, 'quantity': 1, 'unit': 'cup'}]""","""[\""fried egg\"", \""sausage\"", \""hash browns\"", \""whole wheat toast\"", \""strawberry jam\"", \""coffee with cream\""]""",6,772.2,62.8,30.1,44.2
fsb_00173,fsb_00173.jpg,Breakfast Plate with Coffee,"""[{'name': 'scrambled eggs', 'calories': 137.1, 'carbs': 1.5, 'protein': 9.2, 'fat': 10.1, 'quantity': 2, 'unit': 'small'}, {'name': 'bacon', 'calories': 80.7, 'carbs': 0.3, 'protein': 5.9, 'fat': 6.1, 'quantity': 1.5, 'unit': 'slices'}, {'name': 'avocado', 'calories': 120.0, 'carbs': 6.4, 'protein': 1.5, 'fat': 11.0, 'quantity': 0.5, 'unit': 'cup, cubes'}, {'name': 'toast', 'calories': 63.8, 'carbs': 12.0, 'protein': 2.0, 'fat': 0.9, 'quantity': 1, 'unit': 'slice'}, {'name': 'butter', 'calories': 33.9, 'carbs': 0.0, 'protein': 0.0, 'fat': 3.8, 'quantity': 1, 'unit': 'tsp'}, {'name': 'coffee with cream', 'calories': 29.2, 'carbs': 0.9, 'protein': 0.8, 'fat': 2.5, 'quantity': 0.7, 'unit': 'cup'}]""","""[\""scrambled eggs\"", \""bacon\"", \""avocado\"", \""toast\"", \""butter\"", \""coffee with cream\""]""",6,464.7,21.1,19.4,34.4
fsb_00174,fsb_00174.jpg,Breakfast Plate with Coffee,"""[{'name': 'whole grain bread', 'calories': 161.3, 'carbs': 27.3, 'protein': 8.0, 'fat': 2.2, 'quantity': 2, 'unit': 'slice'}, {'name': 'peanut butter', 'calories': 188.2, 'carbs': 7.7, 'protein': 7.0, 'fat': 15.9, 'quantity': 2, 'unit': 'tbsp'}, {'name': 'greek yogurt', 'calories': 93.6, 'carbs': 5.7, 'protein': 16.2, 'fat': 0.6, 'quantity': 0.7, 'unit': 'cup'}, {'name': 'espresso', 'calories': 5.3, 'carbs': 1.0, 'protein': 0.1, 'fat': 0.1, 'quantity': 2, 'unit': 'fl oz'}, {'name': 'green grapes', 'calories': 62.5, 'carbs': 16.4, 'protein': 0.7, 'fat': 0.1, 'quantity': 0.6, 'unit': 'cup'}]""","""[\""whole grain bread\"", \""peanut butter\"", \""greek yogurt\"", \""espresso\"", \""green grapes\""]""",5,510.9,58.1,32.0,18.9
fsb_00175,fsb_00175.jpg,Breakfast Plate with Eggs and Pork Chops,"""[{'name': 'pork chop', 'calories': 295.3, 'carbs': 0.0, 'protein': 36.2, 'fat': 15.6, 'quantity': 0.9, 'unit': 'chop without refuse'}, {'name': 'fried eggs', 'calories': 270.5, 'carbs': 1.1, 'protein': 18.8, 'fat': 20.5, 'quantity': 3, 'unit': 'large'}, {'name': 'refried beans', 'calories': 128.5, 'carbs': 19.3, 'protein': 7.1, 'fat': 2.9, 'quantity': 0.6, 'unit': 'cup'}, {'name': 'diced potatoes', 'calories': 56.7, 'carbs': 12.9, 'protein': 1.5, 'fat': 0.1, 'quantity': 0.5, 'unit': 'cup'}, {'name': 'grilled onions', 'calories': 21.1, 'carbs': 2.0, 'protein': 0.3, 'fat': 1.4, 'quantity': 0.1, 'unit': 'cup'}, {'name': 'bell peppers', 'calories': 11.2, 'carbs': 2.7, 'protein': 0.4, 'fat': 0.1, 'quantity': 0.3, 'unit': 'cup, strips'}, {'name': 'flour tortilla', 'calories': 143.3, 'carbs': 24.5, 'protein': 3.8, 'fat': 3.1, 'quantity': 0.9, 'unit': 'tortilla (approx 7-8\"" dia)'}]""","""[\""pork chop\"", \""fried eggs\"", \""refried beans\"", \""diced potatoes\"", \""grilled onions\"", \""bell peppers\"", \""flour tortilla\""]""",7,926.6,62.5,68.1,43.7
fsb_00176,fsb_00176.jpg,Breakfast Plate with French Toast,"""[{'name': 'scrambled eggs', 'calories': 137.1, 'carbs': 1.5, 'protein': 9.2, 'fat': 10.1, 'quantity': 2, 'unit': 'small'}, {'name': 'bacon', 'calories': 129.2, 'carbs': 0.5, 'protein': 9.4, 'fat': 9.7, 'quantity': 2.4000000000000004, 'unit': 'slices'}, {'name': 'hash browns', 'calories': 125.7, 'carbs': 13.3, 'protein': 1.2, 'fat': 7.9, 'quantity': 0.6, 'unit': 'serving 14 round pieces'}, {'name': 'toast', 'calories': 156.6, 'carbs': 29.4, 'protein': 4.9, 'fat': 2.2, 'quantity': 2, 'unit': 'slice, large'}, {'name': 'french toast', 'calories': 315.2, 'carbs': 33.3, 'protein': 10.5, 'fat': 15.4, 'quantity': 2, 'unit': 'thin slice without syrup'}, {'name': 'coffee', 'calories': 1.9, 'carbs': 0.0, 'protein': 0.2, 'fat': 0.0, 'quantity': 0.8, 'unit': 'cup'}]""","""[\""scrambled eggs\"", \""bacon\"", \""hash browns\"", \""toast\"", \""french toast\"", \""coffee\""]""",6,865.7,78.0,35.4,45.3
fsb_00177,fsb_00177.jpg,Breakfast Platter,"""[{'name': 'grapefruit', 'calories': 51.7, 'carbs': 13.1, 'protein': 0.9, 'fat': 0.2, 'quantity': 0.5, 'unit': 'fruit (3-3/4\"" dia)'}, {'name': 'egg toast', 'calories': 399.0, 'carbs': 28.8, 'protein': 17.6, 'fat': 23.2, 'quantity': 2, 'unit': 'egg on toast'}, {'name': 'cold brew coffee', 'calories': 2.4, 'carbs': 0.0, 'protein': 0.3, 'fat': 0.0, 'quantity': 1, 'unit': 'cup (8 fl oz)'}, {'name': 'almond milk', 'calories': 56.0, 'carbs': 8.1, 'protein': 1.1, 'fat': 2.5, 'quantity': 1, 'unit': 'cup'}, {'name': 'shredded cheddar cheese', 'calories': 456.5, 'carbs': 3.5, 'protein': 25.8, 'fat': 37.6, 'quantity': 1, 'unit': 'cup'}]""","""[\""grapefruit\"", \""egg toast\"", \""cold brew coffee\"", \""almond milk\"", \""shredded cheddar cheese\""]""",5,965.6,53.5,45.7,63.5
fsb_00178,fsb_00178.jpg,Breakfast Sandwich With Strawberries,"""[{'name': 'toast', 'calories': 63.8, 'carbs': 12.0, 'protein': 2.0, 'fat': 0.9, 'quantity': 1, 'unit': 'slice'}, {'name': 'poached egg', 'calories': 71.5, 'carbs': 0.4, 'protein': 6.3, 'fat': 4.7, 'quantity': 1, 'unit': 'large'}, {'name': 'sausage patty', 'calories': 156.0, 'carbs': 0.7, 'protein': 8.9, 'fat': 13.1, 'quantity': 1, 'unit': 'serving'}, {'name': 'strawberries', 'calories': 11.5, 'carbs': 2.8, 'protein': 0.2, 'fat': 0.1, 'quantity': 3, 'unit': 'medium (1-1/4\"" dia)'}]""","""[\""toast\"", \""poached egg\"", \""sausage patty\"", \""strawberries\""]""",4,302.8,15.9,17.4,18.8
fsb_00179,fsb_00179.jpg,Breakfast Plate with Omelette and V8 Juice,"""[{'name': 'omelette', 'calories': 110.6, 'carbs': 0.5, 'protein': 7.2, 'fat': 8.7, 'quantity': 1, 'unit': '1-egg omelet'}, {'name': 'toast with butter', 'calories': 111.0, 'carbs': 14.3, 'protein': 2.6, 'fat': 4.8, 'quantity': 1, 'unit': 'piece'}, {'name': 'blackberries', 'calories': 19.4, 'carbs': 4.3, 'protein': 0.6, 'fat': 0.2, 'quantity': 5, 'unit': 'tbsp'}, {'name': 'blueberries', 'calories': 10.1, 'carbs': 2.6, 'protein': 0.1, 'fat': 0.1, 'quantity': 13, 'unit': 'berry'}, {'name': 'juice', 'calories': 64.0, 'carbs': 15.6, 'protein': 0.2, 'fat': 0.0, 'quantity': 0.5, 'unit': 'cup'}]""","""[\""omelette\"", \""toast with butter\"", \""blackberries\"", \""blueberries\"", \""juice\""]""",5,315.1,37.3,10.7,13.8
fsb_00180,fsb_00180.jpg,Berry Pancakes With Cappuccino,"""[{'name': 'pancake', 'calories': 90.8, 'carbs': 11.3, 'protein': 2.6, 'fat': 3.9, 'quantity': 1, 'unit': 'pancake (5\"")'}, {'name': 'blackberries', 'calories': 31.0, 'carbs': 6.9, 'protein': 1.0, 'fat': 0.4, 'quantity': 0.5, 'unit': 'cup'}, {'name': 'strawberries', 'calories': 26.6, 'carbs': 6.4, 'protein': 0.6, 'fat': 0.2, 'quantity': 0.5, 'unit': 'cup, sliced'}, {'name': 'whipped cream', 'calories': 15.4, 'carbs': 0.7, 'protein': 0.2, 'fat': 1.3, 'quantity': 2, 'unit': 'tbsp'}, {'name': 'cappuccino', 'calories': 59.9, 'carbs': 6.0, 'protein': 3.8, 'fat': 2.3, 'quantity': 1, 'unit': 'cup'}, {'name': 'water', 'calories': 0.0, 'carbs': 0.0, 'protein': 0.0, 'fat': 0.0, 'quantity': 1, 'unit': 'serving 8 fl oz'}]""","""[\""pancake\"", \""blackberries\"", \""strawberries\"", \""whipped cream\"", \""cappuccino\"", \""water\""]""",6,223.7,31.3,8.2,8.1
fsb_00181,fsb_00181.jpg,Quinoa Burrito,"""[{'name': 'quinoa', 'calories': 111.0, 'carbs': 19.7, 'protein': 4.1, 'fat': 1.8, 'quantity': 0.5, 'unit': 'cup'}, {'name': 'fried potatoes', 'calories': 106.7, 'carbs': 14.2, 'protein': 1.2, 'fat': 5.0, 'quantity': 0.6, 'unit': 'cup'}, {'name': 'flour tortilla', 'calories': 143.3, 'carbs': 24.5, 'protein': 3.8, 'fat': 3.1, 'quantity': 0.9, 'unit': 'tortilla (approx 7-8\"" dia)'}]""","""[\""quinoa\"", \""fried potatoes\"", \""flour tortilla\""]""",3,361.0,58.4,9.1,9.9
fsb_00182,fsb_00182.jpg,Breakfast Plate with Smoked Salmon,"""[{'name': 'smoked salmon', 'calories': 69.6, 'carbs': 0.0, 'protein': 10.9, 'fat': 2.6, 'quantity': 2.0999999999999996, 'unit': 'oz'}, {'name': 'fried egg', 'calories': 137.2, 'carbs': 0.6, 'protein': 9.5, 'fat': 10.4, 'quantity': 2, 'unit': 'small'}, {'name': 'whole wheat toast', 'calories': 76.5, 'carbs': 12.8, 'protein': 4.1, 'fat': 1.0, 'quantity': 1, 'unit': 'slice'}, {'name': 'tortilla chips', 'calories': 141.6, 'carbs': 20.3, 'protein': 2.1, 'fat': 6.2, 'quantity': 10, 'unit': 'chip'}, {'name': 'salsa', 'calories': 10.4, 'carbs': 2.4, 'protein': 0.5, 'fat': 0.1, 'quantity': 2, 'unit': 'tbsp'}, {'name': 'guacamole', 'calories': 45.3, 'carbs': 2.6, 'protein': 0.5, 'fat': 4.1, 'quantity': 2, 'unit': 'tbsp'}, {'name': 'hemp seeds', 'calories': 49.8, 'carbs': 0.8, 'protein': 2.8, 'fat': 4.4, 'quantity': 0.8999999999999999, 'unit': 'tbsp'}]""","""[\""smoked salmon\"", \""fried egg\"", \""whole wheat toast\"", \""tortilla chips\"", \""salsa\"", \""guacamole\"", \""hemp seeds\""]""",7,530.4,39.5,30.4,28.8
fsb_00183,fsb_00183.jpg,Egg On Rye,"""[{'name': 'hard boiled egg', 'calories': 77.5, 'carbs': 0.6, 'protein': 6.3, 'fat': 5.3, 'quantity': 1, 'unit': 'large'}, {'name': 'rye bread', 'calories': 82.9, 'carbs': 15.5, 'protein': 2.7, 'fat': 1.1, 'quantity': 1, 'unit': 'slice, regular'}, {'name': 'butter', 'calories': 101.8, 'carbs': 0.0, 'protein': 0.1, 'fat': 11.5, 'quantity': 1, 'unit': 'tbsp'}, {'name': 'black tea', 'calories': 1.9, 'carbs': 0.6, 'protein': 0.0, 'fat': 0.0, 'quantity': 0.8, 'unit': 'cup'}]""","""[\""hard boiled egg\"", \""rye bread\"", \""butter\"", \""black tea\""]""",4,264.1,16.7,9.1,17.9
fsb_00184,fsb_00184.jpg,Breakfast Plate,"""[{'name': 'scrambled eggs', 'calories': 137.1, 'carbs': 1.5, 'protein': 9.2, 'fat': 10.1, 'quantity': 2, 'unit': 'small'}, {'name': 'bacon', 'calories': 80.7, 'carbs': 0.3, 'protein': 5.9, 'fat': 6.1, 'quantity': 1.5, 'unit': 'slices'}, {'name': 'bagel', 'calories': 138.6, 'carbs': 27.5, 'protein': 5.5, 'fat': 0.7, 'quantity': 0.5, 'unit': 'medium bagel'}, {'name': 'peanut butter', 'calories': 94.1, 'carbs': 3.8, 'protein': 3.5, 'fat': 7.9, 'quantity': 1, 'unit': 'tbsp'}, {'name': 'strawberries', 'calories': 11.5, 'carbs': 2.8, 'protein': 0.2, 'fat': 0.1, 'quantity': 3, 'unit': 'medium (1-1/4\"" dia)'}, {'name': 'greek yogurt', 'calories': 100.3, 'carbs': 6.1, 'protein': 17.3, 'fat': 0.7, 'quantity': 1, 'unit': 'container'}]""","""[\""scrambled eggs\"", \""bacon\"", \""bagel\"", \""peanut butter\"", \""strawberries\"", \""greek yogurt\""]""",6,562.3,42.0,41.6,25.6
fsb_00185,fsb_00185.jpg,Breakfast Plate,"""[{'name': 'scrambled eggs', 'calories': 137.1, 'carbs': 1.5, 'protein': 9.2, 'fat': 10.1, 'quantity': 2, 'unit': 'small'}, {'name': 'cherry tomatoes', 'calories': 12.2, 'carbs': 2.6, 'protein': 0.6, 'fat': 0.1, 'quantity': 4, 'unit': 'cherry'}, {'name': 'spinach', 'calories': 4.1, 'carbs': 0.7, 'protein': 0.5, 'fat': 0.0, 'quantity': 0.1, 'unit': 'cup'}, {'name': 'feta cheese', 'calories': 74.8, 'carbs': 1.2, 'protein': 4.0, 'fat': 6.0, 'quantity': 1, 'unit': 'oz'}, {'name': 'avocado', 'calories': 48.0, 'carbs': 2.6, 'protein': 0.6, 'fat': 4.4, 'quantity': 0.2, 'unit': 'cup, cubes'}, {'name': 'whole wheat toast', 'calories': 153.0, 'carbs': 25.6, 'protein': 8.1, 'fat': 2.0, 'quantity': 2, 'unit': 'slice'}, {'name': 'papaya', 'calories': 31.2, 'carbs': 7.8, 'protein': 0.3, 'fat': 0.2, 'quantity': 0.5, 'unit': 'cup 1\"" pieces'}]""","""[\""scrambled eggs\"", \""cherry tomatoes\"", \""spinach\"", \""feta cheese\"", \""avocado\"", \""whole wheat toast\"", \""papaya\""]""",7,460.4,42.0,23.3,22.8
fsb_00186,fsb_00186.jpg,Breakfast Plate,"""[{'name': 'apple', 'calories': 47.3, 'carbs': 12.6, 'protein': 0.2, 'fat': 0.2, 'quantity': 0.5, 'unit': 'medium (3\"" dia)'}, {'name': 'sausage', 'calories': 175.2, 'carbs': 0.5, 'protein': 6.8, 'fat': 16.0, 'quantity': 2, 'unit': 'oz'}, {'name': 'rice cake', 'calories': 34.8, 'carbs': 7.3, 'protein': 0.7, 'fat': 0.3, 'quantity': 1, 'unit': 'cake'}, {'name': 'avocado', 'calories': 48.0, 'carbs': 2.6, 'protein': 0.6, 'fat': 4.4, 'quantity': 0.2, 'unit': 'cup, cubes'}, {'name': 'boiled egg', 'calories': 68.2, 'carbs': 0.5, 'protein': 5.5, 'fat': 4.7, 'quantity': 1, 'unit': 'medium'}]""","""[\""apple\"", \""sausage\"", \""rice cake\"", \""avocado\"", \""boiled egg\""]""",5,373.5,23.5,13.8,25.6
fsb_00187,fsb_00187.jpg,Breakfast Bagel With Bacon And Pear,"""[{'name': 'bagel', 'calories': 277.2, 'carbs': 55.0, 'protein': 11.1, 'fat': 1.4, 'quantity': 1, 'unit': 'medium bagel'}, {'name': 'cream cheese', 'calories': 101.5, 'carbs': 1.6, 'protein': 1.8, 'fat': 10.0, 'quantity': 2, 'unit': 'tbsp'}, {'name': 'egg', 'calories': 143.0, 'carbs': 0.7, 'protein': 12.6, 'fat': 9.5, 'quantity': 2, 'unit': 'large'}, {'name': 'bacon', 'calories': 80.7, 'carbs': 0.3, 'protein': 5.9, 'fat': 6.1, 'quantity': 1.5, 'unit': 'slices'}, {'name': 'pear', 'calories': 50.7, 'carbs': 13.6, 'protein': 0.3, 'fat': 0.1, 'quantity': 0.5, 'unit': 'medium'}, {'name': 'fruit juice', 'calories': 115.2, 'carbs': 28.1, 'protein': 0.3, 'fat': 0.0, 'quantity': 0.9, 'unit': 'cup'}]""","""[\""bagel\"", \""cream cheese\"", \""egg\"", \""bacon\"", \""pear\"", \""fruit juice\""]""",6,768.3,99.3,32.0,27.1
fsb_00188,fsb_00188.jpg,Breakfast Plate,"""[{'name': 'boiled egg', 'calories': 68.2, 'carbs': 0.5, 'protein': 5.5, 'fat': 4.7, 'quantity': 1, 'unit': 'medium'}, {'name': 'whole grain bread', 'calories': 72.6, 'carbs': 12.3, 'protein': 3.6, 'fat': 1.0, 'quantity': 0.9, 'unit': 'slice'}, {'name': 'grapes', 'calories': 6.9, 'carbs': 1.8, 'protein': 0.1, 'fat': 0.0, 'quantity': 2, 'unit': 'grape'}, {'name': 'coffee with milk', 'calories': 29.7, 'carbs': 2.7, 'protein': 2.1, 'fat': 1.1, 'quantity': 0.9, 'unit': 'cup'}]""","""[\""boiled egg\"", \""whole grain bread\"", \""grapes\"", \""coffee with milk\""]""",4,177.4,17.3,11.3,6.8
fsb_00189,fsb_00189.jpg,Breakfast Plate,"""[{'name': 'boiled egg', 'calories': 77.5, 'carbs': 0.6, 'protein': 6.3, 'fat': 5.3, 'quantity': 1, 'unit': 'large'}, {'name': 'spinach', 'calories': 4.1, 'carbs': 0.7, 'protein': 0.5, 'fat': 0.0, 'quantity': 0.1, 'unit': 'cup'}, {'name': 'mushrooms', 'calories': 4.4, 'carbs': 0.8, 'protein': 0.3, 'fat': 0.1, 'quantity': 0.1, 'unit': 'cup'}, {'name': 'cherry tomatoes', 'calories': 12.2, 'carbs': 2.6, 'protein': 0.6, 'fat': 0.1, 'quantity': 4, 'unit': 'cherry'}, {'name': 'olive oil', 'calories': 19.9, 'carbs': 0.0, 'protein': 0.0, 'fat': 2.2, 'quantity': 0.5, 'unit': 'tsp'}]""","""[\""boiled egg\"", \""spinach\"", \""mushrooms\"", \""cherry tomatoes\"", \""olive oil\""]""",5,118.1,4.7,7.7,7.7
fsb_00190,fsb_00190.jpg,Breakfast Plate,"""[{'name': 'boiled egg', 'calories': 232.5, 'carbs': 1.7, 'protein': 18.9, 'fat': 15.9, 'quantity': 3, 'unit': 'large'}, {'name': 'strawberries', 'calories': 23.0, 'carbs': 5.5, 'protein': 0.5, 'fat': 0.2, 'quantity': 4, 'unit': 'large (1-3/8\"" dia)'}, {'name': 'blueberries', 'calories': 9.3, 'carbs': 2.4, 'protein': 0.1, 'fat': 0.1, 'quantity': 12, 'unit': 'berry'}, {'name': 'sausage', 'calories': 157.7, 'carbs': 0.5, 'protein': 6.1, 'fat': 14.4, 'quantity': 1.8, 'unit': 'oz'}]""","""[\""boiled egg\"", \""strawberries\"", \""blueberries\"", \""sausage\""]""",4,422.5,10.1,25.6,30.6
fsb_00191,fsb_00191.jpg,Breakfast Plate,"""[{'name': 'fried egg', 'calories': 180.3, 'carbs': 0.8, 'protein': 12.5, 'fat': 13.7, 'quantity': 2, 'unit': 'large'}, {'name': 'bacon', 'calories': 80.7, 'carbs': 0.3, 'protein': 5.9, 'fat': 6.1, 'quantity': 1.5, 'unit': 'slices'}, {'name': 'sausage patty', 'calories': 184.3, 'carbs': 0.8, 'protein': 10.5, 'fat': 15.5, 'quantity': 2, 'unit': 'oz'}, {'name': 'black coffee', 'calories': 1.9, 'carbs': 0.0, 'protein': 0.2, 'fat': 0.0, 'quantity': 0.8, 'unit': 'cup'}]""","""[\""fried egg\"", \""bacon\"", \""sausage patty\"", \""black coffee\""]""",4,447.2,1.9,29.1,35.3
fsb_00192,fsb_00192.jpg,Breakfast Plate,"""[{'name': 'fried egg', 'calories': 180.3, 'carbs': 0.8, 'protein': 12.5, 'fat': 13.7, 'quantity': 2, 'unit': 'large'}, {'name': 'bacon', 'calories': 80.7, 'carbs': 0.3, 'protein': 5.9, 'fat': 6.1, 'quantity': 1.5, 'unit': 'slices'}, {'name': 'white rice', 'calories': 102.7, 'carbs': 22.3, 'protein': 2.1, 'fat': 0.2, 'quantity': 0.5, 'unit': 'cup'}]""","""[\""fried egg\"", \""bacon\"", \""white rice\""]""",3,363.7,23.4,20.5,20.0
fsb_00193,fsb_00193.jpg,Breakfast Plate,"""[{'name': 'fried egg', 'calories': 90.2, 'carbs': 0.4, 'protein': 6.3, 'fat': 6.8, 'quantity': 1, 'unit': 'large'}, {'name': 'bacon', 'calories': 96.9, 'carbs': 0.4, 'protein': 7.0, 'fat': 7.3, 'quantity': 1.7999999999999998, 'unit': 'slices'}, {'name': 'toast', 'calories': 63.8, 'carbs': 12.0, 'protein': 2.0, 'fat': 0.9, 'quantity': 1, 'unit': 'slice'}, {'name': 'jam', 'calories': 55.6, 'carbs': 13.8, 'protein': 0.1, 'fat': 0.0, 'quantity': 1, 'unit': 'tbsp'}]""","""[\""fried egg\"", \""bacon\"", \""toast\"", \""jam\""]""",4,306.5,26.6,15.4,15.0
fsb_00194,fsb_00194.jpg,Breakfast Plate,"""[{'name': 'fried eggs', 'calories': 180.3, 'carbs': 0.8, 'protein': 12.5, 'fat': 13.7, 'quantity': 2, 'unit': 'large'}, {'name': 'sausage patty', 'calories': 184.3, 'carbs': 0.8, 'protein': 10.5, 'fat': 15.5, 'quantity': 2, 'unit': 'oz'}, {'name': 'bacon', 'calories': 113.0, 'carbs': 0.4, 'protein': 8.2, 'fat': 8.5, 'quantity': 2.0999999999999996, 'unit': 'slices'}, {'name': 'refried beans', 'calories': 128.5, 'carbs': 19.3, 'protein': 7.1, 'fat': 2.9, 'quantity': 0.6, 'unit': 'cup'}, {'name': 'whole wheat bread', 'calories': 161.3, 'carbs': 27.3, 'protein': 8.0, 'fat': 2.2, 'quantity': 2, 'unit': 'slice'}]""","""[\""fried eggs\"", \""sausage patty\"", \""bacon\"", \""refried beans\"", \""whole wheat bread\""]""",5,767.4,48.6,46.3,42.8
fsb_00195,fsb_00195.jpg,Beef And Egg Burrito,"""[{'name': 'fried eggs', 'calories': 270.5, 'carbs': 1.1, 'protein': 18.8, 'fat': 20.5, 'quantity': 3, 'unit': 'large'}, {'name': 'ground beef', 'calories': 202.6, 'carbs': 0.0, 'protein': 20.1, 'fat': 12.9, 'quantity': 0.5, 'unit': 'portion ( yield from 1/2 lb raw meat )'}, {'name': 'guacamole', 'calories': 45.3, 'carbs': 2.6, 'protein': 0.5, 'fat': 4.1, 'quantity': 2, 'unit': 'tbsp'}, {'name': 'boneless skinless chicken breast', 'calories': 198.0, 'carbs': 0.0, 'protein': 37.2, 'fat': 4.3, 'quantity': 1, 'unit': 'breast'}]""","""[\""fried eggs\"", \""ground beef\"", \""guacamole\"", \""boneless skinless chicken breast\""]""",4,716.4,3.7,76.6,41.8
fsb_00196,fsb_00196.jpg,Burrito Bowl,"""[{'name': 'grilled chicken', 'calories': 148.0, 'carbs': 0.0, 'protein': 29.5, 'fat': 3.4, 'quantity': 100, 'unit': 'g'}, {'name': 'ground beef', 'calories': 272.0, 'carbs': 0.0, 'protein': 27.0, 'fat': 17.4, 'quantity': 100, 'unit': 'g'}, {'name': 'fried egg', 'calories': 90.2, 'carbs': 0.4, 'protein': 6.3, 'fat': 6.8, 'quantity': 1, 'unit': 'large'}, {'name': 'guacamole', 'calories': 45.3, 'carbs': 2.6, 'protein': 0.5, 'fat': 4.1, 'quantity': 2, 'unit': 'tbsp'}]""","""[\""grilled chicken\"", \""ground beef\"", \""fried egg\"", \""guacamole\""]""",4,555.5,3.0,63.3,31.7
fsb_00197,fsb_00197.jpg,Bagel With Egg And Cream Cheese,"""[{'name': 'hard boiled egg', 'calories': 77.5, 'carbs': 0.6, 'protein': 6.3, 'fat': 5.3, 'quantity': 1, 'unit': 'large'}, {'name': 'bagel with cream cheese', 'calories': 151.5, 'carbs': 22.6, 'protein': 5.1, 'fat': 4.5, 'quantity': 0.4, 'unit': 'bagel with cream cheese'}, {'name': 'flavored water', 'calories': 0.0, 'carbs': 0.0, 'protein': 0.0, 'fat': 0.0, 'quantity': 1, 'unit': 'fl oz'}]""","""[\""hard boiled egg\"", \""bagel with cream cheese\"", \""flavored water\""]""",3,229.0,23.2,11.4,9.8
fsb_00198,fsb_00198.jpg,Breakfast Plate,"""[{'name': 'omelette', 'calories': 110.6, 'carbs': 0.5, 'protein': 7.2, 'fat': 8.7, 'quantity': 1, 'unit': '1-egg omelet'}, {'name': 'hash browns', 'calories': 146.6, 'carbs': 15.6, 'protein': 1.4, 'fat': 9.2, 'quantity': 0.7, 'unit': 'serving 14 round pieces'}, {'name': 'whole wheat toast', 'calories': 76.5, 'carbs': 12.8, 'protein': 4.1, 'fat': 1.0, 'quantity': 1, 'unit': 'slice'}, {'name': 'jam', 'calories': 50.0, 'carbs': 12.4, 'protein': 0.1, 'fat': 0.0, 'quantity': 0.9, 'unit': 'tbsp'}, {'name': 'ketchup', 'calories': 17.2, 'carbs': 4.7, 'protein': 0.2, 'fat': 0.0, 'quantity': 1, 'unit': 'tbsp'}]""","""[\""omelette\"", \""hash browns\"", \""whole wheat toast\"", \""jam\"", \""ketchup\""]""",5,400.9,46.0,13.0,18.9
fsb_00199,fsb_00199.jpg,Breakfast Plate,"""[{'name': 'omelette', 'calories': 110.6, 'carbs': 0.5, 'protein': 7.2, 'fat': 8.7, 'quantity': 1, 'unit': '1-egg omelet'}, {'name': 'sausage', 'calories': 175.2, 'carbs': 0.5, 'protein': 6.8, 'fat': 16.0, 'quantity': 2, 'unit': 'oz'}, {'name': 'mushrooms', 'calories': 13.2, 'carbs': 2.5, 'protein': 1.0, 'fat': 0.2, 'quantity': 0.3, 'unit': 'cup'}, {'name': 'tomato', 'calories': 3.6, 'carbs': 0.8, 'protein': 0.2, 'fat': 0.0, 'quantity': 1, 'unit': 'slice, medium (1/4\"" thick)'}, {'name': 'lettuce', 'calories': 1.0, 'carbs': 0.2, 'protein': 0.1, 'fat': 0.0, 'quantity': 1, 'unit': 'leaf inner'}, {'name': 'cucumber sauce', 'calories': 27.2, 'carbs': 1.3, 'protein': 0.7, 'fat': 2.2, 'quantity': 2, 'unit': 'tbsp'}]""","""[\""omelette\"", \""sausage\"", \""mushrooms\"", \""tomato\"", \""lettuce\"", \""cucumber sauce\""]""",6,330.8,5.8,16.0,27.1
fsb_00200,fsb_00200.jpg,Breakfast Plate,"""[{'name': 'poached egg', 'calories': 143.0, 'carbs': 0.7, 'protein': 12.5, 'fat': 9.5, 'quantity': 2, 'unit': 'large'}, {'name': 'bacon', 'calories': 96.9, 'carbs': 0.4, 'protein': 7.0, 'fat': 7.3, 'quantity': 1.7999999999999998, 'unit': 'slices'}, {'name': 'white bread', 'calories': 159.6, 'carbs': 29.7, 'protein': 5.3, 'fat': 2.0, 'quantity': 2, 'unit': 'slice, large'}]""","""[\""poached egg\"", \""bacon\"", \""white bread\""]""",3,399.5,30.8,24.8,18.8
fsb_00201,fsb_00201.jpg,Sausage And Cheese Breakfast Sandwich,"""[{'name': 'sausage', 'calories': 175.2, 'carbs': 0.5, 'protein': 6.8, 'fat': 16.0, 'quantity': 2, 'unit': 'oz'}, {'name': 'omelet', 'calories': 323.5, 'carbs': 1.4, 'protein': 21.1, 'fat': 25.3, 'quantity': 1, 'unit': '3-egg omelet'}, {'name': 'cheddar cheese', 'calories': 91.3, 'carbs': 0.7, 'protein': 5.2, 'fat': 7.5, 'quantity': 0.2, 'unit': 'cup, shredded'}, {'name': 'whole wheat toast', 'calories': 68.8, 'carbs': 11.5, 'protein': 3.7, 'fat': 0.9, 'quantity': 0.9, 'unit': 'slice'}, {'name': 'peanut butter', 'calories': 94.1, 'carbs': 3.8, 'protein': 3.5, 'fat': 7.9, 'quantity': 1, 'unit': 'tbsp'}]""","""[\""sausage\"", \""omelet\"", \""cheddar cheese\"", \""whole wheat toast\"", \""peanut butter\""]""",5,752.9,17.9,40.3,57.6
fsb_00202,fsb_00202.jpg,Breakfast Platter,"""[{'name': 'scrambled eggs', 'calories': 196.7, 'carbs': 2.1, 'protein': 13.2, 'fat': 14.5, 'quantity': 0.6, 'unit': 'cup'}, {'name': 'tamale', 'calories': 247.1, 'carbs': 22.4, 'protein': 10.4, 'fat': 12.8, 'quantity': 1, 'unit': 'piece'}, {'name': 'shredded beef', 'calories': 109.9, 'carbs': 0.0, 'protein': 13.3, 'fat': 5.9, 'quantity': 0.4, 'unit': 'cup'}, {'name': 'sausage link', 'calories': 87.8, 'carbs': 0.4, 'protein': 5.0, 'fat': 7.4, 'quantity': 1, 'unit': 'patty'}, {'name': 'sausage patty', 'calories': 156.0, 'carbs': 0.7, 'protein': 8.9, 'fat': 13.1, 'quantity': 1, 'unit': 'serving'}, {'name': 'bacon', 'calories': 80.7, 'carbs': 0.3, 'protein': 5.9, 'fat': 6.1, 'quantity': 1.5, 'unit': 'slices'}, {'name': 'biscuit', 'calories': 169.4, 'carbs': 21.4, 'protein': 3.4, 'fat': 7.8, 'quantity': 0.8, 'unit': 'biscuit (2-1/2\"" dia)'}, {'name': 'chili', 'calories': 141.6, 'carbs': 7.3, 'protein': 9.0, 'fat': 8.5, 'quantity': 0.5, 'unit': 'cup'}, {'name': 'soda', 'calories': 206.3, 'carbs': 50.9, 'protein': 0.0, 'fat': 1.2, 'quantity': 16, 'unit': 'fl oz'}]""","""[\""scrambled eggs\"", \""tamale\"", \""shredded beef\"", \""sausage link\"", \""sausage patty\"", \""bacon\"", \""biscuit\"", \""chili\"", \""soda\""]""",9,1395.5,105.5,69.1,77.3
fsb_00203,fsb_00203.jpg,Breakfast Platter,"""[{'name': 'scrambled eggs', 'calories': 137.1, 'carbs': 1.5, 'protein': 9.2, 'fat': 10.1, 'quantity': 2, 'unit': 'small'}, {'name': 'bacon', 'calories': 53.8, 'carbs': 0.2, 'protein': 3.9, 'fat': 4.0, 'quantity': 1, 'unit': 'slices'}, {'name': 'pancake', 'calories': 86.3, 'carbs': 10.8, 'protein': 2.4, 'fat': 3.7, 'quantity': 1, 'unit': 'pancake (4\"" dia)'}, {'name': 'syrup', 'calories': 106.0, 'carbs': 27.8, 'protein': 0.0, 'fat': 0.0, 'quantity': 2, 'unit': 'tbsp'}, {'name': 'salsa', 'calories': 10.4, 'carbs': 2.4, 'protein': 0.5, 'fat': 0.1, 'quantity': 2, 'unit': 'tbsp'}]""","""[\""scrambled eggs\"", \""bacon\"", \""pancake\"", \""syrup\"", \""salsa\""]""",5,393.6,42.7,16.0,17.9
fsb_00204,fsb_00204.jpg,Breakfast Plate,"""[{'name': 'scrambled eggs', 'calories': 137.1, 'carbs': 1.5, 'protein': 9.2, 'fat': 10.1, 'quantity': 2, 'unit': 'small'}, {'name': 'cantaloupe', 'calories': 30.1, 'carbs': 7.2, 'protein': 0.7, 'fat': 0.2, 'quantity': 0.5, 'unit': 'cup, balls'}, {'name': 'roasted potatoes', 'calories': 107.8, 'carbs': 13.9, 'protein': 1.6, 'fat': 5.2, 'quantity': 0.6, 'unit': 'cup'}, {'name': 'spinach quiche', 'calories': 212.4, 'carbs': 9.9, 'protein': 6.3, 'fat': 16.7, 'quantity': 0.5, 'unit': 'cup'}]""","""[\""scrambled eggs\"", \""cantaloupe\"", \""roasted potatoes\"", \""spinach quiche\""]""",4,487.4,32.5,17.8,32.2
fsb_00205,fsb_00205.jpg,Breakfast Plate,"""[{'name': 'scrambled eggs', 'calories': 137.1, 'carbs': 1.5, 'protein': 9.2, 'fat': 10.1, 'quantity': 2, 'unit': 'small'}, {'name': 'avocado', 'calories': 120.0, 'carbs': 6.4, 'protein': 1.5, 'fat': 11.0, 'quantity': 0.5, 'unit': 'cup, cubes'}, {'name': 'blueberries', 'calories': 21.1, 'carbs': 5.4, 'protein': 0.3, 'fat': 0.1, 'quantity': 0.25, 'unit': 'cup'}, {'name': 'cherry tomatoes', 'calories': 15.3, 'carbs': 3.3, 'protein': 0.7, 'fat': 0.2, 'quantity': 5, 'unit': 'cherry'}, {'name': 'toast', 'calories': 156.6, 'carbs': 29.4, 'protein': 4.9, 'fat': 2.2, 'quantity': 2, 'unit': 'slice, large'}]""","""[\""scrambled eggs\"", \""avocado\"", \""blueberries\"", \""cherry tomatoes\"", \""toast\""]""",5,450.1,46.0,16.6,23.6
fsb_00206,fsb_00206.jpg,Breakfast Plate,"""[{'name': 'scrambled eggs', 'calories': 90.9, 'carbs': 1.0, 'protein': 6.1, 'fat': 6.7, 'quantity': 1, 'unit': 'large'}, {'name': 'bacon', 'calories': 53.8, 'carbs': 0.2, 'protein': 3.9, 'fat': 4.0, 'quantity': 1, 'unit': 'slices'}, {'name': 'whole wheat toast', 'calories': 68.8, 'carbs': 11.5, 'protein': 3.7, 'fat': 0.9, 'quantity': 0.9, 'unit': 'slice'}, {'name': 'butter', 'calories': 50.9, 'carbs': 0.0, 'protein': 0.1, 'fat': 5.8, 'quantity': 0.5, 'unit': 'tbsp'}, {'name': 'strawberries', 'calories': 17.3, 'carbs': 4.1, 'protein': 0.4, 'fat': 0.2, 'quantity': 3, 'unit': 'large (1-3/8\"" dia)'}, {'name': 'blueberries', 'calories': 21.1, 'carbs': 5.4, 'protein': 0.3, 'fat': 0.1, 'quantity': 0.25, 'unit': 'cup'}, {'name': 'black coffee', 'calories': 1.9, 'carbs': 0.0, 'protein': 0.2, 'fat': 0.0, 'quantity': 0.8, 'unit': 'cup'}]""","""[\""scrambled eggs\"", \""bacon\"", \""whole wheat toast\"", \""butter\"", \""strawberries\"", \""blueberries\"", \""black coffee\""]""",7,304.7,22.2,14.7,17.7
fsb_00207,fsb_00207.jpg,Breakfast Plate,"""[{'name': 'scrambled eggs', 'calories': 137.1, 'carbs': 1.5, 'protein': 9.2, 'fat': 10.1, 'quantity': 2, 'unit': 'small'}, {'name': 'bacon', 'calories': 129.2, 'carbs': 0.5, 'protein': 9.4, 'fat': 9.7, 'quantity': 2.4000000000000004, 'unit': 'slices'}, {'name': 'toast with jelly', 'calories': 262.0, 'carbs': 55.6, 'protein': 5.2, 'fat': 1.9, 'quantity': 2, 'unit': 'slice'}, {'name': 'hash brown', 'calories': 115.3, 'carbs': 12.2, 'protein': 1.1, 'fat': 7.2, 'quantity': 0.8, 'unit': 'patty'}, {'name': 'grits', 'calories': 75.7, 'carbs': 16.1, 'protein': 1.4, 'fat': 0.5, 'quantity': 0.5, 'unit': 'cup'}]""","""[\""scrambled eggs\"", \""bacon\"", \""toast with jelly\"", \""hash brown\"", \""grits\""]""",5,719.3,85.9,26.3,29.4
fsb_00208,fsb_00208.jpg,Breakfast Plate,"""[{'name': 'scrambled eggs', 'calories': 137.1, 'carbs': 1.5, 'protein': 9.2, 'fat': 10.1, 'quantity': 2, 'unit': 'small'}, {'name': 'bagel', 'calories': 138.6, 'carbs': 27.5, 'protein': 5.5, 'fat': 0.7, 'quantity': 0.5, 'unit': 'medium bagel'}, {'name': 'cream cheese', 'calories': 50.8, 'carbs': 0.8, 'protein': 0.9, 'fat': 5.0, 'quantity': 1, 'unit': 'tbsp'}, {'name': 'pear', 'calories': 50.7, 'carbs': 13.6, 'protein': 0.3, 'fat': 0.1, 'quantity': 0.5, 'unit': 'medium'}]""","""[\""scrambled eggs\"", \""bagel\"", \""cream cheese\"", \""pear\""]""",4,377.2,43.4,15.9,15.9
fsb_00209,fsb_00209.jpg,Salmon And Cheese Toast,"""[{'name': 'scrambled eggs', 'calories': 137.1, 'carbs': 1.5, 'protein': 9.2, 'fat': 10.1, 'quantity': 2, 'unit': 'small'}, {'name': 'cheese', 'calories': 91.3, 'carbs': 0.7, 'protein': 5.2, 'fat': 7.5, 'quantity': 0.2, 'unit': 'cup, shredded'}, {'name': 'toast', 'calories': 156.6, 'carbs': 29.4, 'protein': 4.9, 'fat': 2.2, 'quantity': 2, 'unit': 'slice, large'}, {'name': 'grilled salmon', 'calories': 233.8, 'carbs': 0.0, 'protein': 25.1, 'fat': 14.0, 'quantity': 0.5, 'unit': 'fillet'}, {'name': 'honey', 'calories': 63.8, 'carbs': 17.3, 'protein': 0.1, 'fat': 0.0, 'quantity': 1, 'unit': 'tbsp'}]""","""[\""scrambled eggs\"", \""cheese\"", \""toast\"", \""grilled salmon\"", \""honey\""]""",5,682.6,48.9,44.5,33.8
fsb_00210,fsb_00210.jpg,Breakfast Plate,"""[{'name': 'scrambled eggs', 'calories': 137.1, 'carbs': 1.5, 'protein': 9.2, 'fat': 10.1, 'quantity': 2, 'unit': 'small'}, {'name': 'cherry tomatoes', 'calories': 15.3, 'carbs': 3.3, 'protein': 0.7, 'fat': 0.2, 'quantity': 5, 'unit': 'cherry'}, {'name': 'mushrooms', 'calories': 22.0, 'carbs': 4.1, 'protein': 1.7, 'fat': 0.4, 'quantity': 0.5, 'unit': 'cup'}, {'name': 'avocado', 'calories': 48.0, 'carbs': 2.6, 'protein': 0.6, 'fat': 4.4, 'quantity': 0.2, 'unit': 'cup, cubes'}]""","""[\""scrambled eggs\"", \""cherry tomatoes\"", \""mushrooms\"", \""avocado\""]""",4,222.4,11.5,12.2,15.1
fsb_00211,fsb_00211.jpg,Sweet Potato Breakfast Bowl,"""[{'name': 'scrambled eggs', 'calories': 90.9, 'carbs': 1.0, 'protein': 6.1, 'fat': 6.7, 'quantity': 1, 'unit': 'large'}, {'name': 'sweet potato', 'calories': 102.6, 'carbs': 23.6, 'protein': 2.3, 'fat': 0.2, 'quantity': 1, 'unit': 'medium (2\"" dia, 5\"" long, raw)'}, {'name': 'peanut butter', 'calories': 94.1, 'carbs': 3.8, 'protein': 3.5, 'fat': 7.9, 'quantity': 1, 'unit': 'tbsp'}, {'name': 'greek yogurt', 'calories': 93.6, 'carbs': 5.7, 'protein': 16.2, 'fat': 0.6, 'quantity': 0.7, 'unit': 'cup'}, {'name': 'blackberry', 'calories': 2.8, 'carbs': 0.6, 'protein': 0.1, 'fat': 0.0, 'quantity': 1, 'unit': 'blackberry'}]""","""[\""scrambled eggs\"", \""sweet potato\"", \""peanut butter\"", \""greek yogurt\"", \""blackberry\""]""",5,384.0,34.7,28.2,15.4
fsb_00212,fsb_00212.jpg,Breakfast Plate,"""[{'name': 'toast', 'calories': 156.6, 'carbs': 29.4, 'protein': 4.9, 'fat': 2.2, 'quantity': 2, 'unit': 'slice, large'}, {'name': 'cheese', 'calories': 226.2, 'carbs': 1.7, 'protein': 12.8, 'fat': 18.7, 'quantity': 2, 'unit': 'slice (1 oz)'}, {'name': 'marmalade', 'calories': 42.4, 'carbs': 10.6, 'protein': 0.0, 'fat': 0.0, 'quantity': 3, 'unit': 'tsp'}, {'name': 'boiled egg', 'calories': 68.2, 'carbs': 0.5, 'protein': 5.5, 'fat': 4.7, 'quantity': 1, 'unit': 'medium'}, {'name': 'orange juice', 'calories': 111.6, 'carbs': 25.8, 'protein': 1.7, 'fat': 0.5, 'quantity': 1, 'unit': 'cup'}, {'name': 'tea with milk', 'calories': 30.9, 'carbs': 2.6, 'protein': 1.6, 'fat': 1.6, 'quantity': 0.5, 'unit': 'cup'}]""","""[\""toast\"", \""cheese\"", \""marmalade\"", \""boiled egg\"", \""orange juice\"", \""tea with milk\""]""",6,635.9,70.6,26.5,27.7
fsb_00213,fsb_00213.jpg,Breakfast Platter,"""[{'name': 'egg', 'calories': 143.0, 'carbs': 0.7, 'protein': 12.6, 'fat': 9.5, 'quantity': 2, 'unit': 'large'}, {'name': 'sausage patty', 'calories': 184.3, 'carbs': 0.8, 'protein': 10.5, 'fat': 15.5, 'quantity': 2, 'unit': 'oz'}, {'name': 'tortilla', 'calories': 104.0, 'carbs': 17.8, 'protein': 2.8, 'fat': 2.3, 'quantity': 1, 'unit': 'tortilla, medium (approx 6\"" dia)'}, {'name': 'refried beans', 'calories': 128.5, 'carbs': 19.3, 'protein': 7.1, 'fat': 2.9, 'quantity': 0.6, 'unit': 'cup'}]""","""[\""egg\"", \""sausage patty\"", \""tortilla\"", \""refried beans\""]""",4,559.8,38.6,33.0,30.2
fsb_00214,fsb_00214.jpg,Breakfast Platter,"""[{'name': 'fried eggs', 'calories': 270.5, 'carbs': 1.1, 'protein': 18.8, 'fat': 20.5, 'quantity': 3, 'unit': 'large'}, {'name': 'ground beef', 'calories': 202.6, 'carbs': 0.0, 'protein': 20.1, 'fat': 12.9, 'quantity': 0.5, 'unit': 'portion ( yield from 1/2 lb raw meat )'}, {'name': 'tuna', 'calories': 92.1, 'carbs': 0.0, 'protein': 20.7, 'fat': 0.4, 'quantity': 0.5, 'unit': 'tuna steak'}, {'name': 'kebab', 'calories': 144.5, 'carbs': 8.5, 'protein': 9.5, 'fat': 7.9, 'quantity': 0.4, 'unit': 'serving'}, {'name': 'butter', 'calories': 101.8, 'carbs': 0.0, 'protein': 0.1, 'fat': 11.5, 'quantity': 1, 'unit': 'tbsp'}, {'name': 'banana', 'calories': 105.0, 'carbs': 27.0, 'protein': 1.3, 'fat': 0.4, 'quantity': 1, 'unit': 'medium (7\"" to 7-7/8\"" long)'}, {'name': 'dates', 'calories': 60.1, 'carbs': 16.0, 'protein': 0.5, 'fat': 0.1, 'quantity': 3, 'unit': 'date, pitted'}, {'name': 'yogurt', 'calories': 77.2, 'carbs': 8.6, 'protein': 6.4, 'fat': 1.9, 'quantity': 0.5, 'unit': 'cup (8 fl oz)'}, {'name': 'chia seeds', 'calories': 58.3, 'carbs': 5.1, 'protein': 2.0, 'fat': 3.7, 'quantity': 1, 'unit': 'tbsp'}, {'name': 'molasses', 'calories': 61.1, 'carbs': 15.7, 'protein': 0.0, 'fat': 0.0, 'quantity': 1, 'unit': 'tbsp'}]""","""[\""fried eggs\"", \""ground beef\"", \""tuna\"", \""kebab\"", \""butter\"", \""banana\"", \""dates\"", \""yogurt\"", \""chia seeds\"", \""molasses\""]""",10,1173.2,82.0,79.4,59.3
fsb_00215,fsb_00215.jpg,Breakfast Platter,"""[{'name': 'scrambled eggs', 'calories': 137.1, 'carbs': 1.5, 'protein': 9.2, 'fat': 10.1, 'quantity': 2, 'unit': 'small'}, {'name': 'toast', 'calories': 156.6, 'carbs': 29.4, 'protein': 4.9, 'fat': 2.2, 'quantity': 2, 'unit': 'slice, large'}, {'name': 'sausage links', 'calories': 299.0, 'carbs': 1.3, 'protein': 17.0, 'fat': 25.1, 'quantity': 4, 'unit': 'links'}, {'name': 'fried potatoes', 'calories': 124.5, 'carbs': 16.5, 'protein': 1.4, 'fat': 5.9, 'quantity': 0.7, 'unit': 'cup'}]""","""[\""scrambled eggs\"", \""toast\"", \""sausage links\"", \""fried potatoes\""]""",4,717.2,48.7,32.5,43.3
fsb_00216,fsb_00216.jpg,Breakfast Sandwich with Pear and Juice,"""[{'name': 'bagel', 'calories': 235.2, 'carbs': 46.7, 'protein': 9.4, 'fat': 1.2, 'quantity': 0.9, 'unit': 'bagel'}, {'name': 'egg', 'calories': 71.5, 'carbs': 0.4, 'protein': 6.3, 'fat': 4.8, 'quantity': 1, 'unit': 'large'}, {'name': 'sausage patty', 'calories': 156.0, 'carbs': 0.7, 'protein': 8.9, 'fat': 13.1, 'quantity': 1, 'unit': 'serving'}, {'name': 'cheese', 'calories': 48.1, 'carbs': 0.4, 'protein': 2.7, 'fat': 4.0, 'quantity': 0.7, 'unit': 'cubic inch'}, {'name': 'pear', 'calories': 101.5, 'carbs': 27.1, 'protein': 0.6, 'fat': 0.2, 'quantity': 1, 'unit': 'medium'}, {'name': 'grapefruit juice', 'calories': 86.7, 'carbs': 20.5, 'protein': 1.1, 'fat': 0.2, 'quantity': 0.9, 'unit': 'cup'}, {'name': 'coffee', 'calories': 1.9, 'carbs': 0.0, 'protein': 0.2, 'fat': 0.0, 'quantity': 0.8, 'unit': 'cup'}]""","""[\""bagel\"", \""egg\"", \""sausage patty\"", \""cheese\"", \""pear\"", \""grapefruit juice\"", \""coffee\""]""",7,700.9,95.8,29.2,23.5
fsb_00217,fsb_00217.jpg,Eggs Benedict,"""[{'name': 'english muffin', 'calories': 133.9, 'carbs': 26.2, 'protein': 4.4, 'fat': 1.0, 'quantity': 1, 'unit': 'muffin'}, {'name': 'egg', 'calories': 71.5, 'carbs': 0.4, 'protein': 6.3, 'fat': 4.8, 'quantity': 1, 'unit': 'large'}, {'name': 'canadian bacon', 'calories': 20.1, 'carbs': 0.2, 'protein': 3.9, 'fat': 0.4, 'quantity': 1, 'unit': 'slice'}]""","""[\""english muffin\"", \""egg\"", \""canadian bacon\""]""",3,225.5,26.8,14.6,6.2
fsb_00218,fsb_00218.jpg,Breakfast Sandwich,"""[{'name': 'white bread', 'calories': 159.6, 'carbs': 29.7, 'protein': 5.3, 'fat': 2.0, 'quantity': 2, 'unit': 'slice, large'}, {'name': 'scrambled eggs', 'calories': 90.9, 'carbs': 1.0, 'protein': 6.1, 'fat': 6.7, 'quantity': 1, 'unit': 'large'}, {'name': 'bacon', 'calories': 80.7, 'carbs': 0.3, 'protein': 5.9, 'fat': 6.1, 'quantity': 1.5, 'unit': 'slices'}, {'name': 'cheddar cheese', 'calories': 113.1, 'carbs': 0.9, 'protein': 6.4, 'fat': 9.3, 'quantity': 1, 'unit': 'slice (1 oz)'}, {'name': 'mayonnaise', 'calories': 93.8, 'carbs': 0.1, 'protein': 0.1, 'fat': 10.3, 'quantity': 1, 'unit': 'tbsp'}]""","""[\""white bread\"", \""scrambled eggs\"", \""bacon\"", \""cheddar cheese\"", \""mayonnaise\""]""",5,538.1,32.0,23.8,34.4
fsb_00219,fsb_00219.jpg,Breakfast Scramble with Ketchup,"""[{'name': 'eggs', 'calories': 143.0, 'carbs': 0.7, 'protein': 12.6, 'fat': 9.5, 'quantity': 2, 'unit': 'large'}, {'name': 'potatoes', 'calories': 68.1, 'carbs': 15.5, 'protein': 1.8, 'fat': 0.1, 'quantity': 0.6, 'unit': 'cup'}, {'name': 'ham', 'calories': 60.5, 'carbs': 0.5, 'protein': 9.6, 'fat': 2.2, 'quantity': 0.3, 'unit': 'slice'}, {'name': 'beans', 'calories': 71.6, 'carbs': 16.1, 'protein': 3.6, 'fat': 0.3, 'quantity': 0.3, 'unit': 'cup'}, {'name': 'ketchup', 'calories': 34.3, 'carbs': 9.3, 'protein': 0.4, 'fat': 0.0, 'quantity': 2, 'unit': 'tbsp'}]""","""[\""eggs\"", \""potatoes\"", \""ham\"", \""beans\"", \""ketchup\""]""",5,377.5,42.1,28.0,12.1
fsb_00220,fsb_00220.jpg,Breakfast Platter,"""[{'name': 'bagel with cream cheese', 'calories': 151.5, 'carbs': 22.6, 'protein': 5.1, 'fat': 4.5, 'quantity': 0.4, 'unit': 'bagel with cream cheese'}, {'name': 'boiled egg', 'calories': 68.2, 'carbs': 0.5, 'protein': 5.5, 'fat': 4.7, 'quantity': 1, 'unit': 'medium'}, {'name': 'pear', 'calories': 50.7, 'carbs': 13.6, 'protein': 0.3, 'fat': 0.1, 'quantity': 0.5, 'unit': 'medium'}, {'name': 'coffee', 'calories': 1.9, 'carbs': 0.0, 'protein': 0.2, 'fat': 0.0, 'quantity': 0.8, 'unit': 'cup'}, {'name': 'iced tea', 'calories': 90.2, 'carbs': 27.1, 'protein': 0.0, 'fat': 0.0, 'quantity': 38, 'unit': 'cup'}]""","""[\""bagel with cream cheese\"", \""boiled egg\"", \""pear\"", \""coffee\"", \""iced tea\""]""",5,362.5,63.8,11.1,9.3
fsb_00221,fsb_00221.jpg,Bagel Sandwich With Iced Tea,"""[{'name': 'bagel with cream cheese', 'calories': 151.5, 'carbs': 22.6, 'protein': 5.1, 'fat': 4.5, 'quantity': 0.4, 'unit': 'bagel with cream cheese'}, {'name': 'hard boiled egg', 'calories': 68.2, 'carbs': 0.5, 'protein': 5.5, 'fat': 4.7, 'quantity': 1, 'unit': 'medium'}, {'name': 'salami', 'calories': 33.3, 'carbs': 0.1, 'protein': 1.9, 'fat': 2.8, 'quantity': 0.9, 'unit': 'slice'}, {'name': 'cherries', 'calories': 51.7, 'carbs': 13.1, 'protein': 0.9, 'fat': 0.2, 'quantity': 10, 'unit': 'cherry'}, {'name': 'iced tea', 'calories': 90.0, 'carbs': 27.0, 'protein': 0.0, 'fat': 0.0, 'quantity': 38, 'unit': 'cup'}]""","""[\""bagel with cream cheese\"", \""hard boiled egg\"", \""salami\"", \""cherries\"", \""iced tea\""]""",5,394.7,63.3,13.4,12.2
fsb_00222,fsb_00222.jpg,Bagel Sandwich Platter,"""[{'name': 'bagel with cream cheese', 'calories': 303.0, 'carbs': 45.3, 'protein': 10.3, 'fat': 9.1, 'quantity': 0.8, 'unit': 'bagel with cream cheese'}, {'name': 'salami', 'calories': 84.7, 'carbs': 0.2, 'protein': 4.7, 'fat': 7.1, 'quantity': 0.8, 'unit': 'oz'}, {'name': 'greek yogurt', 'calories': 100.3, 'carbs': 6.1, 'protein': 17.3, 'fat': 0.7, 'quantity': 1, 'unit': 'container'}, {'name': 'apple', 'calories': 28.3, 'carbs': 7.5, 'protein': 0.1, 'fat': 0.1, 'quantity': 0.5, 'unit': 'cup slices'}, {'name': 'iced tea', 'calories': 90.2, 'carbs': 27.1, 'protein': 0.0, 'fat': 0.0, 'quantity': 38, 'unit': 'cup'}, {'name': 'coffee', 'calories': 1.9, 'carbs': 0.0, 'protein': 0.2, 'fat': 0.0, 'quantity': 0.8, 'unit': 'cup'}]""","""[\""bagel with cream cheese\"", \""salami\"", \""greek yogurt\"", \""apple\"", \""iced tea\"", \""coffee\""]""",6,608.4,86.2,32.6,17.0
fsb_00223,fsb_00223.jpg,Breakfast Tray,"""[{'name': 'bagel with cream cheese', 'calories': 303.0, 'carbs': 45.3, 'protein': 10.3, 'fat': 9.1, 'quantity': 0.8, 'unit': 'bagel with cream cheese'}, {'name': 'peach', 'calories': 30.0, 'carbs': 7.3, 'protein': 0.7, 'fat': 0.2, 'quantity': 0.5, 'unit': 'cup slices'}, {'name': 'grapefruit juice', 'calories': 86.7, 'carbs': 20.5, 'protein': 1.1, 'fat': 0.2, 'quantity': 0.9, 'unit': 'cup'}, {'name': 'coffee', 'calories': 1.9, 'carbs': 0.0, 'protein': 0.2, 'fat': 0.0, 'quantity': 0.8, 'unit': 'cup'}]""","""[\""bagel with cream cheese\"", \""peach\"", \""grapefruit juice\"", \""coffee\""]""",4,421.6,73.1,12.3,9.5
fsb_00224,fsb_00224.jpg,Bagel With Cream Cheese And Prosciutto,"""[{'name': 'bagel', 'calories': 138.6, 'carbs': 27.5, 'protein': 5.5, 'fat': 0.7, 'quantity': 0.5, 'unit': 'medium bagel'}, {'name': 'cream cheese', 'calories': 101.5, 'carbs': 1.6, 'protein': 1.8, 'fat': 10.0, 'quantity': 2, 'unit': 'tbsp'}, {'name': 'apple', 'calories': 94.6, 'carbs': 25.1, 'protein': 0.5, 'fat': 0.3, 'quantity': 1, 'unit': 'medium (3\"" dia)'}, {'name': 'prosciutto', 'calories': 27.6, 'carbs': 0.0, 'protein': 3.9, 'fat': 1.2, 'quantity': 0.5, 'unit': 'oz'}, {'name': 'greek yogurt', 'calories': 100.3, 'carbs': 6.1, 'protein': 17.3, 'fat': 0.7, 'quantity': 1, 'unit': 'container'}, {'name': 'coffee', 'calories': 1.9, 'carbs': 0.0, 'protein': 0.2, 'fat': 0.0, 'quantity': 0.8, 'unit': 'cup'}]""","""[\""bagel\"", \""cream cheese\"", \""apple\"", \""prosciutto\"", \""greek yogurt\"", \""coffee\""]""",6,464.5,60.3,29.2,12.9
fsb_00225,fsb_00225.jpg,Bagel With Cream Cheese And Prosciutto,"""[{'name': 'bagel', 'calories': 138.6, 'carbs': 27.5, 'protein': 5.5, 'fat': 0.7, 'quantity': 0.5, 'unit': 'medium bagel'}, {'name': 'cream cheese', 'calories': 50.8, 'carbs': 0.8, 'protein': 0.9, 'fat': 5.0, 'quantity': 1, 'unit': 'tbsp'}, {'name': 'prosciutto', 'calories': 27.6, 'carbs': 0.0, 'protein': 3.9, 'fat': 1.2, 'quantity': 0.5, 'unit': 'oz'}, {'name': 'boiled egg', 'calories': 68.2, 'carbs': 0.5, 'protein': 5.5, 'fat': 4.7, 'quantity': 1, 'unit': 'medium'}, {'name': 'coffee', 'calories': 1.9, 'carbs': 0.0, 'protein': 0.2, 'fat': 0.0, 'quantity': 0.8, 'unit': 'cup'}, {'name': 'peach', 'calories': 68.2, 'carbs': 16.7, 'protein': 1.6, 'fat': 0.4, 'quantity': 1, 'unit': 'large (2-3/4\"" dia)'}]""","""[\""bagel\"", \""cream cheese\"", \""prosciutto\"", \""boiled egg\"", \""coffee\"", \""peach\""]""",6,355.3,45.5,17.6,12.0
fsb_00226,fsb_00226.jpg,Bagel With Cream Cheese And Egg Breakfast Platter,"""[{'name': 'bagel', 'calories': 235.2, 'carbs': 46.7, 'protein': 9.4, 'fat': 1.2, 'quantity': 0.9, 'unit': 'bagel'}, {'name': 'cream cheese', 'calories': 50.8, 'carbs': 0.8, 'protein': 0.9, 'fat': 5.0, 'quantity': 1, 'unit': 'tbsp'}, {'name': 'hard boiled egg', 'calories': 77.5, 'carbs': 0.6, 'protein': 6.3, 'fat': 5.3, 'quantity': 1, 'unit': 'large'}, {'name': 'apple', 'calories': 28.3, 'carbs': 7.5, 'protein': 0.1, 'fat': 0.1, 'quantity': 0.5, 'unit': 'cup slices'}, {'name': 'juice', 'calories': 64.0, 'carbs': 15.6, 'protein': 0.2, 'fat': 0.0, 'quantity': 0.5, 'unit': 'cup'}]""","""[\""bagel\"", \""cream cheese\"", \""hard boiled egg\"", \""apple\"", \""juice\""]""",5,455.8,71.2,16.9,11.6
fsb_00227,fsb_00227.jpg,Breakfast Platter,"""[{'name': 'boiled egg', 'calories': 68.2, 'carbs': 0.5, 'protein': 5.5, 'fat': 4.7, 'quantity': 1, 'unit': 'medium'}, {'name': 'ham', 'calories': 40.3, 'carbs': 0.3, 'protein': 6.4, 'fat': 1.5, 'quantity': 0.2, 'unit': 'slice'}, {'name': 'bread', 'calories': 154.3, 'carbs': 28.7, 'protein': 5.1, 'fat': 1.9, 'quantity': 2, 'unit': 'slice'}, {'name': 'apple', 'calories': 47.3, 'carbs': 12.6, 'protein': 0.2, 'fat': 0.2, 'quantity': 0.5, 'unit': 'medium (3\"" dia)'}, {'name': 'juice', 'calories': 64.0, 'carbs': 15.6, 'protein': 0.2, 'fat': 0.0, 'quantity': 0.5, 'unit': 'cup'}, {'name': 'coffee', 'calories': 1.9, 'carbs': 0.0, 'protein': 0.2, 'fat': 0.0, 'quantity': 0.8, 'unit': 'cup'}, {'name': 'cream cheese', 'calories': 50.8, 'carbs': 0.8, 'protein': 0.9, 'fat': 5.0, 'quantity': 1, 'unit': 'tbsp'}, {'name': 'cheese', 'calories': 113.1, 'carbs': 0.9, 'protein': 6.4, 'fat': 9.3, 'quantity': 1, 'unit': 'slice (1 oz)'}]""","""[\""boiled egg\"", \""ham\"", \""bread\"", \""apple\"", \""juice\"", \""coffee\"", \""cream cheese\"", \""cheese\""]""",8,539.9,59.4,24.9,22.6
fsb_00228,fsb_00228.jpg,Prosciutto And Egg Sandwich With Grapes,"""[{'name': 'bread', 'calories': 77.1, 'carbs': 14.3, 'protein': 2.6, 'fat': 1.0, 'quantity': 1, 'unit': 'slice'}, {'name': 'boiled egg', 'calories': 68.2, 'carbs': 0.5, 'protein': 5.5, 'fat': 4.7, 'quantity': 1, 'unit': 'medium'}, {'name': 'prosciutto', 'calories': 27.6, 'carbs': 0.0, 'protein': 3.9, 'fat': 1.2, 'quantity': 0.5, 'unit': 'oz'}, {'name': 'green grapes', 'calories': 52.1, 'carbs': 13.7, 'protein': 0.5, 'fat': 0.1, 'quantity': 0.5, 'unit': 'cup'}, {'name': 'iced tea', 'calories': 90.0, 'carbs': 27.0, 'protein': 0.0, 'fat': 0.0, 'quantity': 38, 'unit': 'cup'}, {'name': 'cream cheese', 'calories': 50.8, 'carbs': 0.8, 'protein': 0.9, 'fat': 5.0, 'quantity': 1, 'unit': 'tbsp'}]""","""[\""bread\"", \""boiled egg\"", \""prosciutto\"", \""green grapes\"", \""iced tea\"", \""cream cheese\""]""",6,365.8,56.3,13.4,12.0
fsb_00229,fsb_00229.jpg,Breakfast Tray,"""[{'name': 'bread', 'calories': 77.1, 'carbs': 14.3, 'protein': 2.6, 'fat': 1.0, 'quantity': 1, 'unit': 'slice'}, {'name': 'cream cheese', 'calories': 101.5, 'carbs': 1.6, 'protein': 1.8, 'fat': 10.0, 'quantity': 2, 'unit': 'tbsp'}, {'name': 'boiled egg', 'calories': 68.2, 'carbs': 0.5, 'protein': 5.5, 'fat': 4.7, 'quantity': 1, 'unit': 'medium'}, {'name': 'salami', 'calories': 37.0, 'carbs': 0.1, 'protein': 2.1, 'fat': 3.1, 'quantity': 1, 'unit': 'slice'}, {'name': 'apple', 'calories': 94.6, 'carbs': 25.1, 'protein': 0.5, 'fat': 0.3, 'quantity': 1, 'unit': 'medium (3\"" dia)'}, {'name': 'juice', 'calories': 115.2, 'carbs': 28.1, 'protein': 0.3, 'fat': 0.0, 'quantity': 0.9, 'unit': 'cup'}]""","""[\""bread\"", \""cream cheese\"", \""boiled egg\"", \""salami\"", \""apple\"", \""juice\""]""",6,493.6,69.7,12.8,19.1
fsb_00230,fsb_00230.jpg,Smoked Salmon And Prosciutto Sandwich,"""[{'name': 'bread', 'calories': 77.1, 'carbs': 14.3, 'protein': 2.6, 'fat': 1.0, 'quantity': 1, 'unit': 'slice'}, {'name': 'smoked salmon', 'calories': 99.5, 'carbs': 0.0, 'protein': 15.5, 'fat': 3.7, 'quantity': 3, 'unit': 'oz'}, {'name': 'cream cheese', 'calories': 101.5, 'carbs': 1.6, 'protein': 1.8, 'fat': 10.0, 'quantity': 2, 'unit': 'tbsp'}, {'name': 'prosciutto', 'calories': 27.6, 'carbs': 0.0, 'protein': 3.9, 'fat': 1.2, 'quantity': 0.5, 'unit': 'oz'}, {'name': 'greek yogurt', 'calories': 100.3, 'carbs': 6.1, 'protein': 17.3, 'fat': 0.7, 'quantity': 1, 'unit': 'container'}]""","""[\""bread\"", \""smoked salmon\"", \""cream cheese\"", \""prosciutto\"", \""greek yogurt\""]""",5,406.0,22.0,41.1,16.6
fsb_00231,fsb_00231.jpg,Mango Cream Cheese Smoothie,"""[{'name': 'bread', 'calories': 77.1, 'carbs': 14.3, 'protein': 2.6, 'fat': 1.0, 'quantity': 1, 'unit': 'slice'}, {'name': 'cream cheese', 'calories': 50.8, 'carbs': 0.8, 'protein': 0.9, 'fat': 5.0, 'quantity': 1, 'unit': 'tbsp'}, {'name': 'mango', 'calories': 59.4, 'carbs': 14.8, 'protein': 0.8, 'fat': 0.4, 'quantity': 0.6, 'unit': 'cup pieces'}, {'name': 'yogurt', 'calories': 154.3, 'carbs': 17.2, 'protein': 12.9, 'fat': 3.8, 'quantity': 1, 'unit': 'cup (8 fl oz)'}, {'name': 'juice', 'calories': 115.2, 'carbs': 28.1, 'protein': 0.3, 'fat': 0.0, 'quantity': 0.9, 'unit': 'cup'}, {'name': 'tea', 'calories': 2.4, 'carbs': 0.7, 'protein': 0.0, 'fat': 0.0, 'quantity': 1, 'unit': 'cup'}]""","""[\""bread\"", \""cream cheese\"", \""mango\"", \""yogurt\"", \""juice\"", \""tea\""]""",6,459.2,75.9,17.5,10.2
fsb_00232,fsb_00232.jpg,Breakfast Tray,"""[{'name': 'cereal', 'calories': 105.3, 'carbs': 20.5, 'protein': 3.4, 'fat': 1.9, 'quantity': 1, 'unit': 'cup'}, {'name': 'banana', 'calories': 52.5, 'carbs': 13.5, 'protein': 0.6, 'fat': 0.2, 'quantity': 0.5, 'unit': 'medium (7\"" to 7-7/8\"" long)'}, {'name': 'milk', 'calories': 61.0, 'carbs': 5.9, 'protein': 4.0, 'fat': 2.4, 'quantity': 0.5, 'unit': 'cup'}, {'name': 'juice', 'calories': 115.2, 'carbs': 28.1, 'protein': 0.3, 'fat': 0.0, 'quantity': 0.9, 'unit': 'cup'}]""","""[\""cereal\"", \""banana\"", \""milk\"", \""juice\""]""",4,334.0,68.0,8.3,4.5
fsb_00233,fsb_00233.jpg,Breakfast Tray,"""[{'name': 'coffee', 'calories': 1.9, 'carbs': 0.0, 'protein': 0.2, 'fat': 0.0, 'quantity': 0.8, 'unit': 'cup'}, {'name': 'juice', 'calories': 115.2, 'carbs': 28.1, 'protein': 0.3, 'fat': 0.0, 'quantity': 0.9, 'unit': 'cup'}, {'name': 'cheese bread', 'calories': 199.0, 'carbs': 12.1, 'protein': 6.0, 'fat': 14.2, 'quantity': 1, 'unit': 'piece'}, {'name': 'quiche', 'calories': 210.5, 'carbs': 5.6, 'protein': 7.1, 'fat': 17.7, 'quantity': 2, 'unit': 'wt. oz'}, {'name': 'mandarin orange', 'calories': 46.6, 'carbs': 11.7, 'protein': 0.7, 'fat': 0.3, 'quantity': 1, 'unit': 'medium (2-1/2\"" dia)'}]""","""[\""coffee\"", \""juice\"", \""cheese bread\"", \""quiche\"", \""mandarin orange\""]""",5,573.2,57.5,14.3,32.2
fsb_00234,fsb_00234.jpg,Breakfast Tray,"""[{'name': 'croissant', 'calories': 231.4, 'carbs': 26.1, 'protein': 4.7, 'fat': 12.0, 'quantity': 1, 'unit': 'croissant, medium'}, {'name': 'danish pastry', 'calories': 263.4, 'carbs': 33.9, 'protein': 3.8, 'fat': 13.1, 'quantity': 1, 'unit': 'pastry (4-1/4\"" dia)'}, {'name': 'cornflakes', 'calories': 100.0, 'carbs': 23.5, 'protein': 2.1, 'fat': 0.1, 'quantity': 1, 'unit': 'cup'}, {'name': 'milk', 'calories': 61.0, 'carbs': 5.9, 'protein': 4.0, 'fat': 2.4, 'quantity': 0.5, 'unit': 'cup'}, {'name': 'orange juice', 'calories': 111.6, 'carbs': 25.8, 'protein': 1.7, 'fat': 0.5, 'quantity': 1, 'unit': 'cup'}, {'name': 'coffee with milk', 'calories': 29.7, 'carbs': 2.7, 'protein': 2.1, 'fat': 1.1, 'quantity': 0.9, 'unit': 'cup'}]""","""[\""croissant\"", \""danish pastry\"", \""cornflakes\"", \""milk\"", \""orange juice\"", \""coffee with milk\""]""",6,797.1,117.9,18.4,29.2
fsb_00235,fsb_00235.jpg,Breakfast Combo,"""[{'name': 'tea with lemon', 'calories': 2.0, 'carbs': 0.6, 'protein': 0.0, 'fat': 0.0, 'quantity': 0.7, 'unit': 'cup'}, {'name': 'bagel', 'calories': 277.2, 'carbs': 55.0, 'protein': 11.1, 'fat': 1.4, 'quantity': 1, 'unit': 'medium bagel'}, {'name': 'oatmeal', 'calories': 166.1, 'carbs': 28.1, 'protein': 5.9, 'fat': 3.6, 'quantity': 1, 'unit': 'cup'}, {'name': 'butter', 'calories': 33.9, 'carbs': 0.0, 'protein': 0.0, 'fat': 3.8, 'quantity': 1, 'unit': 'tsp'}]""","""[\""tea with lemon\"", \""bagel\"", \""oatmeal\"", \""butter\""]""",4,479.2,83.7,17.0,8.8
fsb_00236,fsb_00236.jpg,Breakfast Tray,"""[{'name': 'ham', 'calories': 58.4, 'carbs': 0.4, 'protein': 9.3, 'fat': 2.1, 'quantity': 2, 'unit': 'thin slice'}, {'name': 'rye bread', 'calories': 165.8, 'carbs': 30.9, 'protein': 5.4, 'fat': 2.1, 'quantity': 2, 'unit': 'slice, regular'}, {'name': 'apple', 'calories': 94.6, 'carbs': 25.1, 'protein': 0.5, 'fat': 0.3, 'quantity': 1, 'unit': 'medium (3\"" dia)'}, {'name': 'orange juice', 'calories': 55.8, 'carbs': 12.9, 'protein': 0.9, 'fat': 0.2, 'quantity': 0.5, 'unit': 'cup'}, {'name': 'coffee', 'calories': 1.9, 'carbs': 0.0, 'protein': 0.2, 'fat': 0.0, 'quantity': 0.8, 'unit': 'cup'}]""","""[\""ham\"", \""rye bread\"", \""apple\"", \""orange juice\"", \""coffee\""]""",5,376.5,69.3,16.3,4.7
fsb_00237,fsb_00237.jpg,Bagel With Cream Cheese And Hard Boiled Egg,"""[{'name': 'hard boiled egg', 'calories': 77.5, 'carbs': 0.6, 'protein': 6.3, 'fat': 5.3, 'quantity': 1, 'unit': 'large'}, {'name': 'bagel with cream cheese', 'calories': 189.3, 'carbs': 28.3, 'protein': 6.4, 'fat': 5.7, 'quantity': 0.5, 'unit': 'bagel with cream cheese'}, {'name': 'coffee', 'calories': 1.9, 'carbs': 0.0, 'protein': 0.2, 'fat': 0.0, 'quantity': 0.8, 'unit': 'cup'}]""","""[\""hard boiled egg\"", \""bagel with cream cheese\"", \""coffee\""]""",3,268.7,28.9,12.9,11.0
fsb_00238,fsb_00238.jpg,Breakfast Tray,"""[{'name': 'pear', 'calories': 50.7, 'carbs': 13.6, 'protein': 0.3, 'fat': 0.1, 'quantity': 0.5, 'unit': 'medium'}, {'name': 'bagel', 'calories': 235.2, 'carbs': 46.7, 'protein': 9.4, 'fat': 1.2, 'quantity': 0.9, 'unit': 'bagel'}, {'name': 'cream cheese', 'calories': 101.5, 'carbs': 1.6, 'protein': 1.8, 'fat': 10.0, 'quantity': 2, 'unit': 'tbsp'}, {'name': 'greek yogurt', 'calories': 100.3, 'carbs': 6.1, 'protein': 17.3, 'fat': 0.7, 'quantity': 1, 'unit': 'container'}, {'name': 'grapefruit juice', 'calories': 48.2, 'carbs': 11.4, 'protein': 0.6, 'fat': 0.1, 'quantity': 0.5, 'unit': 'cup'}, {'name': 'green tea', 'calories': 2.5, 'carbs': 0.0, 'protein': 0.5, 'fat': 0.0, 'quantity': 1, 'unit': 'cup'}]""","""[\""pear\"", \""bagel\"", \""cream cheese\"", \""greek yogurt\"", \""grapefruit juice\"", \""green tea\""]""",6,538.4,79.4,29.9,12.1
fsb_00239,fsb_00239.jpg,Breakfast Tray,"""[{'name': 'pound cake', 'calories': 215.3, 'carbs': 32.7, 'protein': 3.0, 'fat': 8.5, 'quantity': 1, 'unit': 'piece'}, {'name': 'hard boiled egg', 'calories': 68.2, 'carbs': 0.5, 'protein': 5.5, 'fat': 4.7, 'quantity': 1, 'unit': 'medium'}, {'name': 'salami', 'calories': 37.0, 'carbs': 0.1, 'protein': 2.1, 'fat': 3.1, 'quantity': 1, 'unit': 'slice'}, {'name': 'green grapes', 'calories': 52.1, 'carbs': 13.7, 'protein': 0.5, 'fat': 0.1, 'quantity': 0.5, 'unit': 'cup'}, {'name': 'grapefruit juice', 'calories': 96.3, 'carbs': 22.7, 'protein': 1.2, 'fat': 0.2, 'quantity': 1, 'unit': 'cup'}]""","""[\""pound cake\"", \""hard boiled egg\"", \""salami\"", \""green grapes\"", \""grapefruit juice\""]""",5,468.9,69.7,12.3,16.6
fsb_00240,fsb_00240.jpg,Prosciutto And Cream Cheese Sandwich,"""[{'name': 'rye bread', 'calories': 82.9, 'carbs': 15.5, 'protein': 2.7, 'fat': 1.1, 'quantity': 1, 'unit': 'slice, regular'}, {'name': 'cream cheese', 'calories': 101.5, 'carbs': 1.6, 'protein': 1.8, 'fat': 10.0, 'quantity': 2, 'unit': 'tbsp'}, {'name': 'prosciutto', 'calories': 16.6, 'carbs': 0.0, 'protein': 2.4, 'fat': 0.7, 'quantity': 0.3, 'unit': 'oz'}, {'name': 'string cheese', 'calories': 76.5, 'carbs': 0.6, 'protein': 5.7, 'fat': 5.7, 'quantity': 0.9, 'unit': 'Stick'}, {'name': 'fruit juice', 'calories': 115.2, 'carbs': 28.1, 'protein': 0.3, 'fat': 0.0, 'quantity': 0.9, 'unit': 'cup'}, {'name': 'plum', 'calories': 30.4, 'carbs': 7.5, 'protein': 0.5, 'fat': 0.2, 'quantity': 1, 'unit': 'fruit (2-1/8\"" dia)'}]""","""[\""rye bread\"", \""cream cheese\"", \""prosciutto\"", \""string cheese\"", \""fruit juice\"", \""plum\""]""",6,423.1,53.3,13.4,17.7
fsb_00241,fsb_00241.jpg,Breakfast Plate,"""[{'name': 'scrambled eggs', 'calories': 137.1, 'carbs': 1.5, 'protein': 9.2, 'fat': 10.1, 'quantity': 2, 'unit': 'small'}, {'name': 'butter', 'calories': 101.8, 'carbs': 0.0, 'protein': 0.1, 'fat': 11.5, 'quantity': 1, 'unit': 'tbsp'}, {'name': 'toast', 'calories': 63.8, 'carbs': 12.0, 'protein': 2.0, 'fat': 0.9, 'quantity': 1, 'unit': 'slice'}, {'name': 'cream cheese', 'calories': 50.8, 'carbs': 0.8, 'protein': 0.9, 'fat': 5.0, 'quantity': 1, 'unit': 'tbsp'}, {'name': 'apple', 'calories': 94.6, 'carbs': 25.1, 'protein': 0.5, 'fat': 0.3, 'quantity': 1, 'unit': 'medium (3\"" dia)'}, {'name': 'orange juice', 'calories': 55.8, 'carbs': 12.9, 'protein': 0.9, 'fat': 0.2, 'quantity': 0.5, 'unit': 'cup'}, {'name': 'tea', 'calories': 1.9, 'carbs': 0.6, 'protein': 0.0, 'fat': 0.0, 'quantity': 0.8, 'unit': 'cup'}]""","""[\""scrambled eggs\"", \""butter\"", \""toast\"", \""cream cheese\"", \""apple\"", \""orange juice\"", \""tea\""]""",7,505.8,52.9,13.6,28.0
fsb_00242,fsb_00242.jpg,Breakfast Platter,"""[{'name': 'toast with cream cheese', 'calories': 88.0, 'carbs': 10.8, 'protein': 2.3, 'fat': 4.1, 'quantity': 1, 'unit': 'wt. oz'}, {'name': 'hard boiled egg', 'calories': 68.2, 'carbs': 0.5, 'protein': 5.5, 'fat': 4.7, 'quantity': 1, 'unit': 'medium'}, {'name': 'salami', 'calories': 37.0, 'carbs': 0.1, 'protein': 2.1, 'fat': 3.1, 'quantity': 1, 'unit': 'slice'}, {'name': 'apple', 'calories': 28.3, 'carbs': 7.5, 'protein': 0.1, 'fat': 0.1, 'quantity': 0.5, 'unit': 'cup slices'}, {'name': 'coffee', 'calories': 1.9, 'carbs': 0.0, 'protein': 0.2, 'fat': 0.0, 'quantity': 0.8, 'unit': 'cup'}]""","""[\""toast with cream cheese\"", \""hard boiled egg\"", \""salami\"", \""apple\"", \""coffee\""]""",5,223.4,18.9,10.2,12.0
fsb_00243,fsb_00243.jpg,Breakfast Tray,"""[{'name': 'toast with cream cheese', 'calories': 175.9, 'carbs': 21.5, 'protein': 4.6, 'fat': 8.1, 'quantity': 2, 'unit': 'wt. oz'}, {'name': 'hard boiled egg', 'calories': 68.2, 'carbs': 0.5, 'protein': 5.5, 'fat': 4.7, 'quantity': 1, 'unit': 'medium'}, {'name': 'apple', 'calories': 28.3, 'carbs': 7.5, 'protein': 0.1, 'fat': 0.1, 'quantity': 0.5, 'unit': 'cup slices'}, {'name': 'prosciutto', 'calories': 27.6, 'carbs': 0.0, 'protein': 3.9, 'fat': 1.2, 'quantity': 0.5, 'unit': 'oz'}, {'name': 'fruit juice', 'calories': 115.2, 'carbs': 28.1, 'protein': 0.3, 'fat': 0.0, 'quantity': 0.9, 'unit': 'cup'}]""","""[\""toast with cream cheese\"", \""hard boiled egg\"", \""apple\"", \""prosciutto\"", \""fruit juice\""]""",5,415.2,57.6,14.4,14.1
fsb_00244,fsb_00244.jpg,Peanut Butter Pear Toast With Yogurt And Granola,"""[{'name': 'toast with peanut butter', 'calories': 255.3, 'carbs': 26.8, 'protein': 9.1, 'fat': 13.4, 'quantity': 1, 'unit': 'piece'}, {'name': 'pear', 'calories': 50.7, 'carbs': 13.6, 'protein': 0.3, 'fat': 0.1, 'quantity': 0.5, 'unit': 'medium'}, {'name': 'yogurt', 'calories': 154.3, 'carbs': 17.2, 'protein': 12.9, 'fat': 3.8, 'quantity': 1, 'unit': 'cup (8 fl oz)'}, {'name': 'granola', 'calories': 74.6, 'carbs': 8.2, 'protein': 2.1, 'fat': 3.7, 'quantity': 2, 'unit': 'tbsp'}, {'name': 'coffee', 'calories': 1.9, 'carbs': 0.0, 'protein': 0.2, 'fat': 0.0, 'quantity': 0.8, 'unit': 'cup'}]""","""[\""toast with peanut butter\"", \""pear\"", \""yogurt\"", \""granola\"", \""coffee\""]""",5,536.8,65.8,24.6,21.0
fsb_00245,fsb_00245.jpg,Breakfast Tray,"""[{'name': 'toast', 'calories': 127.6, 'carbs': 24.0, 'protein': 4.0, 'fat': 1.8, 'quantity': 2, 'unit': 'slice'}, {'name': 'yogurt', 'calories': 154.3, 'carbs': 17.2, 'protein': 12.9, 'fat': 3.8, 'quantity': 1, 'unit': 'cup (8 fl oz)'}, {'name': 'apple', 'calories': 28.3, 'carbs': 7.5, 'protein': 0.1, 'fat': 0.1, 'quantity': 0.5, 'unit': 'cup slices'}, {'name': 'sausage', 'calories': 105.1, 'carbs': 0.3, 'protein': 4.1, 'fat': 9.6, 'quantity': 1.2, 'unit': 'oz'}, {'name': 'iced coffee', 'calories': 2.4, 'carbs': 0.0, 'protein': 0.3, 'fat': 0.0, 'quantity': 1, 'unit': 'cup (8 fl oz)'}]""","""[\""toast\"", \""yogurt\"", \""apple\"", \""sausage\"", \""iced coffee\""]""",5,417.7,49.0,21.4,15.3
fsb_00246,fsb_00246.jpg,Breakfast Tray,"""[{'name': 'wheat toast with butter', 'calories': 111.2, 'carbs': 14.1, 'protein': 3.1, 'fat': 4.8, 'quantity': 1, 'unit': 'slice'}, {'name': 'sunflower seeds', 'calories': 43.7, 'carbs': 1.2, 'protein': 1.5, 'fat': 4.0, 'quantity': 1, 'unit': 'tbsp'}, {'name': 'hard boiled egg', 'calories': 68.2, 'carbs': 0.5, 'protein': 5.5, 'fat': 4.7, 'quantity': 1, 'unit': 'medium'}, {'name': 'prosciutto', 'calories': 27.6, 'carbs': 0.0, 'protein': 3.9, 'fat': 1.2, 'quantity': 0.5, 'unit': 'oz'}, {'name': 'green grapes', 'calories': 52.1, 'carbs': 13.7, 'protein': 0.5, 'fat': 0.1, 'quantity': 0.5, 'unit': 'cup'}, {'name': 'iced tea', 'calories': 1.9, 'carbs': 0.6, 'protein': 0.0, 'fat': 0.0, 'quantity': 0.8, 'unit': 'cup'}]""","""[\""wheat toast with butter\"", \""sunflower seeds\"", \""hard boiled egg\"", \""prosciutto\"", \""green grapes\"", \""iced tea\""]""",6,304.7,30.1,14.5,14.8
fsb_00247,fsb_00247.jpg,Breakfast Tray,"""[{'name': 'yogurt', 'calories': 154.3, 'carbs': 17.2, 'protein': 12.9, 'fat': 3.8, 'quantity': 1, 'unit': 'cup (8 fl oz)'}, {'name': 'toast with cream cheese', 'calories': 175.9, 'carbs': 21.5, 'protein': 4.6, 'fat': 8.1, 'quantity': 2, 'unit': 'wt. oz'}, {'name': 'salami', 'calories': 37.0, 'carbs': 0.1, 'protein': 2.1, 'fat': 3.1, 'quantity': 1, 'unit': 'slice'}, {'name': 'apple', 'calories': 28.3, 'carbs': 7.5, 'protein': 0.1, 'fat': 0.1, 'quantity': 0.5, 'unit': 'cup slices'}, {'name': 'coffee', 'calories': 1.9, 'carbs': 0.0, 'protein': 0.2, 'fat': 0.0, 'quantity': 0.8, 'unit': 'cup'}, {'name': 'iced tea', 'calories': 90.2, 'carbs': 27.1, 'protein': 0.0, 'fat': 0.0, 'quantity': 38, 'unit': 'cup'}]""","""[\""yogurt\"", \""toast with cream cheese\"", \""salami\"", \""apple\"", \""coffee\"", \""iced tea\""]""",6,487.6,73.4,19.9,15.1
fsb_00248,fsb_00248.jpg,"Breakfast with Coffee, Cereal, and Banana","""[{'name': 'coffee with milk', 'calories': 29.7, 'carbs': 2.7, 'protein': 2.1, 'fat': 1.1, 'quantity': 0.9, 'unit': 'cup'}, {'name': 'cornflakes', 'calories': 60.0, 'carbs': 14.1, 'protein': 1.3, 'fat': 0.1, 'quantity': 0.6, 'unit': 'cup'}, {'name': 'yogurt', 'calories': 77.2, 'carbs': 8.6, 'protein': 6.4, 'fat': 1.9, 'quantity': 0.5, 'unit': 'cup (8 fl oz)'}, {'name': 'banana', 'calories': 105.0, 'carbs': 27.0, 'protein': 1.3, 'fat': 0.4, 'quantity': 1, 'unit': 'medium (7\"" to 7-7/8\"" long)'}]""","""[\""coffee with milk\"", \""cornflakes\"", \""yogurt\"", \""banana\""]""",4,271.9,52.4,11.1,3.5
fsb_00249,fsb_00249.jpg,Breakfast Burrito,"""[{'name': 'spinach tortilla', 'calories': 210.6, 'carbs': 36.0, 'protein': 5.6, 'fat': 4.6, 'quantity': 0.9, 'unit': 'tortilla (approx 10\"" dia)'}, {'name': 'scrambled eggs', 'calories': 90.9, 'carbs': 1.0, 'protein': 6.1, 'fat': 6.7, 'quantity': 1, 'unit': 'large'}, {'name': 'sausage', 'calories': 98.9, 'carbs': 0.3, 'protein': 3.8, 'fat': 9.0, 'quantity': 2, 'unit': 'link, little (2\"" long x 3/4\"" dia)'}, {'name': 'mixed greens', 'calories': 6.0, 'carbs': 1.3, 'protein': 0.4, 'fat': 0.1, 'quantity': 0.8999999999999999, 'unit': 'cups'}, {'name': 'potatoes', 'calories': 34.0, 'carbs': 7.7, 'protein': 0.9, 'fat': 0.0, 'quantity': 0.3, 'unit': 'cup'}, {'name': 'mole sauce', 'calories': 177.7, 'carbs': 21.4, 'protein': 5.5, 'fat': 9.6, 'quantity': 1, 'unit': 'serving'}, {'name': 'red bell pepper', 'calories': 31.9, 'carbs': 7.6, 'protein': 1.0, 'fat': 0.2, 'quantity': 1, 'unit': 'pepper'}]""","""[\""spinach tortilla\"", \""scrambled eggs\"", \""sausage\"", \""mixed greens\"", \""potatoes\"", \""mole sauce\"", \""red bell pepper\""]""",7,650.0,75.3,23.3,30.2
fsb_00250,fsb_00250.jpg,Broccoli And Hummus Sandwich With Apple,"""[{'name': 'broccoli', 'calories': 14.7, 'carbs': 3.0, 'protein': 1.0, 'fat': 0.2, 'quantity': 0.3, 'unit': 'stalk, small (5\"" long)'}, {'name': 'hummus', 'calories': 398.4, 'carbs': 34.3, 'protein': 19.0, 'fat': 23.0, 'quantity': 1, 'unit': 'cup'}, {'name': 'bread', 'calories': 77.1, 'carbs': 14.3, 'protein': 2.6, 'fat': 1.0, 'quantity': 1, 'unit': 'slice'}, {'name': 'apple', 'calories': 94.6, 'carbs': 25.1, 'protein': 0.5, 'fat': 0.3, 'quantity': 1, 'unit': 'medium (3\"" dia)'}]""","""[\""broccoli\"", \""hummus\"", \""bread\"", \""apple\""]""",4,584.8,76.7,23.1,24.5
fsb_00251,fsb_00251.jpg,Broccoli Soup With Rye Bread And Cheese,"""[{'name': 'broccoli soup', 'calories': 151.5, 'carbs': 8.2, 'protein': 7.3, 'fat': 10.3, 'quantity': 0.7, 'unit': 'cup'}, {'name': 'pumpkin seeds', 'calories': 53.5, 'carbs': 6.4, 'protein': 2.2, 'fat': 2.3, 'quantity': 3, 'unit': 'tbsp'}, {'name': 'sprouts', 'calories': 15.9, 'carbs': 1.4, 'protein': 2.8, 'fat': 0.5, 'quantity': 23, 'unit': 'tbsp'}, {'name': 'rye bread', 'calories': 82.9, 'carbs': 15.5, 'protein': 2.7, 'fat': 1.1, 'quantity': 1, 'unit': 'slice, regular'}, {'name': 'butter', 'calories': 101.8, 'carbs': 0.0, 'protein': 0.1, 'fat': 11.5, 'quantity': 1, 'unit': 'tbsp'}, {'name': 'cheese', 'calories': 113.1, 'carbs': 0.9, 'protein': 6.4, 'fat': 9.3, 'quantity': 1, 'unit': 'slice (1 oz)'}]""","""[\""broccoli soup\"", \""pumpkin seeds\"", \""sprouts\"", \""rye bread\"", \""butter\"", \""cheese\""]""",6,518.7,32.4,21.5,35.0
fsb_00252,fsb_00252.jpg,Buffalo Chicken Dip,"""[{'name': 'chicken', 'calories': 118.8, 'carbs': 0.0, 'protein': 12.9, 'fat': 7.1, 'quantity': 0.4, 'unit': 'cup'}, {'name': 'cream cheese', 'calories': 162.4, 'carbs': 2.6, 'protein': 2.9, 'fat': 16.0, 'quantity': 0.2, 'unit': 'cup'}, {'name': 'buffalo sauce', 'calories': 20.2, 'carbs': 3.2, 'protein': 0.9, 'fat': 0.7, 'quantity': 13, 'unit': 'tbsp'}, {'name': 'cheddar cheese', 'calories': 91.3, 'carbs': 0.7, 'protein': 5.2, 'fat': 7.5, 'quantity': 0.2, 'unit': 'cup, shredded'}]""","""[\""chicken\"", \""cream cheese\"", \""buffalo sauce\"", \""cheddar cheese\""]""",4,392.7,6.5,21.9,31.3
fsb_00253,fsb_00253.jpg,Buffalo Chicken Salad,"""[{'name': 'buffalo chicken', 'calories': 322.4, 'carbs': 1.1, 'protein': 53.2, 'fat': 10.2, 'quantity': 7, 'unit': 'oz'}, {'name': 'lettuce', 'calories': 4.8, 'carbs': 0.9, 'protein': 0.3, 'fat': 0.1, 'quantity': 1, 'unit': 'wt. oz'}, {'name': 'carrots', 'calories': 10.9, 'carbs': 2.6, 'protein': 0.2, 'fat': 0.1, 'quantity': 0.2, 'unit': 'cup'}, {'name': 'celery', 'calories': 3.8, 'carbs': 0.7, 'protein': 0.2, 'fat': 0.0, 'quantity': 0.2, 'unit': 'cup'}, {'name': 'ranch dressing', 'calories': 129.0, 'carbs': 1.8, 'protein': 0.4, 'fat': 13.4, 'quantity': 2, 'unit': 'tablespoons'}]""","""[\""buffalo chicken\"", \""lettuce\"", \""carrots\"", \""celery\"", \""ranch dressing\""]""",5,470.9,7.1,54.3,23.8
fsb_00254,fsb_00254.jpg,Bulgur Pilaf with Yogurt Sauce,"""[{'name': 'bulgur', 'calories': 151.1, 'carbs': 33.8, 'protein': 5.6, 'fat': 0.4, 'quantity': 1, 'unit': 'cup'}, {'name': 'ground beef', 'calories': 81.1, 'carbs': 0.0, 'protein': 8.0, 'fat': 5.2, 'quantity': 0.2, 'unit': 'portion ( yield from 1/2 lb raw meat )'}, {'name': 'tomato sauce', 'calories': 20.6, 'carbs': 4.6, 'protein': 1.0, 'fat': 0.3, 'quantity': 0.35, 'unit': 'cup'}, {'name': 'onion', 'calories': 18.5, 'carbs': 4.3, 'protein': 0.6, 'fat': 0.1, 'quantity': 0.2, 'unit': 'cup'}, {'name': 'olive oil', 'calories': 119.3, 'carbs': 0.0, 'protein': 0.0, 'fat': 13.5, 'quantity': 1, 'unit': 'tbsp'}, {'name': 'yogurt', 'calories': 77.2, 'carbs': 8.6, 'protein': 6.4, 'fat': 1.9, 'quantity': 0.5, 'unit': 'cup (8 fl oz)'}, {'name': 'cucumber', 'calories': 3.9, 'carbs': 0.9, 'protein': 0.2, 'fat': 0.0, 'quantity': 0.25, 'unit': 'cup slices'}, {'name': 'mint', 'calories': 39.4, 'carbs': 9.8, 'protein': 0.0, 'fat': 0.0, 'quantity': 10, 'unit': 'g'}]""","""[\""bulgur\"", \""ground beef\"", \""tomato sauce\"", \""onion\"", \""olive oil\"", \""yogurt\"", \""cucumber\"", \""mint\""]""",8,511.1,62.0,21.8,21.4
fsb_00255,fsb_00255.jpg,Burger with Curly Fries,"""[{'name': 'beef patty', 'calories': 154.0, 'carbs': 0.0, 'protein': 16.3, 'fat': 9.3, 'quantity': 0.8, 'unit': 'patty ( yield from 1/4 lb raw meat )'}, {'name': 'burger bun', 'calories': 72.3, 'carbs': 13.0, 'protein': 2.6, 'fat': 1.0, 'quantity': 0.5, 'unit': 'hot dog bun'}, {'name': 'coleslaw', 'calories': 34.8, 'carbs': 2.7, 'protein': 0.2, 'fat': 2.6, 'quantity': 0.1, 'unit': 'cup'}, {'name': 'curly fries', 'calories': 176.9, 'carbs': 23.5, 'protein': 1.9, 'fat': 8.4, 'quantity': 0.7, 'unit': 'cup'}, {'name': 'ketchup', 'calories': 18.2, 'carbs': 4.9, 'protein': 0.2, 'fat': 0.0, 'quantity': 2, 'unit': 'packet'}]""","""[\""beef patty\"", \""burger bun\"", \""coleslaw\"", \""curly fries\"", \""ketchup\""]""",5,456.2,44.1,21.2,21.3
fsb_00256,fsb_00256.jpg,Burger with Fries and Soda,"""[{'name': 'beef patty', 'calories': 192.6, 'carbs': 0.0, 'protein': 20.4, 'fat': 11.6, 'quantity': 1, 'unit': 'patty ( yield from 1/4 lb raw meat )'}, {'name': 'cheese', 'calories': 68.7, 'carbs': 0.5, 'protein': 3.9, 'fat': 5.7, 'quantity': 1, 'unit': 'cubic inch'}, {'name': 'lettuce', 'calories': 1.6, 'carbs': 0.3, 'protein': 0.1, 'fat': 0.0, 'quantity': 0.2, 'unit': 'cups shredded'}, {'name': 'tomato', 'calories': 3.6, 'carbs': 0.8, 'protein': 0.2, 'fat': 0.0, 'quantity': 1, 'unit': 'slice, medium (1/4\"" thick)'}, {'name': 'onion', 'calories': 7.0, 'carbs': 1.6, 'protein': 0.2, 'fat': 0.0, 'quantity': 2, 'unit': 'slice, thin'}, {'name': 'burger bun', 'calories': 122.3, 'carbs': 22.1, 'protein': 4.3, 'fat': 1.7, 'quantity': 1, 'unit': 'roll 1 serving'}, {'name': 'french fries', 'calories': 355.7, 'carbs': 47.2, 'protein': 3.9, 'fat': 16.8, 'quantity': 2, 'unit': 'cup'}, {'name': 'pepper', 'calories': 142.3, 'carbs': 36.3, 'protein': 5.9, 'fat': 1.8, 'quantity': 2, 'unit': 'wt. oz'}]""","""[\""beef patty\"", \""cheese\"", \""lettuce\"", \""tomato\"", \""onion\"", \""burger bun\"", \""french fries\"", \""pepper\""]""",8,893.8,108.8,38.9,37.6
fsb_00257,fsb_00257.jpg,Cheeseburger With Potato Wedges,"""[{'name': 'beef patty', 'calories': 192.6, 'carbs': 0.0, 'protein': 20.4, 'fat': 11.6, 'quantity': 1, 'unit': 'patty ( yield from 1/4 lb raw meat )'}, {'name': 'burger bun', 'calories': 122.3, 'carbs': 22.1, 'protein': 4.3, 'fat': 1.7, 'quantity': 1, 'unit': 'roll 1 serving'}, {'name': 'cheese', 'calories': 68.7, 'carbs': 0.5, 'protein': 3.9, 'fat': 5.7, 'quantity': 1, 'unit': 'cubic inch'}, {'name': 'potato wedges', 'calories': 106.7, 'carbs': 14.2, 'protein': 1.2, 'fat': 5.0, 'quantity': 0.6, 'unit': 'cup'}, {'name': 'mayonnaise', 'calories': 187.7, 'carbs': 0.2, 'protein': 0.3, 'fat': 20.7, 'quantity': 2, 'unit': 'tbsp'}, {'name': 'onion cooked', 'calories': 92.4, 'carbs': 21.3, 'protein': 2.9, 'fat': 0.4, 'quantity': 1, 'unit': 'cup'}]""","""[\""beef patty\"", \""burger bun\"", \""cheese\"", \""potato wedges\"", \""mayonnaise\"", \""onion cooked\""]""",6,770.4,58.3,33.0,45.1
fsb_00258,fsb_00258.jpg,Burger with Roasted Potatoes and Green Beans,"""[{'name': 'burger bun', 'calories': 144.6, 'carbs': 26.1, 'protein': 5.1, 'fat': 2.0, 'quantity': 1, 'unit': 'hot dog bun'}, {'name': 'beef patty', 'calories': 192.6, 'carbs': 0.0, 'protein': 20.4, 'fat': 11.6, 'quantity': 1, 'unit': 'patty ( yield from 1/4 lb raw meat )'}, {'name': 'lettuce', 'calories': 4.8, 'carbs': 0.9, 'protein': 0.3, 'fat': 0.1, 'quantity': 1, 'unit': 'wt. oz'}, {'name': 'roasted potatoes', 'calories': 120.3, 'carbs': 15.5, 'protein': 1.8, 'fat': 5.8, 'quantity': 3, 'unit': 'oz'}, {'name': 'green beans', 'calories': 21.9, 'carbs': 4.9, 'protein': 1.2, 'fat': 0.2, 'quantity': 0.5, 'unit': 'cup'}]""","""[\""burger bun\"", \""beef patty\"", \""lettuce\"", \""roasted potatoes\"", \""green beans\""]""",5,484.2,47.4,28.8,19.7
fsb_00259,fsb_00259.jpg,Tater Tot Burger,"""[{'name': 'beef patty', 'calories': 192.6, 'carbs': 0.0, 'protein': 20.4, 'fat': 11.6, 'quantity': 1, 'unit': 'patty ( yield from 1/4 lb raw meat )'}, {'name': 'tater tots', 'calories': 161.3, 'carbs': 22.9, 'protein': 1.8, 'fat': 7.6, 'quantity': 10, 'unit': 'tots'}, {'name': 'pickles', 'calories': 5.0, 'carbs': 1.0, 'protein': 0.2, 'fat': 0.1, 'quantity': 6, 'unit': 'slice'}]""","""[\""beef patty\"", \""tater tots\"", \""pickles\""]""",3,358.9,23.9,22.4,19.3
fsb_00260,fsb_00260.jpg,Burger with Tomato and Lettuce,"""[{'name': 'beef patty', 'calories': 192.6, 'carbs': 0.0, 'protein': 20.4, 'fat': 11.6, 'quantity': 1, 'unit': 'patty ( yield from 1/4 lb raw meat )'}, {'name': 'tomato', 'calories': 10.2, 'carbs': 2.2, 'protein': 0.5, 'fat': 0.1, 'quantity': 2, 'unit': 'wt. oz'}, {'name': 'lettuce', 'calories': 1.6, 'carbs': 0.3, 'protein': 0.1, 'fat': 0.0, 'quantity': 0.2, 'unit': 'cups shredded'}, {'name': 'ketchup', 'calories': 17.2, 'carbs': 4.7, 'protein': 0.2, 'fat': 0.0, 'quantity': 1, 'unit': 'tbsp'}, {'name': 'burger bun', 'calories': 122.3, 'carbs': 22.1, 'protein': 4.3, 'fat': 1.7, 'quantity': 1, 'unit': 'roll 1 serving'}]""","""[\""beef patty\"", \""tomato\"", \""lettuce\"", \""ketchup\"", \""burger bun\""]""",5,343.9,29.3,25.5,13.4
fsb_00261,fsb_00261.jpg,Burrata with Cherry Tomatoes and Pesto,"""[{'name': 'burrata', 'calories': 302.4, 'carbs': 2.2, 'protein': 22.3, 'fat': 22.5, 'quantity': 0.9, 'unit': 'cup, shredded'}, {'name': 'cherry tomatoes', 'calories': 30.6, 'carbs': 6.6, 'protein': 1.5, 'fat': 0.3, 'quantity': 6, 'unit': 'wt. oz'}, {'name': 'pesto', 'calories': 131.7, 'carbs': 3.2, 'protein': 3.1, 'fat': 11.8, 'quantity': 2, 'unit': 'tbsp'}, {'name': 'olive oil', 'calories': 119.3, 'carbs': 0.0, 'protein': 0.0, 'fat': 13.5, 'quantity': 1, 'unit': 'tbsp'}, {'name': 'pita bread', 'calories': 233.9, 'carbs': 47.4, 'protein': 7.7, 'fat': 1.0, 'quantity': 3, 'unit': 'wt. oz'}]""","""[\""burrata\"", \""cherry tomatoes\"", \""pesto\"", \""olive oil\"", \""pita bread\""]""",5,817.9,59.4,34.6,49.1
fsb_00262,fsb_00262.jpg,Burrata with Cherry Tomatoes,"""[{'name': 'burrata cheese', 'calories': 302.4, 'carbs': 2.2, 'protein': 22.3, 'fat': 22.5, 'quantity': 0.9, 'unit': 'cup, shredded'}, {'name': 'cherry tomatoes', 'calories': 30.6, 'carbs': 6.6, 'protein': 1.5, 'fat': 0.3, 'quantity': 6, 'unit': 'wt. oz'}, {'name': 'balsamic glaze', 'calories': 28.4, 'carbs': 6.7, 'protein': 0.1, 'fat': 0.0, 'quantity': 0.7, 'unit': 'tbsp'}, {'name': 'olive oil', 'calories': 39.8, 'carbs': 0.0, 'protein': 0.0, 'fat': 4.5, 'quantity': 1, 'unit': 'tsp'}]""","""[\""burrata cheese\"", \""cherry tomatoes\"", \""balsamic glaze\"", \""olive oil\""]""",4,401.2,15.5,23.9,27.3
fsb_00263,fsb_00263.jpg,Burrito Bowl,"""[{'name': 'grilled chicken', 'calories': 198.9, 'carbs': 0.0, 'protein': 39.6, 'fat': 4.6, 'quantity': 0.7, 'unit': 'piece'}, {'name': 'white rice', 'calories': 102.7, 'carbs': 22.3, 'protein': 2.1, 'fat': 0.2, 'quantity': 0.5, 'unit': 'cup'}, {'name': 'black beans', 'calories': 68.1, 'carbs': 12.2, 'protein': 4.6, 'fat': 0.3, 'quantity': 0.3, 'unit': 'cup'}, {'name': 'avocado', 'calories': 48.0, 'carbs': 2.6, 'protein': 0.6, 'fat': 4.4, 'quantity': 0.2, 'unit': 'cup, cubes'}, {'name': 'bell peppers', 'calories': 11.2, 'carbs': 2.7, 'protein': 0.4, 'fat': 0.1, 'quantity': 0.3, 'unit': 'cup, strips'}, {'name': 'onions', 'calories': 9.2, 'carbs': 2.1, 'protein': 0.3, 'fat': 0.0, 'quantity': 0.1, 'unit': 'cup'}, {'name': 'lettuce', 'calories': 4.8, 'carbs': 0.9, 'protein': 0.3, 'fat': 0.1, 'quantity': 0.6, 'unit': 'cups shredded'}, {'name': 'cheese', 'calories': 91.3, 'carbs': 0.7, 'protein': 5.2, 'fat': 7.5, 'quantity': 0.2, 'unit': 'cup, shredded'}]""","""[\""grilled chicken\"", \""white rice\"", \""black beans\"", \""avocado\"", \""bell peppers\"", \""onions\"", \""lettuce\"", \""cheese\""]""",8,534.2,43.5,53.1,17.2
fsb_00264,fsb_00264.jpg,Burrito Bowl,"""[{'name': 'grilled chicken', 'calories': 125.8, 'carbs': 0.0, 'protein': 25.1, 'fat': 2.9, 'quantity': 3, 'unit': 'oz'}, {'name': 'brown rice', 'calories': 109.2, 'carbs': 22.9, 'protein': 2.3, 'fat': 0.8, 'quantity': 0.5, 'unit': 'cup'}, {'name': 'pinto beans', 'calories': 122.3, 'carbs': 22.4, 'protein': 7.7, 'fat': 0.6, 'quantity': 0.5, 'unit': 'cup'}, {'name': 'lettuce', 'calories': 4.8, 'carbs': 0.9, 'protein': 0.3, 'fat': 0.1, 'quantity': 1, 'unit': 'wt. oz'}, {'name': 'sour cream', 'calories': 71.3, 'carbs': 1.7, 'protein': 0.9, 'fat': 7.0, 'quantity': 3, 'unit': 'tbsp'}, {'name': 'peppers', 'calories': 11.2, 'carbs': 2.7, 'protein': 0.4, 'fat': 0.1, 'quantity': 0.3, 'unit': 'cup, strips'}, {'name': 'grilled onions', 'calories': 21.1, 'carbs': 2.0, 'protein': 0.3, 'fat': 1.4, 'quantity': 0.1, 'unit': 'cup'}]""","""[\""grilled chicken\"", \""brown rice\"", \""pinto beans\"", \""lettuce\"", \""sour cream\"", \""peppers\"", \""grilled onions\""]""",7,465.7,52.6,37.0,12.9
fsb_00265,fsb_00265.jpg,Burrito Bowl,"""[{'name': 'rice', 'calories': 102.7, 'carbs': 22.3, 'protein': 2.1, 'fat': 0.2, 'quantity': 0.5, 'unit': 'cup'}, {'name': 'black beans', 'calories': 68.1, 'carbs': 12.2, 'protein': 4.6, 'fat': 0.3, 'quantity': 0.3, 'unit': 'cup'}, {'name': 'lettuce', 'calories': 4.8, 'carbs': 0.9, 'protein': 0.3, 'fat': 0.1, 'quantity': 0.6, 'unit': 'cups shredded'}, {'name': 'corn', 'calories': 34.0, 'carbs': 7.4, 'protein': 1.2, 'fat': 0.5, 'quantity': 0.3, 'unit': 'ear large (7-3/4\"" to 9\"" long)'}, {'name': 'grilled chicken', 'calories': 125.8, 'carbs': 0.0, 'protein': 25.1, 'fat': 2.9, 'quantity': 3, 'unit': 'oz'}, {'name': 'cheese', 'calories': 91.3, 'carbs': 0.7, 'protein': 5.2, 'fat': 7.5, 'quantity': 0.2, 'unit': 'cup, shredded'}, {'name': 'sour cream', 'calories': 71.3, 'carbs': 1.7, 'protein': 0.9, 'fat': 7.0, 'quantity': 3, 'unit': 'tbsp'}, {'name': 'guacamole', 'calories': 45.3, 'carbs': 2.6, 'protein': 0.5, 'fat': 4.1, 'quantity': 2, 'unit': 'tbsp'}]""","""[\""rice\"", \""black beans\"", \""lettuce\"", \""corn\"", \""grilled chicken\"", \""cheese\"", \""sour cream\"", \""guacamole\""]""",8,543.3,47.8,39.9,22.6
fsb_00266,fsb_00266.jpg,Beef Burrito,"""[{'name': 'tortilla', 'calories': 210.6, 'carbs': 36.0, 'protein': 5.6, 'fat': 4.6, 'quantity': 0.9, 'unit': 'tortilla (approx 10\"" dia)'}, {'name': 'ground beef', 'calories': 77.1, 'carbs': 0.0, 'protein': 7.7, 'fat': 4.9, 'quantity': 1, 'unit': 'oz, cooked'}, {'name': 'cheese', 'calories': 91.3, 'carbs': 0.7, 'protein': 5.2, 'fat': 7.5, 'quantity': 0.2, 'unit': 'cup, shredded'}, {'name': 'refried beans', 'calories': 128.5, 'carbs': 19.3, 'protein': 7.1, 'fat': 2.9, 'quantity': 0.6, 'unit': 'cup'}, {'name': 'sour cream', 'calories': 71.3, 'carbs': 1.7, 'protein': 0.9, 'fat': 7.0, 'quantity': 3, 'unit': 'tbsp'}, {'name': 'tomato', 'calories': 6.5, 'carbs': 1.4, 'protein': 0.3, 'fat': 0.1, 'quantity': 0.2, 'unit': 'cup, chopped or sliced'}, {'name': 'lettuce', 'calories': 1.6, 'carbs': 0.3, 'protein': 0.1, 'fat': 0.0, 'quantity': 0.2, 'unit': 'cups shredded'}, {'name': 'enchilada sauce', 'calories': 16.8, 'carbs': 2.7, 'protein': 0.3, 'fat': 0.5, 'quantity': 0.25, 'unit': 'cup'}]""","""[\""tortilla\"", \""ground beef\"", \""cheese\"", \""refried beans\"", \""sour cream\"", \""tomato\"", \""lettuce\"", \""enchilada sauce\""]""",8,603.7,62.1,27.2,27.5
fsb_00267,fsb_00267.jpg,Cabbage And Edamame Salad,"""[{'name': 'green cabbage', 'calories': 10.3, 'carbs': 2.5, 'protein': 0.6, 'fat': 0.0, 'quantity': 0.3, 'unit': 'cup, shredded'}, {'name': 'red cabbage', 'calories': 13.0, 'carbs': 3.1, 'protein': 0.7, 'fat': 0.0, 'quantity': 0.3, 'unit': 'cup, shredded'}, {'name': 'carrots', 'calories': 10.9, 'carbs': 2.6, 'protein': 0.2, 'fat': 0.1, 'quantity': 0.2, 'unit': 'cup'}, {'name': 'edamame', 'calories': 56.3, 'carbs': 4.1, 'protein': 5.5, 'fat': 2.4, 'quantity': 0.3, 'unit': 'cup'}, {'name': 'salad dressing', 'calories': 64.5, 'carbs': 0.9, 'protein': 0.2, 'fat': 6.7, 'quantity': 1, 'unit': 'tablespoons'}]""","""[\""green cabbage\"", \""red cabbage\"", \""carrots\"", \""edamame\"", \""salad dressing\""]""",5,155.0,13.2,7.2,9.2
fsb_00268,fsb_00268.jpg,Cabbage and Egg Stir-Fry,"""[{'name': 'cabbage', 'calories': 17.2, 'carbs': 4.1, 'protein': 1.0, 'fat': 0.0, 'quantity': 0.5, 'unit': 'cup, shredded'}, {'name': 'egg', 'calories': 143.0, 'carbs': 0.7, 'protein': 12.6, 'fat': 9.5, 'quantity': 2, 'unit': 'large'}, {'name': 'soy sauce', 'calories': 8.5, 'carbs': 0.8, 'protein': 1.3, 'fat': 0.1, 'quantity': 1, 'unit': 'tbsp'}, {'name': 'garlic', 'calories': 8.0, 'carbs': 1.8, 'protein': 0.3, 'fat': 0.0, 'quantity': 1.7999999999999998, 'unit': 'cloves'}, {'name': 'hot sauce', 'calories': 6.3, 'carbs': 1.2, 'protein': 0.3, 'fat': 0.2, 'quantity': 2, 'unit': 'tbsp'}]""","""[\""cabbage\"", \""egg\"", \""soy sauce\"", \""garlic\"", \""hot sauce\""]""",5,183.0,8.6,15.5,9.8
fsb_00269,fsb_00269.jpg,Cabbage and Ground Beef Stir-Fry,"""[{'name': 'ground beef', 'calories': 324.2, 'carbs': 0.0, 'protein': 32.2, 'fat': 20.7, 'quantity': 0.8, 'unit': 'portion ( yield from 1/2 lb raw meat )'}, {'name': 'cabbage', 'calories': 17.2, 'carbs': 4.1, 'protein': 1.0, 'fat': 0.0, 'quantity': 0.5, 'unit': 'cup, shredded'}, {'name': 'onion', 'calories': 27.7, 'carbs': 6.4, 'protein': 0.9, 'fat': 0.1, 'quantity': 0.3, 'unit': 'cup'}, {'name': 'olive oil', 'calories': 119.3, 'carbs': 0.0, 'protein': 0.0, 'fat': 13.5, 'quantity': 1, 'unit': 'tbsp'}]""","""[\""ground beef\"", \""cabbage\"", \""onion\"", \""olive oil\""]""",4,488.4,10.5,34.1,34.3
fsb_00270,fsb_00270.jpg,Caesar Salad with Cherry Tomatoes,"""[{'name': 'romaine lettuce', 'calories': 8.0, 'carbs': 1.5, 'protein': 0.6, 'fat': 0.1, 'quantity': 1, 'unit': 'cups shredded'}, {'name': 'parmesan cheese', 'calories': 42.0, 'carbs': 1.4, 'protein': 2.8, 'fat': 2.8, 'quantity': 2, 'unit': 'tbsp'}, {'name': 'croutons', 'calories': 37.2, 'carbs': 5.1, 'protein': 0.9, 'fat': 1.5, 'quantity': 0.2, 'unit': 'cup'}, {'name': 'caesar dressing', 'calories': 79.7, 'carbs': 0.5, 'protein': 0.3, 'fat': 8.5, 'quantity': 1, 'unit': 'tbsp'}, {'name': 'cherry tomatoes', 'calories': 12.2, 'carbs': 2.6, 'protein': 0.6, 'fat': 0.1, 'quantity': 4, 'unit': 'cherry'}]""","""[\""romaine lettuce\"", \""parmesan cheese\"", \""croutons\"", \""caesar dressing\"", \""cherry tomatoes\""]""",5,179.1,11.1,5.2,13.0
fsb_00271,fsb_00271.jpg,Caesar Salad with Poached Egg,"""[{'name': 'romaine lettuce', 'calories': 8.0, 'carbs': 1.5, 'protein': 0.6, 'fat': 0.1, 'quantity': 1, 'unit': 'cups shredded'}, {'name': 'croutons', 'calories': 55.8, 'carbs': 7.6, 'protein': 1.3, 'fat': 2.2, 'quantity': 0.3, 'unit': 'cup'}, {'name': 'parmesan cheese', 'calories': 42.0, 'carbs': 1.4, 'protein': 2.8, 'fat': 2.8, 'quantity': 2, 'unit': 'tbsp'}, {'name': 'caesar dressing', 'calories': 79.7, 'carbs': 0.5, 'protein': 0.3, 'fat': 8.5, 'quantity': 1, 'unit': 'tbsp'}, {'name': 'poached egg', 'calories': 71.5, 'carbs': 0.4, 'protein': 6.3, 'fat': 4.7, 'quantity': 1, 'unit': 'large'}]""","""[\""romaine lettuce\"", \""croutons\"", \""parmesan cheese\"", \""caesar dressing\"", \""poached egg\""]""",5,257.0,11.4,11.3,18.3
fsb_00272,fsb_00272.jpg,Caesar Salad,"""[{'name': 'romaine lettuce', 'calories': 8.0, 'carbs': 1.5, 'protein': 0.6, 'fat': 0.1, 'quantity': 1, 'unit': 'cups shredded'}, {'name': 'cherry tomatoes', 'calories': 9.2, 'carbs': 2.0, 'protein': 0.4, 'fat': 0.1, 'quantity': 3, 'unit': 'cherry'}, {'name': 'caesar dressing', 'calories': 159.3, 'carbs': 1.0, 'protein': 0.6, 'fat': 17.0, 'quantity': 2, 'unit': 'tbsp'}]""","""[\""romaine lettuce\"", \""cherry tomatoes\"", \""caesar dressing\""]""",3,176.5,4.5,1.6,17.2
fsb_00273,fsb_00273.jpg,Caesar Salad,"""[{'name': 'romaine lettuce', 'calories': 16.0, 'carbs': 3.1, 'protein': 1.2, 'fat': 0.3, 'quantity': 2, 'unit': 'cups shredded'}, {'name': 'caesar dressing', 'calories': 159.3, 'carbs': 1.0, 'protein': 0.6, 'fat': 17.0, 'quantity': 2, 'unit': 'tbsp'}, {'name': 'croutons', 'calories': 55.8, 'carbs': 7.6, 'protein': 1.3, 'fat': 2.2, 'quantity': 0.3, 'unit': 'cup'}, {'name': 'parmesan cheese', 'calories': 42.0, 'carbs': 1.4, 'protein': 2.8, 'fat': 2.8, 'quantity': 2, 'unit': 'tbsp'}]""","""[\""romaine lettuce\"", \""caesar dressing\"", \""croutons\"", \""parmesan cheese\""]""",4,273.1,13.1,5.9,22.3
fsb_00274,fsb_00274.jpg,Spaghetti With Tomato Sauce,"""[{'name': 'tomato sauce', 'calories': 29.4, 'carbs': 6.5, 'protein': 1.5, 'fat': 0.4, 'quantity': 0.5, 'unit': 'cup'}, {'name': 'parmesan cheese', 'calories': 42.0, 'carbs': 1.4, 'protein': 2.8, 'fat': 2.8, 'quantity': 2, 'unit': 'tbsp'}, {'name': 'olive oil', 'calories': 119.3, 'carbs': 0.0, 'protein': 0.0, 'fat': 13.5, 'quantity': 1, 'unit': 'tablespoon'}, {'name': 'spaghetti pasta', 'calories': 210.4, 'carbs': 42.3, 'protein': 7.4, 'fat': 0.9, 'quantity': 1, 'unit': 'cup'}]""","""[\""tomato sauce\"", \""parmesan cheese\"", \""olive oil\"", \""spaghetti pasta\""]""",4,401.1,50.2,11.7,17.6
fsb_00275,fsb_00275.jpg,Cappuccino with Biscotti,"""[{'name': 'espresso', 'calories': 5.3, 'carbs': 1.0, 'protein': 0.1, 'fat': 0.1, 'quantity': 2, 'unit': 'fl oz'}, {'name': 'milk', 'calories': 61.0, 'carbs': 5.9, 'protein': 4.0, 'fat': 2.4, 'quantity': 0.5, 'unit': 'cup'}, {'name': 'cocoa powder', 'calories': 4.1, 'carbs': 0.6, 'protein': 0.2, 'fat': 0.1, 'quantity': 0.6, 'unit': 'tsp'}, {'name': 'biscotti', 'calories': 99.7, 'carbs': 14.9, 'protein': 1.8, 'fat': 3.7, 'quantity': 0.9, 'unit': 'wt. oz'}]""","""[\""espresso\"", \""milk\"", \""cocoa powder\"", \""biscotti\""]""",4,170.1,22.4,6.1,6.3
fsb_00276,fsb_00276.jpg,Cappuccino with Croissants,"""[{'name': 'cappuccino', 'calories': 59.9, 'carbs': 6.0, 'protein': 3.8, 'fat': 2.3, 'quantity': 1, 'unit': 'cup'}, {'name': 'milk', 'calories': 61.0, 'carbs': 5.9, 'protein': 4.0, 'fat': 2.4, 'quantity': 0.5, 'unit': 'cup'}, {'name': 'croissant', 'calories': 462.8, 'carbs': 52.2, 'protein': 9.3, 'fat': 23.9, 'quantity': 2, 'unit': 'croissant, medium'}]""","""[\""cappuccino\"", \""milk\"", \""croissant\""]""",3,583.7,64.1,17.1,28.6
fsb_00277,fsb_00277.jpg,Caprese Pizza,"""[{'name': 'pizza dough', 'calories': 150.6, 'carbs': 27.1, 'protein': 3.7, 'fat': 2.8, 'quantity': 0.9, 'unit': 'piece'}, {'name': 'tomato sauce', 'calories': 20.6, 'carbs': 4.6, 'protein': 1.0, 'fat': 0.3, 'quantity': 0.35, 'unit': 'cup'}, {'name': 'mozzarella cheese', 'calories': 168.0, 'carbs': 1.2, 'protein': 12.4, 'fat': 12.5, 'quantity': 0.5, 'unit': 'cup, shredded'}, {'name': 'cherry tomatoes', 'calories': 12.2, 'carbs': 2.6, 'protein': 0.6, 'fat': 0.1, 'quantity': 4, 'unit': 'cherry'}, {'name': 'pesto', 'calories': 131.7, 'carbs': 3.2, 'protein': 3.1, 'fat': 11.8, 'quantity': 2, 'unit': 'tbsp'}, {'name': 'basil leaves', 'calories': 2.3, 'carbs': 0.3, 'protein': 0.3, 'fat': 0.1, 'quantity': 10, 'unit': 'g'}]""","""[\""pizza dough\"", \""tomato sauce\"", \""mozzarella cheese\"", \""cherry tomatoes\"", \""pesto\"", \""basil leaves\""]""",6,485.4,39.0,21.1,27.6
fsb_00278,fsb_00278.jpg,Caprese Salad,"""[{'name': 'tomato', 'calories': 15.3, 'carbs': 3.3, 'protein': 0.7, 'fat': 0.2, 'quantity': 3, 'unit': 'wt. oz'}, {'name': 'mozzarella', 'calories': 204.0, 'carbs': 1.5, 'protein': 15.1, 'fat': 15.2, 'quantity': 2.4000000000000004, 'unit': 'slices'}, {'name': 'basil', 'calories': 1.2, 'carbs': 0.1, 'protein': 0.2, 'fat': 0.0, 'quantity': 10, 'unit': 'leaves'}, {'name': 'olive oil', 'calories': 119.3, 'carbs': 0.0, 'protein': 0.0, 'fat': 13.5, 'quantity': 1, 'unit': 'tablespoon'}, {'name': 'balsamic glaze', 'calories': 28.4, 'carbs': 6.7, 'protein': 0.1, 'fat': 0.0, 'quantity': 0.7, 'unit': 'tbsp'}]""","""[\""tomato\"", \""mozzarella\"", \""basil\"", \""olive oil\"", \""balsamic glaze\""]""",5,368.2,11.6,16.1,28.9
fsb_00279,fsb_00279.jpg,Carrot Cake with Iced Coffee,"""[{'name': 'carrot cake', 'calories': 326.8, 'carbs': 41.3, 'protein': 3.7, 'fat': 16.8, 'quantity': 1, 'unit': 'cupcake'}, {'name': 'cream cheese frosting', 'calories': 136.9, 'carbs': 22.2, 'protein': 0.0, 'fat': 5.7, 'quantity': 2, 'unit': 'tbsp creamy'}, {'name': 'walnut', 'calories': 26.6, 'carbs': 0.6, 'protein': 0.6, 'fat': 2.6, 'quantity': 2, 'unit': 'walnut half'}, {'name': 'iced coffee', 'calories': 120.8, 'carbs': 0.0, 'protein': 14.5, 'fat': 2.4, 'quantity': 51, 'unit': 'cup'}]""","""[\""carrot cake\"", \""cream cheese frosting\"", \""walnut\"", \""iced coffee\""]""",4,611.1,64.1,18.8,27.5
fsb_00280,fsb_00280.jpg,Carrot Soup with Cheese Toast,"""[{'name': 'carrot soup', 'calories': 69.2, 'carbs': 11.7, 'protein': 1.1, 'fat': 2.5, 'quantity': 1, 'unit': 'cup'}, {'name': 'bread', 'calories': 159.6, 'carbs': 29.7, 'protein': 5.3, 'fat': 2.0, 'quantity': 2, 'unit': 'slice, large'}, {'name': 'cheese', 'calories': 226.2, 'carbs': 1.7, 'protein': 12.8, 'fat': 18.7, 'quantity': 2, 'unit': 'slice (1 oz)'}]""","""[\""carrot soup\"", \""bread\"", \""cheese\""]""",3,455.0,43.1,19.2,23.2
fsb_00281,fsb_00281.jpg,Carrot Soup with Cream Cheese Toast,"""[{'name': 'carrot soup', 'calories': 69.2, 'carbs': 11.7, 'protein': 1.1, 'fat': 2.5, 'quantity': 1, 'unit': 'cup'}, {'name': 'bread', 'calories': 159.6, 'carbs': 29.7, 'protein': 5.3, 'fat': 2.0, 'quantity': 2, 'unit': 'slice, large'}, {'name': 'cream cheese', 'calories': 101.5, 'carbs': 1.6, 'protein': 1.8, 'fat': 10.0, 'quantity': 2, 'unit': 'tbsp'}]""","""[\""carrot soup\"", \""bread\"", \""cream cheese\""]""",3,330.3,43.0,8.2,14.5
fsb_00282,fsb_00282.jpg,Carrot Soup with Rye Crispbread and Cheese,"""[{'name': 'carrot soup', 'calories': 69.2, 'carbs': 11.7, 'protein': 1.1, 'fat': 2.5, 'quantity': 1, 'unit': 'cup'}, {'name': 'rye crispbread', 'calories': 64.0, 'carbs': 14.4, 'protein': 1.4, 'fat': 0.2, 'quantity': 0.7, 'unit': 'wafer, Rye Krisp (triple cracker)'}, {'name': 'cheese', 'calories': 137.4, 'carbs': 1.1, 'protein': 7.8, 'fat': 11.3, 'quantity': 2, 'unit': 'cubic inch'}]""","""[\""carrot soup\"", \""rye crispbread\"", \""cheese\""]""",3,270.6,27.2,10.3,14.0
fsb_00283,fsb_00283.jpg,Carrots and Hummus with Pretzel,"""[{'name': 'carrots', 'calories': 27.2, 'carbs': 6.4, 'protein': 0.6, 'fat': 0.1, 'quantity': 0.5, 'unit': 'cup'}, {'name': 'hummus', 'calories': 49.8, 'carbs': 4.3, 'protein': 2.4, 'fat': 2.9, 'quantity': 2, 'unit': 'tbsp'}, {'name': 'pretzel', 'calories': 460.8, 'carbs': 96.5, 'protein': 12.0, 'fat': 3.5, 'quantity': 2, 'unit': 'cup, crushed'}]""","""[\""carrots\"", \""hummus\"", \""pretzel\""]""",3,537.8,107.2,15.0,6.5
fsb_00284,fsb_00284.jpg,Cereal with Banana and Milk,"""[{'name': 'cereal', 'calories': 105.3, 'carbs': 20.5, 'protein': 3.4, 'fat': 1.9, 'quantity': 1, 'unit': 'cup'}, {'name': 'banana', 'calories': 105.0, 'carbs': 27.0, 'protein': 1.3, 'fat': 0.4, 'quantity': 1, 'unit': 'medium (7\"" to 7-7/8\"" long)'}, {'name': 'milk', 'calories': 61.0, 'carbs': 5.9, 'protein': 4.0, 'fat': 2.4, 'quantity': 0.5, 'unit': 'cup'}]""","""[\""cereal\"", \""banana\"", \""milk\""]""",3,271.3,53.4,8.7,4.7
fsb_00285,fsb_00285.jpg,Blueberry Cereal Bowl,"""[{'name': 'cold cereal', 'calories': 105.3, 'carbs': 20.5, 'protein': 3.4, 'fat': 1.9, 'quantity': 1, 'unit': 'cup'}, {'name': 'blueberries', 'calories': 42.2, 'carbs': 10.7, 'protein': 0.5, 'fat': 0.2, 'quantity': 0.5, 'unit': 'cup'}, {'name': 'almond milk', 'calories': 28.0, 'carbs': 4.0, 'protein': 0.5, 'fat': 1.2, 'quantity': 0.5, 'unit': 'cup'}]""","""[\""cold cereal\"", \""blueberries\"", \""almond milk\""]""",3,175.5,35.2,4.4,3.3
fsb_00286,fsb_00286.jpg,Blueberry Cereal Bowl,"""[{'name': 'cold cereal', 'calories': 105.3, 'carbs': 20.5, 'protein': 3.4, 'fat': 1.9, 'quantity': 1, 'unit': 'cup'}, {'name': 'blueberries', 'calories': 42.2, 'carbs': 10.7, 'protein': 0.5, 'fat': 0.2, 'quantity': 0.5, 'unit': 'cup'}, {'name': 'milk', 'calories': 61.0, 'carbs': 5.9, 'protein': 4.0, 'fat': 2.4, 'quantity': 0.5, 'unit': 'cup'}]""","""[\""cold cereal\"", \""blueberries\"", \""milk\""]""",3,208.5,37.1,7.9,4.5
fsb_00287,fsb_00287.jpg,Cereal with Marshmallows,"""[{'name': 'cereal', 'calories': 105.3, 'carbs': 20.5, 'protein': 3.4, 'fat': 1.9, 'quantity': 1, 'unit': 'cup'}, {'name': 'marshmallows', 'calories': 54.1, 'carbs': 13.8, 'protein': 0.3, 'fat': 0.0, 'quantity': 0.6, 'unit': 'wt. oz'}, {'name': 'milk', 'calories': 61.0, 'carbs': 5.9, 'protein': 4.0, 'fat': 2.4, 'quantity': 0.5, 'unit': 'cup'}]""","""[\""cereal\"", \""marshmallows\"", \""milk\""]""",3,220.4,40.2,7.7,4.3
fsb_00288,fsb_00288.jpg,Cheese and Bacon Pretzel,"""[{'name': 'pretzel', 'calories': 230.4, 'carbs': 48.2, 'protein': 6.0, 'fat': 1.8, 'quantity': 1, 'unit': 'cup, crushed'}, {'name': 'cheese', 'calories': 91.3, 'carbs': 0.7, 'protein': 5.2, 'fat': 7.5, 'quantity': 0.2, 'unit': 'cup, shredded'}, {'name': 'bacon bits', 'calories': 66.6, 'carbs': 4.0, 'protein': 4.5, 'fat': 3.6, 'quantity': 2, 'unit': 'tbsp'}]""","""[\""pretzel\"", \""cheese\"", \""bacon bits\""]""",3,388.3,52.9,15.7,12.9
fsb_00289,fsb_00289.jpg,Cheese Quiche With Crackers,"""[{'name': 'crackers', 'calories': 65.3, 'carbs': 7.8, 'protein': 0.8, 'fat': 3.4, 'quantity': 4, 'unit': 'cracker, round'}, {'name': 'cheese', 'calories': 206.0, 'carbs': 1.6, 'protein': 11.7, 'fat': 17.0, 'quantity': 3, 'unit': 'cubic inch'}, {'name': 'quiche lorraine', 'calories': 496.3, 'carbs': 13.3, 'protein': 16.9, 'fat': 41.8, 'quantity': 1, 'unit': 'serving'}]""","""[\""crackers\"", \""cheese\"", \""quiche lorraine\""]""",3,767.6,22.7,29.4,62.2
fsb_00290,fsb_00290.jpg,Cheese and Cucumber Sandwich with Egg,"""[{'name': 'whole wheat bread', 'calories': 161.3, 'carbs': 27.3, 'protein': 8.0, 'fat': 2.2, 'quantity': 2, 'unit': 'slice'}, {'name': 'butter', 'calories': 101.8, 'carbs': 0.0, 'protein': 0.1, 'fat': 11.5, 'quantity': 1, 'unit': 'tbsp'}, {'name': 'cheese', 'calories': 226.2, 'carbs': 1.7, 'protein': 12.8, 'fat': 18.7, 'quantity': 2, 'unit': 'slice (1 oz)'}, {'name': 'cucumber', 'calories': 5.2, 'carbs': 1.3, 'protein': 0.2, 'fat': 0.0, 'quantity': 5, 'unit': 'slice'}, {'name': 'boiled egg', 'calories': 68.2, 'carbs': 0.5, 'protein': 5.5, 'fat': 4.7, 'quantity': 1, 'unit': 'medium'}]""","""[\""whole wheat bread\"", \""butter\"", \""cheese\"", \""cucumber\"", \""boiled egg\""]""",5,562.7,30.8,26.6,37.1
fsb_00291,fsb_00291.jpg,Cheese and Salmon Breakfast,"""[{'name': 'cheddar cheese', 'calories': 114.5, 'carbs': 0.9, 'protein': 6.5, 'fat': 9.4, 'quantity': 1, 'unit': 'oz'}, {'name': 'brie cheese', 'calories': 94.7, 'carbs': 0.1, 'protein': 5.9, 'fat': 7.8, 'quantity': 1, 'unit': 'oz'}, {'name': 'blue cheese', 'calories': 100.1, 'carbs': 0.7, 'protein': 6.1, 'fat': 8.1, 'quantity': 1, 'unit': 'oz'}, {'name': 'smoked salmon', 'calories': 69.6, 'carbs': 0.0, 'protein': 10.9, 'fat': 2.6, 'quantity': 2.0999999999999996, 'unit': 'oz'}, {'name': 'crepe cake', 'calories': 262.3, 'carbs': 19.9, 'protein': 4.9, 'fat': 18.4, 'quantity': 1, 'unit': 'piece of 9\"" cake'}, {'name': 'white toast', 'calories': 63.8, 'carbs': 12.0, 'protein': 2.0, 'fat': 0.9, 'quantity': 1, 'unit': 'slice'}, {'name': 'prosciutto', 'calories': 55.3, 'carbs': 0.1, 'protein': 7.9, 'fat': 2.4, 'quantity': 1, 'unit': 'oz'}]""","""[\""cheddar cheese\"", \""brie cheese\"", \""blue cheese\"", \""smoked salmon\"", \""crepe cake\"", \""white toast\"", \""prosciutto\""]""",7,760.3,33.7,44.2,49.6
fsb_00292,fsb_00292.jpg,Cheese and Tomato Crackers,"""[{'name': 'cracker', 'calories': 61.2, 'carbs': 7.4, 'protein': 0.8, 'fat': 3.2, 'quantity': 3, 'unit': 'cracker'}, {'name': 'cheese', 'calories': 137.4, 'carbs': 1.1, 'protein': 7.8, 'fat': 11.3, 'quantity': 2, 'unit': 'cubic inch'}, {'name': 'tomato', 'calories': 6.1, 'carbs': 1.3, 'protein': 0.3, 'fat': 0.1, 'quantity': 2, 'unit': 'cherry'}, {'name': 'whole wheat bread', 'calories': 72.6, 'carbs': 12.3, 'protein': 3.6, 'fat': 1.0, 'quantity': 0.9, 'unit': 'slice'}]""","""[\""cracker\"", \""cheese\"", \""tomato\"", \""whole wheat bread\""]""",4,277.3,22.1,12.5,15.6
fsb_00293,fsb_00293.jpg,Cheese and Tomato Omelette,"""[{'name': 'eggs', 'calories': 143.0, 'carbs': 0.7, 'protein': 12.6, 'fat': 9.5, 'quantity': 2, 'unit': 'large'}, {'name': 'cheese', 'calories': 91.3, 'carbs': 0.7, 'protein': 5.2, 'fat': 7.5, 'quantity': 0.2, 'unit': 'cup, shredded'}, {'name': 'tomato', 'calories': 11.1, 'carbs': 2.4, 'protein': 0.5, 'fat': 0.1, 'quantity': 0.5, 'unit': 'medium whole (2-3/5\"" dia)'}, {'name': 'spinach', 'calories': 4.1, 'carbs': 0.7, 'protein': 0.5, 'fat': 0.0, 'quantity': 0.1, 'unit': 'cup'}, {'name': 'olive oil', 'calories': 119.3, 'carbs': 0.0, 'protein': 0.0, 'fat': 13.5, 'quantity': 1, 'unit': 'tablespoon'}]""","""[\""eggs\"", \""cheese\"", \""tomato\"", \""spinach\"", \""olive oil\""]""",5,368.8,4.5,18.8,30.6
fsb_00294,fsb_00294.jpg,Vegetable And Turkey Frittata,"""[{'name': 'eggs', 'calories': 214.5, 'carbs': 1.1, 'protein': 18.8, 'fat': 14.3, 'quantity': 3, 'unit': 'large'}, {'name': 'cheddar cheese', 'calories': 91.3, 'carbs': 0.7, 'protein': 5.2, 'fat': 7.5, 'quantity': 0.2, 'unit': 'cup, shredded'}, {'name': 'mushrooms', 'calories': 4.4, 'carbs': 0.8, 'protein': 0.3, 'fat': 0.1, 'quantity': 0.1, 'unit': 'cup'}, {'name': 'bell peppers', 'calories': 6.3, 'carbs': 1.5, 'protein': 0.2, 'fat': 0.0, 'quantity': 0.2, 'unit': 'pepper'}, {'name': 'onions', 'calories': 9.2, 'carbs': 2.1, 'protein': 0.3, 'fat': 0.0, 'quantity': 0.1, 'unit': 'cup'}, {'name': 'tomatoes', 'calories': 6.5, 'carbs': 1.4, 'protein': 0.3, 'fat': 0.1, 'quantity': 0.2, 'unit': 'cup, chopped or sliced'}, {'name': 'turkey meat', 'calories': 45.0, 'carbs': 0.0, 'protein': 8.2, 'fat': 1.1, 'quantity': 1, 'unit': 'oz'}]""","""[\""eggs\"", \""cheddar cheese\"", \""mushrooms\"", \""bell peppers\"", \""onions\"", \""tomatoes\"", \""turkey meat\""]""",7,377.2,7.6,33.3,23.1
fsb_00295,fsb_00295.jpg,Cheese Crusted Turkey Sandwich,"""[{'name': 'cheese', 'calories': 226.2, 'carbs': 1.7, 'protein': 12.8, 'fat': 18.7, 'quantity': 2, 'unit': 'slice (1 oz)'}, {'name': 'turkey', 'calories': 79.8, 'carbs': 0.0, 'protein': 12.0, 'fat': 3.1, 'quantity': 5, 'unit': 'tbsp'}, {'name': 'bacon', 'calories': 80.7, 'carbs': 0.3, 'protein': 5.9, 'fat': 6.1, 'quantity': 1.5, 'unit': 'slices'}]""","""[\""cheese\"", \""turkey\"", \""bacon\""]""",3,386.7,2.0,30.7,27.9
fsb_00296,fsb_00296.jpg,Cheese Flatbread with Butter,"""[{'name': 'flatbread', 'calories': 233.9, 'carbs': 47.4, 'protein': 7.7, 'fat': 1.0, 'quantity': 1, 'unit': 'flatbread'}, {'name': 'cheese', 'calories': 182.6, 'carbs': 1.4, 'protein': 10.3, 'fat': 15.1, 'quantity': 0.4, 'unit': 'cup, shredded'}, {'name': 'butter', 'calories': 101.8, 'carbs': 0.0, 'protein': 0.1, 'fat': 11.5, 'quantity': 1, 'unit': 'tbsp'}]""","""[\""flatbread\"", \""cheese\"", \""butter\""]""",3,518.3,48.8,18.1,27.6
fsb_00297,fsb_00297.jpg,Avocado Egg Bowl,"""[{'name': 'eggs', 'calories': 143.0, 'carbs': 0.7, 'protein': 12.6, 'fat': 9.5, 'quantity': 2, 'unit': 'large'}, {'name': 'cheddar cheese', 'calories': 113.1, 'carbs': 0.9, 'protein': 6.4, 'fat': 9.3, 'quantity': 1, 'unit': 'slice (1 oz)'}, {'name': 'avocado', 'calories': 120.0, 'carbs': 6.4, 'protein': 1.5, 'fat': 11.0, 'quantity': 0.5, 'unit': 'cup, cubes'}, {'name': 'strawberries', 'calories': 11.5, 'carbs': 2.8, 'protein': 0.2, 'fat': 0.1, 'quantity': 2, 'unit': 'large (1-3/8\"" dia)'}, {'name': 'hot sauce', 'calories': 6.3, 'carbs': 1.2, 'protein': 0.3, 'fat': 0.2, 'quantity': 2, 'unit': 'tbsp'}]""","""[\""eggs\"", \""cheddar cheese\"", \""avocado\"", \""strawberries\"", \""hot sauce\""]""",5,393.9,12.0,21.0,30.1
fsb_00298,fsb_00298.jpg,Breakfast Burrito,"""[{'name': 'eggs', 'calories': 71.5, 'carbs': 0.4, 'protein': 6.3, 'fat': 4.8, 'quantity': 1, 'unit': 'large'}, {'name': 'cheddar cheese', 'calories': 91.3, 'carbs': 0.7, 'protein': 5.2, 'fat': 7.5, 'quantity': 0.2, 'unit': 'cup, shredded'}, {'name': 'green bell pepper', 'calories': 6.4, 'carbs': 1.5, 'protein': 0.2, 'fat': 0.0, 'quantity': 0.2, 'unit': 'pepper'}, {'name': 'sausage patty', 'calories': 87.8, 'carbs': 0.4, 'protein': 5.0, 'fat': 7.4, 'quantity': 1, 'unit': 'patty'}]""","""[\""eggs\"", \""cheddar cheese\"", \""green bell pepper\"", \""sausage patty\""]""",4,257.0,3.0,16.7,19.7
fsb_00299,fsb_00299.jpg,Cheese Pastry Slice,"""[{'name': 'puff pastry', 'calories': 200.9, 'carbs': 16.5, 'protein': 2.7, 'fat': 13.9, 'quantity': 0.9, 'unit': 'shell'}, {'name': 'cheese', 'calories': 91.3, 'carbs': 0.7, 'protein': 5.2, 'fat': 7.5, 'quantity': 0.2, 'unit': 'cup, shredded'}, {'name': 'butter', 'calories': 101.8, 'carbs': 0.0, 'protein': 0.1, 'fat': 11.5, 'quantity': 1, 'unit': 'tbsp'}, {'name': 'egg', 'calories': 35.8, 'carbs': 0.2, 'protein': 3.1, 'fat': 2.4, 'quantity': 0.5, 'unit': 'large'}]""","""[\""puff pastry\"", \""cheese\"", \""butter\"", \""egg\""]""",4,429.8,17.4,11.1,35.3
fsb_00300,fsb_00300.jpg,Cheese Pizza Slice,"""[{'name': 'pizza crust', 'calories': 135.1, 'carbs': 23.5, 'protein': 3.3, 'fat': 2.9, 'quantity': 2, 'unit': 'oz'}, {'name': 'tomato sauce', 'calories': 18.4, 'carbs': 4.1, 'protein': 0.9, 'fat': 0.2, 'quantity': 5, 'unit': 'tbsp'}, {'name': 'cheddar cheese', 'calories': 91.3, 'carbs': 0.7, 'protein': 5.2, 'fat': 7.5, 'quantity': 0.2, 'unit': 'cup, shredded'}]""","""[\""pizza crust\"", \""tomato sauce\"", \""cheddar cheese\""]""",3,244.8,28.3,9.4,10.6
fsb_00301,fsb_00301.jpg,Ravioli With Alfredo Sauce,"""[{'name': 'ravioli', 'calories': 253.5, 'carbs': 27.9, 'protein': 13.1, 'fat': 9.6, 'quantity': 5, 'unit': 'wt. oz'}, {'name': 'alfredo sauce', 'calories': 107.5, 'carbs': 1.6, 'protein': 2.8, 'fat': 10.2, 'quantity': 0.1, 'unit': 'cup'}, {'name': 'shrimp pasta', 'calories': 390.4, 'carbs': 44.6, 'protein': 21.0, 'fat': 13.8, 'quantity': 1, 'unit': 'cups'}]""","""[\""ravioli\"", \""alfredo sauce\"", \""shrimp pasta\""]""",3,751.4,74.1,36.9,33.6
fsb_00302,fsb_00302.jpg,Cheese Tortellini with Cream Sauce,"""[{'name': 'tortellini', 'calories': 223.8, 'carbs': 34.3, 'protein': 9.8, 'fat': 5.3, 'quantity': 0.675, 'unit': 'cup'}, {'name': 'cream sauce', 'calories': 177.9, 'carbs': 10.3, 'protein': 4.1, 'fat': 13.5, 'quantity': 0.5, 'unit': 'cup'}, {'name': 'parmesan cheese', 'calories': 42.0, 'carbs': 1.4, 'protein': 2.8, 'fat': 2.8, 'quantity': 2, 'unit': 'tbsp'}]""","""[\""tortellini\"", \""cream sauce\"", \""parmesan cheese\""]""",3,443.7,46.0,16.7,21.6
fsb_00303,fsb_00303.jpg,"Cheese, Crackers, and Grapes Platter","""[{'name': 'grapes', 'calories': 62.5, 'carbs': 16.4, 'protein': 0.7, 'fat': 0.1, 'quantity': 0.6, 'unit': 'cup'}, {'name': 'cheese', 'calories': 343.4, 'carbs': 2.6, 'protein': 19.4, 'fat': 28.3, 'quantity': 5, 'unit': 'cubic inch'}, {'name': 'crackers', 'calories': 130.6, 'carbs': 15.7, 'protein': 1.7, 'fat': 6.8, 'quantity': 8, 'unit': 'cracker, round'}]""","""[\""grapes\"", \""cheese\"", \""crackers\""]""",3,536.5,34.7,21.8,35.2
fsb_00304,fsb_00304.jpg,Cheeseburger on Bread,"""[{'name': 'beef patty', 'calories': 192.6, 'carbs': 0.0, 'protein': 20.4, 'fat': 11.6, 'quantity': 1, 'unit': 'patty ( yield from 1/4 lb raw meat )'}, {'name': 'cheddar cheese', 'calories': 68.7, 'carbs': 0.5, 'protein': 3.9, 'fat': 5.7, 'quantity': 1, 'unit': 'cubic inch'}, {'name': 'bread', 'calories': 77.1, 'carbs': 14.3, 'protein': 2.6, 'fat': 1.0, 'quantity': 1, 'unit': 'slice'}]""","""[\""beef patty\"", \""cheddar cheese\"", \""bread\""]""",3,338.4,14.8,26.9,18.3
fsb_00305,fsb_00305.jpg,Cheeseburger With Roast Beef,"""[{'name': 'hamburger patty', 'calories': 65.7, 'carbs': 0.0, 'protein': 7.0, 'fat': 4.0, 'quantity': 1, 'unit': 'oz'}, {'name': 'cheddar', 'calories': 114.5, 'carbs': 0.9, 'protein': 6.5, 'fat': 9.4, 'quantity': 1, 'unit': 'oz'}, {'name': 'roast beef', 'calories': 10.7, 'carbs': 0.1, 'protein': 1.7, 'fat': 0.3, 'quantity': 1, 'unit': 'slice oval'}]""","""[\""hamburger patty\"", \""cheddar\"", \""roast beef\""]""",3,190.9,1.0,15.2,13.7
fsb_00306,fsb_00306.jpg,Cheeseburger Patty with Omelette,"""[{'name': 'beef patty', 'calories': 192.6, 'carbs': 0.0, 'protein': 20.4, 'fat': 11.6, 'quantity': 1, 'unit': 'patty ( yield from 1/4 lb raw meat )'}, {'name': 'cheddar cheese', 'calories': 113.1, 'carbs': 0.9, 'protein': 6.4, 'fat': 9.3, 'quantity': 1, 'unit': 'slice (1 oz)'}, {'name': 'eggs', 'calories': 143.0, 'carbs': 0.7, 'protein': 12.6, 'fat': 9.5, 'quantity': 2, 'unit': 'large'}, {'name': 'butter', 'calories': 101.8, 'carbs': 0.0, 'protein': 0.1, 'fat': 11.5, 'quantity': 1, 'unit': 'tbsp'}]""","""[\""beef patty\"", \""cheddar cheese\"", \""eggs\"", \""butter\""]""",4,550.5,1.6,39.5,41.9
fsb_00307,fsb_00307.jpg,Avocado Cheeseburger,"""[{'name': 'beef patty', 'calories': 192.6, 'carbs': 0.0, 'protein': 20.4, 'fat': 11.6, 'quantity': 1, 'unit': 'patty ( yield from 1/4 lb raw meat )'}, {'name': 'cheddar cheese', 'calories': 113.1, 'carbs': 0.9, 'protein': 6.4, 'fat': 9.3, 'quantity': 1, 'unit': 'slice (1 oz)'}, {'name': 'hamburger bun', 'calories': 127.9, 'carbs': 23.1, 'protein': 4.5, 'fat': 1.7, 'quantity': 1, 'unit': 'hamburger bun'}, {'name': 'avocado', 'calories': 48.0, 'carbs': 2.6, 'protein': 0.6, 'fat': 4.4, 'quantity': 0.2, 'unit': 'cup, cubes'}, {'name': 'lettuce', 'calories': 4.8, 'carbs': 0.9, 'protein': 0.3, 'fat': 0.1, 'quantity': 1, 'unit': 'wt. oz'}, {'name': 'tomato', 'calories': 6.1, 'carbs': 1.3, 'protein': 0.3, 'fat': 0.1, 'quantity': 2, 'unit': 'cherry'}, {'name': 'pickles', 'calories': 4.2, 'carbs': 0.8, 'protein': 0.2, 'fat': 0.1, 'quantity': 5, 'unit': 'slice'}, {'name': 'red onion', 'calories': 7.0, 'carbs': 1.6, 'protein': 0.2, 'fat': 0.0, 'quantity': 2, 'unit': 'slice, thin'}]""","""[\""beef patty\"", \""cheddar cheese\"", \""hamburger bun\"", \""avocado\"", \""lettuce\"", \""tomato\"", \""pickles\"", \""red onion\""]""",8,503.7,31.2,32.9,27.3
fsb_00308,fsb_00308.jpg,Cheeseburger With Fries,"""[{'name': 'burger bun', 'calories': 122.3, 'carbs': 22.1, 'protein': 4.3, 'fat': 1.7, 'quantity': 1, 'unit': 'roll 1 serving'}, {'name': 'cheese', 'calories': 68.7, 'carbs': 0.5, 'protein': 3.9, 'fat': 5.7, 'quantity': 1, 'unit': 'cubic inch'}, {'name': 'pickles', 'calories': 5.0, 'carbs': 1.0, 'protein': 0.2, 'fat': 0.1, 'quantity': 6, 'unit': 'slice'}, {'name': 'spinach', 'calories': 4.1, 'carbs': 0.7, 'protein': 0.5, 'fat': 0.0, 'quantity': 0.1, 'unit': 'cup'}, {'name': 'french fries', 'calories': 143.5, 'carbs': 19.1, 'protein': 1.6, 'fat': 6.8, 'quantity': 10, 'unit': 'fries'}, {'name': 'ketchup', 'calories': 34.3, 'carbs': 9.3, 'protein': 0.4, 'fat': 0.0, 'quantity': 2, 'unit': 'tbsp'}]""","""[\""burger bun\"", \""cheese\"", \""pickles\"", \""spinach\"", \""french fries\"", \""ketchup\""]""",6,377.9,52.7,10.9,14.3
fsb_00309,fsb_00309.jpg,Cheeseburger with Fries,"""[{'name': 'beef patty', 'calories': 154.0, 'carbs': 0.0, 'protein': 16.3, 'fat': 9.3, 'quantity': 0.8, 'unit': 'patty ( yield from 1/4 lb raw meat )'}, {'name': 'cheese', 'calories': 68.7, 'carbs': 0.5, 'protein': 3.9, 'fat': 5.7, 'quantity': 1, 'unit': 'cubic inch'}, {'name': 'lettuce', 'calories': 1.0, 'carbs': 0.2, 'protein': 0.1, 'fat': 0.0, 'quantity': 1, 'unit': 'leaf inner'}, {'name': 'tomato', 'calories': 5.1, 'carbs': 1.1, 'protein': 0.2, 'fat': 0.1, 'quantity': 1, 'unit': 'wt. oz'}, {'name': 'burger bun', 'calories': 72.3, 'carbs': 13.0, 'protein': 2.6, 'fat': 1.0, 'quantity': 0.5, 'unit': 'hot dog bun'}, {'name': 'french fries', 'calories': 82.4, 'carbs': 10.9, 'protein': 0.9, 'fat': 3.9, 'quantity': 3, 'unit': 'wedges'}]""","""[\""beef patty\"", \""cheese\"", \""lettuce\"", \""tomato\"", \""burger bun\"", \""french fries\""]""",6,383.5,25.7,24.0,20.0
fsb_00310,fsb_00310.jpg,Cheeseburger with Fries,"""[{'name': 'beef patty', 'calories': 192.6, 'carbs': 0.0, 'protein': 20.4, 'fat': 11.6, 'quantity': 1, 'unit': 'patty ( yield from 1/4 lb raw meat )'}, {'name': 'cheese', 'calories': 68.7, 'carbs': 0.5, 'protein': 3.9, 'fat': 5.7, 'quantity': 1, 'unit': 'cubic inch'}, {'name': 'bacon', 'calories': 80.7, 'carbs': 0.3, 'protein': 5.9, 'fat': 6.1, 'quantity': 1.5, 'unit': 'slices'}, {'name': 'tomato', 'calories': 10.2, 'carbs': 2.2, 'protein': 0.5, 'fat': 0.1, 'quantity': 2, 'unit': 'wt. oz'}, {'name': 'onion', 'calories': 10.6, 'carbs': 2.4, 'protein': 0.3, 'fat': 0.0, 'quantity': 2, 'unit': 'slice, medium (1/8\"" thick)'}, {'name': 'lettuce', 'calories': 4.8, 'carbs': 0.9, 'protein': 0.3, 'fat': 0.1, 'quantity': 1, 'unit': 'wt. oz'}, {'name': 'burger bun', 'calories': 144.6, 'carbs': 26.1, 'protein': 5.1, 'fat': 2.0, 'quantity': 1, 'unit': 'hot dog bun'}, {'name': 'french fries', 'calories': 355.7, 'carbs': 47.2, 'protein': 3.9, 'fat': 16.8, 'quantity': 2, 'unit': 'cup'}]""","""[\""beef patty\"", \""cheese\"", \""bacon\"", \""tomato\"", \""onion\"", \""lettuce\"", \""burger bun\"", \""french fries\""]""",8,867.9,79.6,40.3,42.4
fsb_00311,fsb_00311.jpg,Cheeseburger with Fries,"""[{'name': 'beef patty', 'calories': 192.6, 'carbs': 0.0, 'protein': 20.4, 'fat': 11.6, 'quantity': 1, 'unit': 'patty ( yield from 1/4 lb raw meat )'}, {'name': 'cheese', 'calories': 68.7, 'carbs': 0.5, 'protein': 3.9, 'fat': 5.7, 'quantity': 1, 'unit': 'cubic inch'}, {'name': 'burger bun', 'calories': 122.3, 'carbs': 22.1, 'protein': 4.3, 'fat': 1.7, 'quantity': 1, 'unit': 'roll 1 serving'}, {'name': 'french fries', 'calories': 355.7, 'carbs': 47.2, 'protein': 3.9, 'fat': 16.8, 'quantity': 2, 'unit': 'cup'}]""","""[\""beef patty\"", \""cheese\"", \""burger bun\"", \""french fries\""]""",4,739.3,69.8,32.5,35.8
fsb_00312,fsb_00312.jpg,Cheeseburger with Fries,"""[{'name': 'beef patty', 'calories': 192.6, 'carbs': 0.0, 'protein': 20.4, 'fat': 11.6, 'quantity': 1, 'unit': 'patty ( yield from 1/4 lb raw meat )'}, {'name': 'cheese', 'calories': 68.7, 'carbs': 0.5, 'protein': 3.9, 'fat': 5.7, 'quantity': 1, 'unit': 'cubic inch'}, {'name': 'burger bun', 'calories': 122.3, 'carbs': 22.1, 'protein': 4.3, 'fat': 1.7, 'quantity': 1, 'unit': 'roll 1 serving'}, {'name': 'lettuce', 'calories': 4.8, 'carbs': 0.9, 'protein': 0.3, 'fat': 0.1, 'quantity': 1, 'unit': 'wt. oz'}, {'name': 'ketchup', 'calories': 17.2, 'carbs': 4.7, 'protein': 0.2, 'fat': 0.0, 'quantity': 1, 'unit': 'tbsp'}, {'name': 'french fries', 'calories': 199.9, 'carbs': 26.6, 'protein': 2.2, 'fat': 9.4, 'quantity': 18, 'unit': 'tbsp'}]""","""[\""beef patty\"", \""cheese\"", \""burger bun\"", \""lettuce\"", \""ketchup\"", \""french fries\""]""",6,605.5,54.8,31.3,28.5
fsb_00313,fsb_00313.jpg,Cheeseburger with Salad,"""[{'name': 'beef patty', 'calories': 192.6, 'carbs': 0.0, 'protein': 20.4, 'fat': 11.6, 'quantity': 1, 'unit': 'patty ( yield from 1/4 lb raw meat )'}, {'name': 'cheese', 'calories': 68.7, 'carbs': 0.5, 'protein': 3.9, 'fat': 5.7, 'quantity': 1, 'unit': 'cubic inch'}, {'name': 'burger bun', 'calories': 122.3, 'carbs': 22.1, 'protein': 4.3, 'fat': 1.7, 'quantity': 1, 'unit': 'roll 1 serving'}, {'name': 'lettuce', 'calories': 1.6, 'carbs': 0.3, 'protein': 0.1, 'fat': 0.0, 'quantity': 0.2, 'unit': 'cups shredded'}, {'name': 'tomato', 'calories': 6.1, 'carbs': 1.3, 'protein': 0.3, 'fat': 0.1, 'quantity': 2, 'unit': 'cherry'}, {'name': 'pickles', 'calories': 5.0, 'carbs': 1.0, 'protein': 0.2, 'fat': 0.1, 'quantity': 6, 'unit': 'slice'}, {'name': 'mixed greens', 'calories': 6.0, 'carbs': 1.3, 'protein': 0.4, 'fat': 0.1, 'quantity': 0.8999999999999999, 'unit': 'cups'}, {'name': 'pickled onions', 'calories': 9.8, 'carbs': 2.3, 'protein': 0.3, 'fat': 0.0, 'quantity': 0.9, 'unit': 'wt. oz'}]""","""[\""beef patty\"", \""cheese\"", \""burger bun\"", \""lettuce\"", \""tomato\"", \""pickles\"", \""mixed greens\"", \""pickled onions\""]""",8,412.1,28.8,29.9,19.3
fsb_00314,fsb_00314.jpg,Cheeseburger with Sautéed Onions and Mushrooms,"""[{'name': 'beef patty', 'calories': 192.6, 'carbs': 0.0, 'protein': 20.4, 'fat': 11.6, 'quantity': 1, 'unit': 'patty ( yield from 1/4 lb raw meat )'}, {'name': 'cheese', 'calories': 68.7, 'carbs': 0.5, 'protein': 3.9, 'fat': 5.7, 'quantity': 1, 'unit': 'cubic inch'}, {'name': 'onions', 'calories': 18.5, 'carbs': 4.3, 'protein': 0.6, 'fat': 0.1, 'quantity': 0.2, 'unit': 'cup'}, {'name': 'mushrooms', 'calories': 4.4, 'carbs': 0.8, 'protein': 0.3, 'fat': 0.1, 'quantity': 0.1, 'unit': 'cup'}, {'name': 'burger bun', 'calories': 122.3, 'carbs': 22.1, 'protein': 4.3, 'fat': 1.7, 'quantity': 1, 'unit': 'roll 1 serving'}]""","""[\""beef patty\"", \""cheese\"", \""onions\"", \""mushrooms\"", \""burger bun\""]""",5,406.5,27.7,29.5,19.2
fsb_00315,fsb_00315.jpg,Cheeseburger With Waffle Fries,"""[{'name': 'beef patty', 'calories': 192.6, 'carbs': 0.0, 'protein': 20.4, 'fat': 11.6, 'quantity': 1, 'unit': 'patty ( yield from 1/4 lb raw meat )'}, {'name': 'burger bun', 'calories': 122.3, 'carbs': 22.1, 'protein': 4.3, 'fat': 1.7, 'quantity': 1, 'unit': 'roll 1 serving'}, {'name': 'waffle fries', 'calories': 137.3, 'carbs': 18.2, 'protein': 1.5, 'fat': 6.5, 'quantity': 5, 'unit': 'wedges'}, {'name': 'ketchup', 'calories': 17.2, 'carbs': 4.7, 'protein': 0.2, 'fat': 0.0, 'quantity': 1, 'unit': 'tbsp'}]""","""[\""beef patty\"", \""burger bun\"", \""waffle fries\"", \""ketchup\""]""",4,469.4,45.0,26.4,19.8
fsb_00316,fsb_00316.jpg,Cheeseburger,"""[{'name': 'beef patty', 'calories': 192.6, 'carbs': 0.0, 'protein': 20.4, 'fat': 11.6, 'quantity': 1, 'unit': 'patty ( yield from 1/4 lb raw meat )'}, {'name': 'cheese', 'calories': 68.7, 'carbs': 0.5, 'protein': 3.9, 'fat': 5.7, 'quantity': 1, 'unit': 'cubic inch'}, {'name': 'burger bun', 'calories': 144.6, 'carbs': 26.1, 'protein': 5.1, 'fat': 2.0, 'quantity': 1, 'unit': 'hot dog bun'}, {'name': 'lettuce', 'calories': 1.6, 'carbs': 0.3, 'protein': 0.1, 'fat': 0.0, 'quantity': 0.2, 'unit': 'cups shredded'}, {'name': 'tomato', 'calories': 5.1, 'carbs': 1.1, 'protein': 0.2, 'fat': 0.1, 'quantity': 1, 'unit': 'wt. oz'}, {'name': 'mayonnaise', 'calories': 93.8, 'carbs': 0.1, 'protein': 0.1, 'fat': 10.3, 'quantity': 1, 'unit': 'tbsp'}]""","""[\""beef patty\"", \""cheese\"", \""burger bun\"", \""lettuce\"", \""tomato\"", \""mayonnaise\""]""",6,506.4,28.1,29.8,29.7
fsb_00317,fsb_00317.jpg,Cheeseburger,"""[{'name': 'bun', 'calories': 144.6, 'carbs': 26.1, 'protein': 5.1, 'fat': 2.0, 'quantity': 1, 'unit': 'hot dog bun'}, {'name': 'beef patty', 'calories': 192.6, 'carbs': 0.0, 'protein': 20.4, 'fat': 11.6, 'quantity': 1, 'unit': 'patty ( yield from 1/4 lb raw meat )'}, {'name': 'cheese', 'calories': 68.7, 'carbs': 0.5, 'protein': 3.9, 'fat': 5.7, 'quantity': 1, 'unit': 'cubic inch'}, {'name': 'ketchup', 'calories': 17.2, 'carbs': 4.7, 'protein': 0.2, 'fat': 0.0, 'quantity': 1, 'unit': 'tbsp'}, {'name': 'mustard', 'calories': 6.2, 'carbs': 0.6, 'protein': 0.4, 'fat': 0.3, 'quantity': 2, 'unit': 'tsp'}]""","""[\""bun\"", \""beef patty\"", \""cheese\"", \""ketchup\"", \""mustard\""]""",5,429.3,31.9,30.0,19.6
fsb_00318,fsb_00318.jpg,Cheesecake Slice,"""[{'name': 'cream cheese', 'calories': 99.2, 'carbs': 1.6, 'protein': 1.7, 'fat': 9.8, 'quantity': 1, 'unit': 'oz'}, {'name': 'graham cracker crust', 'calories': 71.0, 'carbs': 9.1, 'protein': 0.7, 'fat': 3.5, 'quantity': 0.5, 'unit': 'oz'}, {'name': 'sugar', 'calories': 24.4, 'carbs': 6.3, 'protein': 0.0, 'fat': 0.0, 'quantity': 0.5, 'unit': 'tbsp'}, {'name': 'butter', 'calories': 20.4, 'carbs': 0.0, 'protein': 0.0, 'fat': 2.3, 'quantity': 0.2, 'unit': 'tbsp'}]""","""[\""cream cheese\"", \""graham cracker crust\"", \""sugar\"", \""butter\""]""",4,215.0,17.0,2.4,15.6
fsb_00319,fsb_00319.jpg,Cheesesteak Sandwich,"""[{'name': 'beef', 'calories': 220.2, 'carbs': 0.0, 'protein': 22.2, 'fat': 14.1, 'quantity': 3, 'unit': 'oz'}, {'name': 'cheese', 'calories': 137.4, 'carbs': 1.1, 'protein': 7.8, 'fat': 11.3, 'quantity': 2, 'unit': 'cubic inch'}, {'name': 'onion', 'calories': 18.5, 'carbs': 4.3, 'protein': 0.6, 'fat': 0.1, 'quantity': 0.2, 'unit': 'cup'}, {'name': 'hoagie roll', 'calories': 197.8, 'carbs': 36.6, 'protein': 6.4, 'fat': 2.6, 'quantity': 1, 'unit': '6\"" sandwich roll'}]""","""[\""beef\"", \""cheese\"", \""onion\"", \""hoagie roll\""]""",4,573.9,42.0,37.0,28.1
fsb_00320,fsb_00320.jpg,Cheesy Bacon Chicken with Mashed Potatoes,"""[{'name': 'chicken breast', 'calories': 283.8, 'carbs': 0.0, 'protein': 53.4, 'fat': 6.1, 'quantity': 1, 'unit': 'breast, bone and skin removed'}, {'name': 'cheddar cheese', 'calories': 91.3, 'carbs': 0.7, 'protein': 5.2, 'fat': 7.5, 'quantity': 0.2, 'unit': 'cup, shredded'}, {'name': 'bacon', 'calories': 96.9, 'carbs': 0.4, 'protein': 7.0, 'fat': 7.3, 'quantity': 1.7999999999999998, 'unit': 'slices'}, {'name': 'mashed potatoes', 'calories': 118.7, 'carbs': 17.8, 'protein': 2.1, 'fat': 4.4, 'quantity': 0.5, 'unit': 'cup'}]""","""[\""chicken breast\"", \""cheddar cheese\"", \""bacon\"", \""mashed potatoes\""]""",4,590.7,18.9,67.7,25.3
fsb_00321,fsb_00321.jpg,Cheesy Beef and Potato Casserole,"""[{'name': 'beef', 'calories': 220.2, 'carbs': 0.0, 'protein': 22.2, 'fat': 14.1, 'quantity': 3, 'unit': 'oz'}, {'name': 'potatoes', 'calories': 68.1, 'carbs': 15.5, 'protein': 1.8, 'fat': 0.1, 'quantity': 0.6, 'unit': 'cup'}, {'name': 'cheddar cheese', 'calories': 91.3, 'carbs': 0.7, 'protein': 5.2, 'fat': 7.5, 'quantity': 0.2, 'unit': 'cup, shredded'}, {'name': 'cream sauce', 'calories': 89.0, 'carbs': 5.1, 'protein': 2.1, 'fat': 6.8, 'quantity': 0.25, 'unit': 'cup'}]""","""[\""beef\"", \""potatoes\"", \""cheddar cheese\"", \""cream sauce\""]""",4,468.6,21.3,31.3,28.5
fsb_00322,fsb_00322.jpg,Cheesy Beef and Potatoes,"""[{'name': 'ground beef', 'calories': 202.6, 'carbs': 0.0, 'protein': 20.1, 'fat': 12.9, 'quantity': 0.5, 'unit': 'portion ( yield from 1/2 lb raw meat )'}, {'name': 'potatoes', 'calories': 68.1, 'carbs': 15.5, 'protein': 1.8, 'fat': 0.1, 'quantity': 0.6, 'unit': 'cup'}, {'name': 'cheddar cheese', 'calories': 91.3, 'carbs': 0.7, 'protein': 5.2, 'fat': 7.5, 'quantity': 0.2, 'unit': 'cup, shredded'}, {'name': 'bell peppers', 'calories': 11.2, 'carbs': 2.7, 'protein': 0.4, 'fat': 0.1, 'quantity': 0.3, 'unit': 'cup, strips'}]""","""[\""ground beef\"", \""potatoes\"", \""cheddar cheese\"", \""bell peppers\""]""",4,373.2,18.9,27.5,20.6
fsb_00323,fsb_00323.jpg,Cheesy Breadsticks,"""[{'name': 'bread', 'calories': 121.1, 'carbs': 22.5, 'protein': 4.0, 'fat': 1.5, 'quantity': 1, 'unit': 'slice (1.5 oz)'}, {'name': 'cheese', 'calories': 91.3, 'carbs': 0.7, 'protein': 5.2, 'fat': 7.5, 'quantity': 0.2, 'unit': 'cup, shredded'}, {'name': 'bacon bits', 'calories': 66.6, 'carbs': 4.0, 'protein': 4.5, 'fat': 3.6, 'quantity': 2, 'unit': 'tbsp'}]""","""[\""bread\"", \""cheese\"", \""bacon bits\""]""",3,279.0,27.2,13.7,12.6
fsb_00324,fsb_00324.jpg,Cheesy Spinach Casserole,"""[{'name': 'spinach', 'calories': 41.4, 'carbs': 6.8, 'protein': 5.3, 'fat': 0.5, 'quantity': 1, 'unit': 'cup'}, {'name': 'cheddar cheese', 'calories': 228.3, 'carbs': 1.7, 'protein': 12.9, 'fat': 18.8, 'quantity': 0.5, 'unit': 'cup, shredded'}, {'name': 'cream', 'calories': 81.1, 'carbs': 0.7, 'protein': 0.7, 'fat': 8.6, 'quantity': 0.1, 'unit': 'cup'}, {'name': 'butter', 'calories': 101.8, 'carbs': 0.0, 'protein': 0.1, 'fat': 11.5, 'quantity': 1, 'unit': 'tbsp'}]""","""[\""spinach\"", \""cheddar cheese\"", \""cream\"", \""butter\""]""",4,452.6,9.2,19.0,39.4
fsb_00325,fsb_00325.jpg,"Cheesy Spinach, Tomato & Feta Panini with Lemon Oregano Potato Wedges","""[{'name': 'bread', 'calories': 159.6, 'carbs': 29.7, 'protein': 5.3, 'fat': 2.0, 'quantity': 2, 'unit': 'slice, large'}, {'name': 'feta cheese', 'calories': 118.8, 'carbs': 1.8, 'protein': 6.4, 'fat': 9.6, 'quantity': 0.3, 'unit': 'cup, crumbled'}, {'name': 'spinach', 'calories': 4.1, 'carbs': 0.7, 'protein': 0.5, 'fat': 0.0, 'quantity': 0.1, 'unit': 'cup'}, {'name': 'tomato', 'calories': 6.1, 'carbs': 1.3, 'protein': 0.3, 'fat': 0.1, 'quantity': 2, 'unit': 'cherry'}, {'name': 'potato', 'calories': 113.5, 'carbs': 25.8, 'protein': 3.0, 'fat': 0.2, 'quantity': 1, 'unit': 'cup'}, {'name': 'olive oil', 'calories': 119.3, 'carbs': 0.0, 'protein': 0.0, 'fat': 13.5, 'quantity': 1, 'unit': 'tbsp'}, {'name': 'garlic', 'calories': 4.0, 'carbs': 0.9, 'protein': 0.2, 'fat': 0.0, 'quantity': 0.9, 'unit': 'clove'}, {'name': 'mayonnaise', 'calories': 93.8, 'carbs': 0.1, 'protein': 0.1, 'fat': 10.3, 'quantity': 1, 'unit': 'tbsp'}, {'name': 'lemon', 'calories': 6.7, 'carbs': 2.2, 'protein': 0.3, 'fat': 0.1, 'quantity': 0.4, 'unit': 'NLEA serving'}, {'name': 'oregano', 'calories': 2.9, 'carbs': 0.7, 'protein': 0.1, 'fat': 0.0, 'quantity': 0.6, 'unit': 'tsp, ground'}]""","""[\""bread\"", \""feta cheese\"", \""spinach\"", \""tomato\"", \""potato\"", \""olive oil\"", \""garlic\"", \""mayonnaise\"", \""lemon\"", \""oregano\""]""",10,628.8,63.2,16.2,35.8
fsb_00326,fsb_00326.jpg,Cheesy Tomato Pasta,"""[{'name': 'pasta', 'calories': 199.1, 'carbs': 38.9, 'protein': 7.3, 'fat': 1.2, 'quantity': 0.9, 'unit': 'cup'}, {'name': 'tomato sauce', 'calories': 58.8, 'carbs': 13.0, 'protein': 2.9, 'fat': 0.7, 'quantity': 1, 'unit': 'cup'}, {'name': 'cheese', 'calories': 91.3, 'carbs': 0.7, 'protein': 5.2, 'fat': 7.5, 'quantity': 0.2, 'unit': 'cup, shredded'}, {'name': 'olive oil', 'calories': 119.3, 'carbs': 0.0, 'protein': 0.0, 'fat': 13.5, 'quantity': 1, 'unit': 'tbsp'}]""","""[\""pasta\"", \""tomato sauce\"", \""cheese\"", \""olive oil\""]""",4,468.5,52.6,15.4,22.9
fsb_00327,fsb_00327.jpg,Chef Salad,"""[{'name': 'lettuce', 'calories': 4.8, 'carbs': 0.9, 'protein': 0.3, 'fat': 0.1, 'quantity': 1, 'unit': 'wt. oz'}, {'name': 'ham', 'calories': 58.4, 'carbs': 0.4, 'protein': 9.3, 'fat': 2.1, 'quantity': 2, 'unit': 'thin slice'}, {'name': 'turkey', 'calories': 47.9, 'carbs': 0.0, 'protein': 7.2, 'fat': 1.9, 'quantity': 3, 'unit': 'tbsp'}, {'name': 'cheddar cheese', 'calories': 91.3, 'carbs': 0.7, 'protein': 5.2, 'fat': 7.5, 'quantity': 0.2, 'unit': 'cup, shredded'}, {'name': 'tomato', 'calories': 6.5, 'carbs': 1.4, 'protein': 0.3, 'fat': 0.1, 'quantity': 0.2, 'unit': 'cup, chopped or sliced'}, {'name': 'pickles', 'calories': 5.0, 'carbs': 1.0, 'protein': 0.2, 'fat': 0.1, 'quantity': 6, 'unit': 'slice'}, {'name': 'tuna', 'calories': 55.3, 'carbs': 0.0, 'protein': 12.4, 'fat': 0.3, 'quantity': 0.3, 'unit': 'tuna steak'}]""","""[\""lettuce\"", \""ham\"", \""turkey\"", \""cheddar cheese\"", \""tomato\"", \""pickles\"", \""tuna\""]""",7,269.2,4.4,34.9,12.1
fsb_00328,fsb_00328.jpg,Chef's Salad,"""[{'name': 'lettuce', 'calories': 4.8, 'carbs': 0.9, 'protein': 0.3, 'fat': 0.1, 'quantity': 1, 'unit': 'wt. oz'}, {'name': 'tomato', 'calories': 16.2, 'carbs': 3.5, 'protein': 0.8, 'fat': 0.2, 'quantity': 0.5, 'unit': 'cup, chopped or sliced'}, {'name': 'cucumber', 'calories': 7.8, 'carbs': 1.9, 'protein': 0.3, 'fat': 0.1, 'quantity': 0.5, 'unit': 'cup slices'}, {'name': 'boiled egg', 'calories': 68.2, 'carbs': 0.5, 'protein': 5.5, 'fat': 4.7, 'quantity': 1, 'unit': 'medium'}, {'name': 'ham', 'calories': 58.4, 'carbs': 0.4, 'protein': 9.3, 'fat': 2.1, 'quantity': 2, 'unit': 'thin slice'}, {'name': 'chicken breast', 'calories': 69.3, 'carbs': 0.0, 'protein': 13.0, 'fat': 1.5, 'quantity': 0.3, 'unit': 'cup'}, {'name': 'cheese', 'calories': 137.4, 'carbs': 1.1, 'protein': 7.8, 'fat': 11.3, 'quantity': 2, 'unit': 'cubic inch'}, {'name': 'green bell pepper', 'calories': 6.4, 'carbs': 1.5, 'protein': 0.2, 'fat': 0.0, 'quantity': 0.2, 'unit': 'pepper'}]""","""[\""lettuce\"", \""tomato\"", \""cucumber\"", \""boiled egg\"", \""ham\"", \""chicken breast\"", \""cheese\"", \""green bell pepper\""]""",8,368.5,9.8,37.2,20.0
fsb_00329,fsb_00329.jpg,Chef's Salad,"""[{'name': 'lettuce', 'calories': 4.8, 'carbs': 0.9, 'protein': 0.3, 'fat': 0.1, 'quantity': 1, 'unit': 'wt. oz'}, {'name': 'tomato', 'calories': 6.1, 'carbs': 1.3, 'protein': 0.3, 'fat': 0.1, 'quantity': 2, 'unit': 'cherry'}, {'name': 'cucumber', 'calories': 4.2, 'carbs': 1.0, 'protein': 0.2, 'fat': 0.0, 'quantity': 4, 'unit': 'slice'}, {'name': 'carrot', 'calories': 10.9, 'carbs': 2.6, 'protein': 0.2, 'fat': 0.1, 'quantity': 0.2, 'unit': 'cup'}, {'name': 'green bell pepper', 'calories': 1.9, 'carbs': 0.5, 'protein': 0.1, 'fat': 0.0, 'quantity': 0.6, 'unit': 'tablespoon, chopped'}, {'name': 'onion', 'calories': 3.9, 'carbs': 0.9, 'protein': 0.1, 'fat': 0.0, 'quantity': 2, 'unit': 'tsp'}, {'name': 'boiled egg', 'calories': 68.2, 'carbs': 0.5, 'protein': 5.5, 'fat': 4.7, 'quantity': 1, 'unit': 'medium'}, {'name': 'ham', 'calories': 20.2, 'carbs': 0.2, 'protein': 3.2, 'fat': 0.7, 'quantity': 0.1, 'unit': 'slice'}, {'name': 'chicken breast', 'calories': 23.4, 'carbs': 0.0, 'protein': 4.4, 'fat': 0.5, 'quantity': 0.5, 'unit': 'oz'}, {'name': 'cheese', 'calories': 57.3, 'carbs': 0.4, 'protein': 3.2, 'fat': 4.7, 'quantity': 0.5, 'unit': 'oz'}]""","""[\""lettuce\"", \""tomato\"", \""cucumber\"", \""carrot\"", \""green bell pepper\"", \""onion\"", \""boiled egg\"", \""ham\"", \""chicken breast\"", \""cheese\""]""",10,200.9,8.3,17.5,10.9
fsb_00330,fsb_00330.jpg,Cherry Cheesecake Cup,"""[{'name': 'cream cheese', 'calories': 406.0, 'carbs': 6.4, 'protein': 7.1, 'fat': 40.0, 'quantity': 0.5, 'unit': 'cup'}, {'name': 'graham cracker crust', 'calories': 91.7, 'carbs': 11.8, 'protein': 0.9, 'fat': 4.5, 'quantity': 0.1, 'unit': 'crust'}, {'name': 'cherry topping', 'calories': 68.4, 'carbs': 16.7, 'protein': 0.2, 'fat': 0.0, 'quantity': 0.1, 'unit': 'can (21 oz)'}, {'name': 'whipped cream', 'calories': 46.3, 'carbs': 2.2, 'protein': 0.6, 'fat': 4.0, 'quantity': 0.3, 'unit': 'cup'}]""","""[\""cream cheese\"", \""graham cracker crust\"", \""cherry topping\"", \""whipped cream\""]""",4,612.4,37.1,8.8,48.5
fsb_00331,fsb_00331.jpg,Chia Pudding with Granola and Strawberries,"""[{'name': 'chia seeds', 'calories': 116.6, 'carbs': 10.1, 'protein': 4.0, 'fat': 7.4, 'quantity': 2, 'unit': 'tbsp'}, {'name': 'almond milk', 'calories': 16.8, 'carbs': 2.4, 'protein': 0.3, 'fat': 0.7, 'quantity': 0.3, 'unit': 'cup'}, {'name': 'granola', 'calories': 89.5, 'carbs': 9.9, 'protein': 2.5, 'fat': 4.4, 'quantity': 0.15, 'unit': 'cup'}, {'name': 'strawberries', 'calories': 7.7, 'carbs': 1.8, 'protein': 0.2, 'fat': 0.1, 'quantity': 2, 'unit': 'medium (1-1/4\"" dia)'}]""","""[\""chia seeds\"", \""almond milk\"", \""granola\"", \""strawberries\""]""",4,230.6,24.2,7.0,12.6
fsb_00332,fsb_00332.jpg,Chia Pudding with Walnuts and Berries,"""[{'name': 'chia seeds', 'calories': 116.6, 'carbs': 10.1, 'protein': 4.0, 'fat': 7.4, 'quantity': 2, 'unit': 'tbsp'}, {'name': 'walnuts', 'calories': 157.0, 'carbs': 3.3, 'protein': 3.7, 'fat': 15.7, 'quantity': 0.2, 'unit': 'cup pieces or chips'}, {'name': 'oats', 'calories': 76.7, 'carbs': 13.7, 'protein': 2.7, 'fat': 1.3, 'quantity': 0.25, 'unit': 'cup'}, {'name': 'dried cranberries', 'calories': 30.8, 'carbs': 8.3, 'protein': 0.0, 'fat': 0.1, 'quantity': 1, 'unit': 'tbsp'}, {'name': 'milk', 'calories': 61.0, 'carbs': 5.9, 'protein': 4.0, 'fat': 2.4, 'quantity': 0.5, 'unit': 'cup'}]""","""[\""chia seeds\"", \""walnuts\"", \""oats\"", \""dried cranberries\"", \""milk\""]""",5,442.1,41.3,14.4,26.9
fsb_00333,fsb_00333.jpg,Chicken Alfredo Pasta,"""[{'name': 'fettuccine', 'calories': 211.5, 'carbs': 42.6, 'protein': 7.4, 'fat': 0.9, 'quantity': 1, 'unit': 'cup'}, {'name': 'chicken breast', 'calories': 138.6, 'carbs': 0.0, 'protein': 26.1, 'fat': 3.0, 'quantity': 0.7, 'unit': 'breast'}, {'name': 'alfredo sauce', 'calories': 161.2, 'carbs': 2.4, 'protein': 4.2, 'fat': 15.2, 'quantity': 0.15, 'unit': 'cup'}, {'name': 'bread', 'calories': 77.1, 'carbs': 14.3, 'protein': 2.6, 'fat': 1.0, 'quantity': 1, 'unit': 'slice'}]""","""[\""fettuccine\"", \""chicken breast\"", \""alfredo sauce\"", \""bread\""]""",4,588.4,59.3,40.3,20.1
fsb_00334,fsb_00334.jpg,Chicken Alfredo Pasta,"""[{'name': 'fettuccine', 'calories': 211.5, 'carbs': 42.6, 'protein': 7.4, 'fat': 0.9, 'quantity': 1, 'unit': 'cup'}, {'name': 'chicken breast', 'calories': 115.5, 'carbs': 0.0, 'protein': 21.7, 'fat': 2.5, 'quantity': 0.5, 'unit': 'cup'}, {'name': 'alfredo sauce', 'calories': 107.5, 'carbs': 1.6, 'protein': 2.8, 'fat': 10.2, 'quantity': 0.1, 'unit': 'cup'}, {'name': 'parmesan cheese', 'calories': 42.0, 'carbs': 1.4, 'protein': 2.8, 'fat': 2.8, 'quantity': 2, 'unit': 'tbsp'}]""","""[\""fettuccine\"", \""chicken breast\"", \""alfredo sauce\"", \""parmesan cheese\""]""",4,476.5,45.6,34.7,16.4
fsb_00335,fsb_00335.jpg,Chicken and Berry Salad,"""[{'name': 'mixed greens', 'calories': 10.0, 'carbs': 2.1, 'protein': 0.6, 'fat': 0.1, 'quantity': 1.5, 'unit': 'cups'}, {'name': 'chicken breast', 'calories': 115.5, 'carbs': 0.0, 'protein': 21.7, 'fat': 2.5, 'quantity': 0.5, 'unit': 'cup'}, {'name': 'strawberries', 'calories': 11.5, 'carbs': 2.8, 'protein': 0.2, 'fat': 0.1, 'quantity': 3, 'unit': 'medium (1-1/4\"" dia)'}, {'name': 'cheddar cheese', 'calories': 54.9, 'carbs': 0.4, 'protein': 3.1, 'fat': 4.5, 'quantity': 0.8, 'unit': 'cubic inch'}]""","""[\""mixed greens\"", \""chicken breast\"", \""strawberries\"", \""cheddar cheese\""]""",4,191.9,5.3,25.6,7.2
fsb_00336,fsb_00336.jpg,Cheesy Chicken And Broccoli Bake,"""[{'name': 'chicken breast', 'calories': 115.5, 'carbs': 0.0, 'protein': 21.7, 'fat': 2.5, 'quantity': 0.5, 'unit': 'cup'}, {'name': 'broccoli', 'calories': 27.3, 'carbs': 5.6, 'protein': 1.9, 'fat': 0.3, 'quantity': 0.5, 'unit': 'cup, chopped'}, {'name': 'tomato sauce', 'calories': 20.6, 'carbs': 4.6, 'protein': 1.0, 'fat': 0.3, 'quantity': 0.35, 'unit': 'cup'}, {'name': 'cheese sauce', 'calories': 54.8, 'carbs': 2.2, 'protein': 2.1, 'fat': 4.2, 'quantity': 2, 'unit': 'tbsp'}]""","""[\""chicken breast\"", \""broccoli\"", \""tomato sauce\"", \""cheese sauce\""]""",4,218.2,12.4,26.7,7.3
fsb_00337,fsb_00337.jpg,Chicken and Dumpling Soup,"""[{'name': 'chicken broth', 'calories': 14.9, 'carbs': 1.1, 'protein': 1.6, 'fat': 0.5, 'quantity': 1, 'unit': 'cup'}, {'name': 'chicken', 'calories': 59.4, 'carbs': 0.0, 'protein': 6.5, 'fat': 3.5, 'quantity': 0.2, 'unit': 'cup'}, {'name': 'dumplings', 'calories': 124.3, 'carbs': 21.0, 'protein': 3.4, 'fat': 2.9, 'quantity': 3, 'unit': 'small dumpling'}, {'name': 'carrots', 'calories': 10.9, 'carbs': 2.6, 'protein': 0.2, 'fat': 0.1, 'quantity': 0.2, 'unit': 'cup'}, {'name': 'potatoes', 'calories': 34.0, 'carbs': 7.7, 'protein': 0.9, 'fat': 0.0, 'quantity': 0.3, 'unit': 'cup'}]""","""[\""chicken broth\"", \""chicken\"", \""dumplings\"", \""carrots\"", \""potatoes\""]""",5,243.5,32.4,12.6,7.0
fsb_00338,fsb_00338.jpg,Chicken and Dumplings with Peas and Ham,"""[{'name': 'chicken', 'calories': 118.8, 'carbs': 0.0, 'protein': 12.9, 'fat': 7.1, 'quantity': 0.4, 'unit': 'cup'}, {'name': 'dumplings', 'calories': 165.7, 'carbs': 28.1, 'protein': 4.5, 'fat': 3.9, 'quantity': 4, 'unit': 'small dumpling'}, {'name': 'peas', 'calories': 26.9, 'carbs': 5.0, 'protein': 1.7, 'fat': 0.1, 'quantity': 0.2, 'unit': 'cup'}, {'name': 'ham', 'calories': 60.5, 'carbs': 0.5, 'protein': 9.6, 'fat': 2.2, 'quantity': 0.3, 'unit': 'slice'}, {'name': 'cream sauce', 'calories': 177.9, 'carbs': 10.3, 'protein': 4.1, 'fat': 13.5, 'quantity': 0.5, 'unit': 'cup'}]""","""[\""chicken\"", \""dumplings\"", \""peas\"", \""ham\"", \""cream sauce\""]""",5,549.8,43.9,32.8,26.8
fsb_00339,fsb_00339.jpg,Chicken and Green Beans,"""[{'name': 'chicken', 'calories': 187.0, 'carbs': 0.0, 'protein': 20.4, 'fat': 11.1, 'quantity': 3, 'unit': 'oz'}, {'name': 'green beans', 'calories': 43.8, 'carbs': 9.8, 'protein': 2.4, 'fat': 0.3, 'quantity': 1, 'unit': 'cup'}, {'name': 'sauce', 'calories': 57.8, 'carbs': 8.6, 'protein': 1.6, 'fat': 1.9, 'quantity': 7, 'unit': 'tbsp'}]""","""[\""chicken\"", \""green beans\"", \""sauce\""]""",3,288.6,18.4,24.4,13.3
fsb_00340,fsb_00340.jpg,Chicken and Ham Salad,"""[{'name': 'chicken breast', 'calories': 115.5, 'carbs': 0.0, 'protein': 21.7, 'fat': 2.5, 'quantity': 0.5, 'unit': 'cup'}, {'name': 'ham', 'calories': 60.5, 'carbs': 0.5, 'protein': 9.6, 'fat': 2.2, 'quantity': 0.3, 'unit': 'slice'}, {'name': 'boiled egg', 'calories': 68.2, 'carbs': 0.5, 'protein': 5.5, 'fat': 4.7, 'quantity': 1, 'unit': 'medium'}, {'name': 'cucumber', 'calories': 7.8, 'carbs': 1.9, 'protein': 0.3, 'fat': 0.1, 'quantity': 0.5, 'unit': 'cup slices'}, {'name': 'tomato', 'calories': 6.5, 'carbs': 1.4, 'protein': 0.3, 'fat': 0.1, 'quantity': 0.2, 'unit': 'cup, chopped or sliced'}, {'name': 'carrot', 'calories': 10.9, 'carbs': 2.6, 'protein': 0.2, 'fat': 0.1, 'quantity': 0.2, 'unit': 'cup'}, {'name': 'lettuce', 'calories': 4.8, 'carbs': 0.9, 'protein': 0.3, 'fat': 0.1, 'quantity': 0.6, 'unit': 'cups shredded'}]""","""[\""chicken breast\"", \""ham\"", \""boiled egg\"", \""cucumber\"", \""tomato\"", \""carrot\"", \""lettuce\""]""",7,274.2,7.8,37.9,9.8
fsb_00341,fsb_00341.jpg,Chicken and Lamb Over Fries with White Sauce,"""[{'name': 'chicken', 'calories': 178.2, 'carbs': 0.0, 'protein': 19.4, 'fat': 10.6, 'quantity': 0.6, 'unit': 'cup'}, {'name': 'lamb', 'calories': 213.4, 'carbs': 0.0, 'protein': 17.8, 'fat': 15.2, 'quantity': 0.3, 'unit': 'piece, cooked, excluding refuse (yield from 1 lb raw meat with refuse)'}, {'name': 'french fries', 'calories': 355.7, 'carbs': 47.2, 'protein': 3.9, 'fat': 16.8, 'quantity': 2, 'unit': 'cup'}, {'name': 'white sauce', 'calories': 155.7, 'carbs': 9.0, 'protein': 3.6, 'fat': 11.8, 'quantity': 7, 'unit': 'tbsp'}]""","""[\""chicken\"", \""lamb\"", \""french fries\"", \""white sauce\""]""",4,903.0,56.2,44.7,54.4
fsb_00342,fsb_00342.jpg,Chicken and Rice Bowl,"""[{'name': 'chicken', 'calories': 176.0, 'carbs': 0.0, 'protein': 19.2, 'fat': 10.5, 'quantity': 80, 'unit': 'g'}, {'name': 'brown rice', 'calories': 109.2, 'carbs': 22.9, 'protein': 2.3, 'fat': 0.8, 'quantity': 0.5, 'unit': 'cup'}, {'name': 'avocado', 'calories': 120.0, 'carbs': 6.4, 'protein': 1.5, 'fat': 11.0, 'quantity': 0.5, 'unit': 'cup, cubes'}, {'name': 'corn', 'calories': 28.6, 'carbs': 6.3, 'protein': 1.0, 'fat': 0.4, 'quantity': 0.2, 'unit': 'cup cut'}, {'name': 'egg', 'calories': 71.5, 'carbs': 0.4, 'protein': 6.3, 'fat': 4.8, 'quantity': 1, 'unit': 'large'}, {'name': 'broccoli', 'calories': 12.6, 'carbs': 2.6, 'protein': 0.9, 'fat': 0.1, 'quantity': 0.2, 'unit': 'stalk, medium (7-1/2\"" - 8\"" long)'}, {'name': 'olive oil', 'calories': 39.8, 'carbs': 0.0, 'protein': 0.0, 'fat': 4.5, 'quantity': 1, 'unit': 'tsp'}]""","""[\""chicken\"", \""brown rice\"", \""avocado\"", \""corn\"", \""egg\"", \""broccoli\"", \""olive oil\""]""",7,557.7,38.6,31.2,32.1
fsb_00343,fsb_00343.jpg,Chicken And Mushroom Stir-Fry,"""[{'name': 'chicken breast', 'calories': 140.3, 'carbs': 0.0, 'protein': 26.4, 'fat': 3.0, 'quantity': 3, 'unit': 'oz'}, {'name': 'mushrooms', 'calories': 4.4, 'carbs': 0.8, 'protein': 0.3, 'fat': 0.1, 'quantity': 0.1, 'unit': 'cup'}, {'name': 'olive oil', 'calories': 39.8, 'carbs': 0.0, 'protein': 0.0, 'fat': 4.5, 'quantity': 1, 'unit': 'tsp'}]""","""[\""chicken breast\"", \""mushrooms\"", \""olive oil\""]""",3,184.5,0.8,26.7,7.6
fsb_00344,fsb_00344.jpg,Chicken and Rice,"""[{'name': 'chicken', 'calories': 237.6, 'carbs': 0.1, 'protein': 25.9, 'fat': 14.1, 'quantity': 0.8, 'unit': 'cup'}, {'name': 'brown rice', 'calories': 218.4, 'carbs': 45.8, 'protein': 4.5, 'fat': 1.6, 'quantity': 1, 'unit': 'cup'}, {'name': 'gravy', 'calories': 27.4, 'carbs': 3.0, 'protein': 0.4, 'fat': 1.5, 'quantity': 0.25, 'unit': 'cup'}]""","""[\""chicken\"", \""brown rice\"", \""gravy\""]""",3,483.4,48.9,30.8,17.2
fsb_00345,fsb_00345.jpg,Chicken And Rice,"""[{'name': 'chicken', 'calories': 62.3, 'carbs': 0.0, 'protein': 6.8, 'fat': 3.7, 'quantity': 1, 'unit': 'oz'}, {'name': 'white rice', 'calories': 205.4, 'carbs': 44.5, 'protein': 4.3, 'fat': 0.4, 'quantity': 1, 'unit': 'cup'}, {'name': 'olive oil', 'calories': 119.3, 'carbs': 0.0, 'protein': 0.0, 'fat': 13.5, 'quantity': 1, 'unit': 'tablespoon'}]""","""[\""chicken\"", \""white rice\"", \""olive oil\""]""",3,387.0,44.5,11.1,17.6
fsb_00346,fsb_00346.jpg,Chicken Sweet Potato Bowl,"""[{'name': 'chicken', 'calories': 62.3, 'carbs': 0.0, 'protein': 6.8, 'fat': 3.7, 'quantity': 1, 'unit': 'oz'}, {'name': 'sweet potato', 'calories': 102.6, 'carbs': 23.6, 'protein': 2.3, 'fat': 0.2, 'quantity': 1, 'unit': 'medium (2\"" dia, 5\"" long, raw)'}, {'name': 'broccoli', 'calories': 14.7, 'carbs': 3.0, 'protein': 1.0, 'fat': 0.2, 'quantity': 0.3, 'unit': 'stalk, small (5\"" long)'}, {'name': 'pumpkin seeds', 'calories': 285.4, 'carbs': 34.4, 'protein': 11.9, 'fat': 12.4, 'quantity': 1, 'unit': 'cup'}, {'name': 'ginger dressing', 'calories': 88.7, 'carbs': 3.5, 'protein': 0.8, 'fat': 8.1, 'quantity': 1, 'unit': 'serving'}]""","""[\""chicken\"", \""sweet potato\"", \""broccoli\"", \""pumpkin seeds\"", \""ginger dressing\""]""",5,553.7,64.5,22.8,24.6
fsb_00347,fsb_00347.jpg,Chicken and Sausage Jambalaya,"""[{'name': 'chicken', 'calories': 148.5, 'carbs': 0.0, 'protein': 16.2, 'fat': 8.8, 'quantity': 0.5, 'unit': 'cup'}, {'name': 'sausage', 'calories': 105.1, 'carbs': 0.3, 'protein': 4.1, 'fat': 9.6, 'quantity': 0.5, 'unit': 'link (4\"" long x 1-1/8\"" dia)'}, {'name': 'rice', 'calories': 205.4, 'carbs': 44.5, 'protein': 4.3, 'fat': 0.4, 'quantity': 1, 'unit': 'cup'}, {'name': 'bell peppers', 'calories': 11.2, 'carbs': 2.7, 'protein': 0.4, 'fat': 0.1, 'quantity': 0.3, 'unit': 'cup, strips'}, {'name': 'onions', 'calories': 9.2, 'carbs': 2.1, 'protein': 0.3, 'fat': 0.0, 'quantity': 0.1, 'unit': 'cup'}, {'name': 'olive oil', 'calories': 119.3, 'carbs': 0.0, 'protein': 0.0, 'fat': 13.5, 'quantity': 1, 'unit': 'tablespoon'}]""","""[\""chicken\"", \""sausage\"", \""rice\"", \""bell peppers\"", \""onions\"", \""olive oil\""]""",6,598.7,49.6,25.3,32.4
fsb_00348,fsb_00348.jpg,Chicken and Shrimp with Vegetables and Fried Rice,"""[{'name': 'chicken', 'calories': 237.6, 'carbs': 0.1, 'protein': 25.9, 'fat': 14.1, 'quantity': 0.8, 'unit': 'cup'}, {'name': 'shrimp', 'calories': 47.6, 'carbs': 0.6, 'protein': 9.1, 'fat': 0.7, 'quantity': 4, 'unit': 'jumbo'}, {'name': 'mixed vegetables', 'calories': 40.8, 'carbs': 8.8, 'protein': 2.1, 'fat': 0.4, 'quantity': 0.9, 'unit': 'cup'}, {'name': 'fried rice', 'calories': 95.4, 'carbs': 18.0, 'protein': 2.2, 'fat': 1.6, 'quantity': 0.4, 'unit': 'cup'}, {'name': 'soy sauce', 'calories': 8.5, 'carbs': 0.8, 'protein': 1.3, 'fat': 0.1, 'quantity': 1, 'unit': 'tbsp'}]""","""[\""chicken\"", \""shrimp\"", \""mixed vegetables\"", \""fried rice\"", \""soy sauce\""]""",5,429.9,28.3,40.6,16.9
fsb_00349,fsb_00349.jpg,Chicken and Spinach Salad,"""[{'name': 'chicken breast', 'calories': 115.5, 'carbs': 0.0, 'protein': 21.7, 'fat': 2.5, 'quantity': 0.5, 'unit': 'cup'}, {'name': 'spinach', 'calories': 8.3, 'carbs': 1.4, 'protein': 1.1, 'fat': 0.1, 'quantity': 0.2, 'unit': 'cup'}, {'name': 'cherry tomatoes', 'calories': 12.2, 'carbs': 2.6, 'protein': 0.6, 'fat': 0.1, 'quantity': 4, 'unit': 'cherry'}, {'name': 'chickpeas', 'calories': 80.7, 'carbs': 13.5, 'protein': 4.4, 'fat': 1.3, 'quantity': 0.3, 'unit': 'cup'}, {'name': 'pumpkin seeds', 'calories': 53.5, 'carbs': 6.4, 'protein': 2.2, 'fat': 2.3, 'quantity': 3, 'unit': 'tbsp'}, {'name': 'quinoa', 'calories': 55.5, 'carbs': 9.9, 'protein': 2.0, 'fat': 0.9, 'quantity': 0.25, 'unit': 'cup'}, {'name': 'olive oil', 'calories': 39.8, 'carbs': 0.0, 'protein': 0.0, 'fat': 4.5, 'quantity': 1, 'unit': 'tsp'}]""","""[\""chicken breast\"", \""spinach\"", \""cherry tomatoes\"", \""chickpeas\"", \""pumpkin seeds\"", \""quinoa\"", \""olive oil\""]""",7,365.5,33.8,32.0,11.7
fsb_00350,fsb_00350.jpg,Chicken and Spinach Stew,"""[{'name': 'chicken', 'calories': 440.0, 'carbs': 0.1, 'protein': 47.9, 'fat': 26.1, 'quantity': 200, 'unit': 'g'}, {'name': 'spinach', 'calories': 8.3, 'carbs': 1.4, 'protein': 1.1, 'fat': 0.1, 'quantity': 0.2, 'unit': 'cup'}, {'name': 'tomato sauce', 'calories': 29.4, 'carbs': 6.5, 'protein': 1.5, 'fat': 0.4, 'quantity': 0.5, 'unit': 'cup'}, {'name': 'onion', 'calories': 18.5, 'carbs': 4.3, 'protein': 0.6, 'fat': 0.1, 'quantity': 0.2, 'unit': 'cup'}, {'name': 'olive oil', 'calories': 119.3, 'carbs': 0.0, 'protein': 0.0, 'fat': 13.5, 'quantity': 1, 'unit': 'tablespoon'}]""","""[\""chicken\"", \""spinach\"", \""tomato sauce\"", \""onion\"", \""olive oil\""]""",5,615.5,12.3,51.1,40.2
fsb_00351,fsb_00351.jpg,Chicken Sweet Potato Salad,"""[{'name': 'boneless skinless chicken breast', 'calories': 198.0, 'carbs': 0.0, 'protein': 37.2, 'fat': 4.3, 'quantity': 1, 'unit': 'breast'}, {'name': 'sweet potato', 'calories': 102.6, 'carbs': 23.6, 'protein': 2.3, 'fat': 0.2, 'quantity': 1, 'unit': 'medium (2\"" dia, 5\"" long, raw)'}, {'name': 'sunflower seeds', 'calories': 87.4, 'carbs': 2.4, 'protein': 3.1, 'fat': 8.0, 'quantity': 2, 'unit': 'tbsp'}, {'name': 'mayonnaise', 'calories': 93.8, 'carbs': 0.1, 'protein': 0.1, 'fat': 10.3, 'quantity': 1, 'unit': 'tbsp'}]""","""[\""boneless skinless chicken breast\"", \""sweet potato\"", \""sunflower seeds\"", \""mayonnaise\""]""",4,481.8,26.1,42.7,22.8
fsb_00352,fsb_00352.jpg,Chicken and Sweet Potato Stew,"""[{'name': 'chicken breast', 'calories': 165.0, 'carbs': 0.0, 'protein': 31.0, 'fat': 3.6, 'quantity': 100, 'unit': 'g'}, {'name': 'sweet potato', 'calories': 90.0, 'carbs': 20.7, 'protein': 2.0, 'fat': 0.1, 'quantity': 100, 'unit': 'g'}, {'name': 'spinach', 'calories': 6.9, 'carbs': 1.1, 'protein': 0.9, 'fat': 0.1, 'quantity': 30, 'unit': 'g'}, {'name': 'brown rice', 'calories': 56.0, 'carbs': 11.8, 'protein': 1.2, 'fat': 0.4, 'quantity': 50, 'unit': 'g'}, {'name': 'olive oil', 'calories': 119.3, 'carbs': 0.0, 'protein': 0.0, 'fat': 13.5, 'quantity': 1, 'unit': 'tbsp'}, {'name': 'onion', 'calories': 22.0, 'carbs': 5.1, 'protein': 0.7, 'fat': 0.1, 'quantity': 50, 'unit': 'g'}, {'name': 'garlic', 'calories': 8.0, 'carbs': 1.8, 'protein': 0.3, 'fat': 0.0, 'quantity': 1.7999999999999998, 'unit': 'cloves'}]""","""[\""chicken breast\"", \""sweet potato\"", \""spinach\"", \""brown rice\"", \""olive oil\"", \""onion\"", \""garlic\""]""",7,467.2,40.5,36.1,17.8
fsb_00353,fsb_00353.jpg,Chicken and Vegetable Bowl,"""[{'name': 'grilled chicken', 'calories': 170.5, 'carbs': 0.0, 'protein': 34.0, 'fat': 3.9, 'quantity': 0.6, 'unit': 'piece'}, {'name': 'fried plantains', 'calories': 79.8, 'carbs': 13.8, 'protein': 0.5, 'fat': 2.5, 'quantity': 0.2, 'unit': 'cup'}, {'name': 'pita bread', 'calories': 69.3, 'carbs': 14.0, 'protein': 2.3, 'fat': 0.3, 'quantity': 0.9, 'unit': 'pita, small  (4\"" dia)'}, {'name': 'cauliflower', 'calories': 7.1, 'carbs': 1.3, 'protein': 0.6, 'fat': 0.1, 'quantity': 0.25, 'unit': 'cup (1\"" pieces)'}, {'name': 'radishes', 'calories': 1.0, 'carbs': 0.2, 'protein': 0.0, 'fat': 0.0, 'quantity': 3, 'unit': 'small'}, {'name': 'red cabbage', 'calories': 4.4, 'carbs': 1.0, 'protein': 0.2, 'fat': 0.0, 'quantity': 0.1, 'unit': 'cup, shredded'}, {'name': 'feta cheese', 'calories': 26.9, 'carbs': 0.4, 'protein': 1.4, 'fat': 2.2, 'quantity': 0.6, 'unit': 'cubic inch'}, {'name': 'yogurt sauce', 'calories': 16.3, 'carbs': 0.8, 'protein': 0.4, 'fat': 1.3, 'quantity': 1.2, 'unit': 'tbsp'}]""","""[\""grilled chicken\"", \""fried plantains\"", \""pita bread\"", \""cauliflower\"", \""radishes\"", \""red cabbage\"", \""feta cheese\"", \""yogurt sauce\""]""",8,375.3,31.5,39.4,10.3
fsb_00354,fsb_00354.jpg,Chicken and Vegetable Rice Soup,"""[{'name': 'chicken', 'calories': 118.8, 'carbs': 0.0, 'protein': 12.9, 'fat': 7.1, 'quantity': 0.4, 'unit': 'cup'}, {'name': 'white rice', 'calories': 102.7, 'carbs': 22.3, 'protein': 2.1, 'fat': 0.2, 'quantity': 0.5, 'unit': 'cup'}, {'name': 'carrots', 'calories': 10.9, 'carbs': 2.6, 'protein': 0.2, 'fat': 0.1, 'quantity': 0.2, 'unit': 'cup'}, {'name': 'peas', 'calories': 26.9, 'carbs': 5.0, 'protein': 1.7, 'fat': 0.1, 'quantity': 0.2, 'unit': 'cup'}, {'name': 'broth', 'calories': 17.3, 'carbs': 1.7, 'protein': 1.2, 'fat': 0.6, 'quantity': 0.2, 'unit': 'cup'}]""","""[\""chicken\"", \""white rice\"", \""carrots\"", \""peas\"", \""broth\""]""",5,276.6,31.6,18.1,8.1
fsb_00355,fsb_00355.jpg,Chicken And Wild Rice Soup,"""[{'name': 'chicken', 'calories': 118.8, 'carbs': 0.0, 'protein': 12.9, 'fat': 7.1, 'quantity': 0.4, 'unit': 'cup'}, {'name': 'carrots', 'calories': 10.9, 'carbs': 2.6, 'protein': 0.2, 'fat': 0.1, 'quantity': 0.2, 'unit': 'cup'}, {'name': 'celery', 'calories': 5.8, 'carbs': 1.1, 'protein': 0.2, 'fat': 0.1, 'quantity': 0.3, 'unit': 'cup'}, {'name': 'cream', 'calories': 81.6, 'carbs': 0.7, 'protein': 0.7, 'fat': 8.7, 'quantity': 0.1, 'unit': 'cup'}, {'name': 'chicken broth', 'calories': 14.9, 'carbs': 1.1, 'protein': 1.6, 'fat': 0.5, 'quantity': 1, 'unit': 'cup'}, {'name': 'onion', 'calories': 18.5, 'carbs': 4.3, 'protein': 0.6, 'fat': 0.1, 'quantity': 0.2, 'unit': 'cup'}, {'name': 'wild rice', 'calories': 165.6, 'carbs': 35.0, 'protein': 6.5, 'fat': 0.6, 'quantity': 1, 'unit': 'cup'}]""","""[\""chicken\"", \""carrots\"", \""celery\"", \""cream\"", \""chicken broth\"", \""onion\"", \""wild rice\""]""",7,416.1,44.8,22.7,17.2
fsb_00356,fsb_00356.jpg,Chicken and Vegetable Stir-Fry with Rice,"""[{'name': 'chicken', 'calories': 118.8, 'carbs': 0.0, 'protein': 12.9, 'fat': 7.1, 'quantity': 0.4, 'unit': 'cup'}, {'name': 'bell peppers', 'calories': 15.8, 'carbs': 3.7, 'protein': 0.5, 'fat': 0.1, 'quantity': 0.5, 'unit': 'pepper'}, {'name': 'onions', 'calories': 9.2, 'carbs': 2.1, 'protein': 0.3, 'fat': 0.0, 'quantity': 0.1, 'unit': 'cup'}, {'name': 'white rice', 'calories': 82.2, 'carbs': 17.8, 'protein': 1.7, 'fat': 0.2, 'quantity': 0.4, 'unit': 'cup'}, {'name': 'olive oil', 'calories': 119.3, 'carbs': 0.0, 'protein': 0.0, 'fat': 13.5, 'quantity': 1, 'unit': 'tablespoon'}]""","""[\""chicken\"", \""bell peppers\"", \""onions\"", \""white rice\"", \""olive oil\""]""",5,345.3,23.6,15.4,20.9
fsb_00357,fsb_00357.jpg,Chicken Stir-Fry,"""[{'name': 'chicken breast', 'calories': 115.5, 'carbs': 0.0, 'protein': 21.7, 'fat': 2.5, 'quantity': 0.5, 'unit': 'cup'}, {'name': 'carrots', 'calories': 10.9, 'carbs': 2.6, 'protein': 0.2, 'fat': 0.1, 'quantity': 0.2, 'unit': 'cup'}, {'name': 'broccoli', 'calories': 12.6, 'carbs': 2.6, 'protein': 0.9, 'fat': 0.1, 'quantity': 0.2, 'unit': 'stalk, medium (7-1/2\"" - 8\"" long)'}, {'name': 'green onions', 'calories': 6.4, 'carbs': 1.5, 'protein': 0.4, 'fat': 0.0, 'quantity': 0.2, 'unit': 'cup, chopped'}, {'name': 'cabbage', 'calories': 5.2, 'carbs': 1.2, 'protein': 0.3, 'fat': 0.0, 'quantity': 0.15, 'unit': 'cup, shredded'}]""","""[\""chicken breast\"", \""carrots\"", \""broccoli\"", \""green onions\"", \""cabbage\""]""",5,150.6,7.9,23.5,2.7
fsb_00358,fsb_00358.jpg,Chicken Avocado Salad,"""[{'name': 'chicken breast', 'calories': 115.5, 'carbs': 0.0, 'protein': 21.7, 'fat': 2.5, 'quantity': 0.5, 'unit': 'cup'}, {'name': 'avocado', 'calories': 120.0, 'carbs': 6.4, 'protein': 1.5, 'fat': 11.0, 'quantity': 0.5, 'unit': 'cup, cubes'}, {'name': 'romaine lettuce', 'calories': 8.0, 'carbs': 1.5, 'protein': 0.6, 'fat': 0.1, 'quantity': 1, 'unit': 'cups shredded'}, {'name': 'tomato', 'calories': 16.2, 'carbs': 3.5, 'protein': 0.8, 'fat': 0.2, 'quantity': 0.5, 'unit': 'cup, chopped or sliced'}, {'name': 'salad dressing', 'calories': 116.1, 'carbs': 1.6, 'protein': 0.4, 'fat': 12.0, 'quantity': 1.8, 'unit': 'tablespoons'}]""","""[\""chicken breast\"", \""avocado\"", \""romaine lettuce\"", \""tomato\"", \""salad dressing\""]""",5,375.8,13.0,25.0,25.8
fsb_00359,fsb_00359.jpg,Chicken Burrito with Sides,"""[{'name': 'whole wheat tortilla', 'calories': 127.1, 'carbs': 18.8, 'protein': 4.0, 'fat': 4.0, 'quantity': 1, 'unit': 'tortilla 1 serving'}, {'name': 'chicken', 'calories': 118.8, 'carbs': 0.0, 'protein': 12.9, 'fat': 7.1, 'quantity': 0.4, 'unit': 'cup'}, {'name': 'cheese', 'calories': 91.3, 'carbs': 0.7, 'protein': 5.2, 'fat': 7.5, 'quantity': 0.2, 'unit': 'cup, shredded'}, {'name': 'bell peppers', 'calories': 11.2, 'carbs': 2.7, 'protein': 0.4, 'fat': 0.1, 'quantity': 0.3, 'unit': 'cup, strips'}, {'name': 'onion', 'calories': 9.2, 'carbs': 2.1, 'protein': 0.3, 'fat': 0.0, 'quantity': 0.1, 'unit': 'cup'}, {'name': 'salsa', 'calories': 10.4, 'carbs': 2.4, 'protein': 0.5, 'fat': 0.1, 'quantity': 2, 'unit': 'tbsp'}, {'name': 'guacamole', 'calories': 45.3, 'carbs': 2.6, 'protein': 0.5, 'fat': 4.1, 'quantity': 2, 'unit': 'tbsp'}, {'name': 'barbecue sauce', 'calories': 58.5, 'carbs': 13.9, 'protein': 0.3, 'fat': 0.2, 'quantity': 2, 'unit': 'tbsp'}]""","""[\""whole wheat tortilla\"", \""chicken\"", \""cheese\"", \""bell peppers\"", \""onion\"", \""salsa\"", \""guacamole\"", \""barbecue sauce\""]""",8,471.8,43.2,24.1,23.1
fsb_00360,fsb_00360.jpg,Caesar Salad With Grilled Chicken,"""[{'name': 'romaine lettuce', 'calories': 8.0, 'carbs': 1.5, 'protein': 0.6, 'fat': 0.1, 'quantity': 1, 'unit': 'cups shredded'}, {'name': 'grilled chicken', 'calories': 113.7, 'carbs': 0.0, 'protein': 22.7, 'fat': 2.6, 'quantity': 0.4, 'unit': 'piece'}, {'name': 'caesar dressing', 'calories': 159.3, 'carbs': 1.0, 'protein': 0.6, 'fat': 17.0, 'quantity': 2, 'unit': 'tbsp'}, {'name': 'parmesan cheese', 'calories': 42.0, 'carbs': 1.4, 'protein': 2.8, 'fat': 2.8, 'quantity': 2, 'unit': 'tbsp'}, {'name': 'croutons', 'calories': 37.2, 'carbs': 5.1, 'protein': 0.9, 'fat': 1.5, 'quantity': 0.2, 'unit': 'cup'}]""","""[\""romaine lettuce\"", \""grilled chicken\"", \""caesar dressing\"", \""parmesan cheese\"", \""croutons\""]""",5,360.2,9.0,27.6,24.0
fsb_00361,fsb_00361.jpg,Caesar Salad With Grilled Chicken,"""[{'name': 'romaine lettuce', 'calories': 8.0, 'carbs': 1.5, 'protein': 0.6, 'fat': 0.1, 'quantity': 1, 'unit': 'cups shredded'}, {'name': 'grilled chicken', 'calories': 113.7, 'carbs': 0.0, 'protein': 22.7, 'fat': 2.6, 'quantity': 0.4, 'unit': 'piece'}, {'name': 'caesar dressing', 'calories': 159.3, 'carbs': 1.0, 'protein': 0.6, 'fat': 17.0, 'quantity': 2, 'unit': 'tbsp'}, {'name': 'parmesan cheese', 'calories': 42.0, 'carbs': 1.4, 'protein': 2.8, 'fat': 2.8, 'quantity': 2, 'unit': 'tbsp'}]""","""[\""romaine lettuce\"", \""grilled chicken\"", \""caesar dressing\"", \""parmesan cheese\""]""",4,323.0,3.9,26.7,22.5
fsb_00362,fsb_00362.jpg,Caesar Salad With Grilled Chicken,"""[{'name': 'romaine lettuce', 'calories': 8.0, 'carbs': 1.5, 'protein': 0.6, 'fat': 0.1, 'quantity': 1, 'unit': 'cups shredded'}, {'name': 'grilled chicken', 'calories': 113.7, 'carbs': 0.0, 'protein': 22.7, 'fat': 2.6, 'quantity': 0.4, 'unit': 'piece'}, {'name': 'caesar dressing', 'calories': 159.3, 'carbs': 1.0, 'protein': 0.6, 'fat': 17.0, 'quantity': 2, 'unit': 'tbsp'}, {'name': 'croutons', 'calories': 55.8, 'carbs': 7.6, 'protein': 1.3, 'fat': 2.2, 'quantity': 0.3, 'unit': 'cup'}, {'name': 'parmesan cheese', 'calories': 42.0, 'carbs': 1.4, 'protein': 2.8, 'fat': 2.8, 'quantity': 2, 'unit': 'tbsp'}]""","""[\""romaine lettuce\"", \""grilled chicken\"", \""caesar dressing\"", \""croutons\"", \""parmesan cheese\""]""",5,378.8,11.5,28.0,24.7
fsb_00363,fsb_00363.jpg,Chicken Caesar Wrap,"""[{'name': 'flour tortilla', 'calories': 143.3, 'carbs': 24.5, 'protein': 3.8, 'fat': 3.1, 'quantity': 0.9, 'unit': 'tortilla (approx 7-8\"" dia)'}, {'name': 'grilled chicken', 'calories': 85.2, 'carbs': 0.0, 'protein': 17.0, 'fat': 2.0, 'quantity': 0.3, 'unit': 'piece'}, {'name': 'romaine lettuce', 'calories': 1.6, 'carbs': 0.3, 'protein': 0.1, 'fat': 0.0, 'quantity': 0.2, 'unit': 'cups shredded'}, {'name': 'caesar dressing', 'calories': 79.7, 'carbs': 0.5, 'protein': 0.3, 'fat': 8.5, 'quantity': 1, 'unit': 'tbsp'}, {'name': 'parmesan cheese', 'calories': 21.0, 'carbs': 0.7, 'protein': 1.4, 'fat': 1.4, 'quantity': 1, 'unit': 'tbsp'}, {'name': 'croutons', 'calories': 37.2, 'carbs': 5.1, 'protein': 0.9, 'fat': 1.5, 'quantity': 0.2, 'unit': 'cup'}]""","""[\""flour tortilla\"", \""grilled chicken\"", \""romaine lettuce\"", \""caesar dressing\"", \""parmesan cheese\"", \""croutons\""]""",6,368.0,31.1,23.5,16.5
fsb_00364,fsb_00364.jpg,Chicken Curry with Mixed Vegetables,"""[{'name': 'chicken curry', 'calories': 243.3, 'carbs': 7.5, 'protein': 28.2, 'fat': 10.9, 'quantity': 1, 'unit': 'cup'}, {'name': 'carrots', 'calories': 27.2, 'carbs': 6.4, 'protein': 0.6, 'fat': 0.1, 'quantity': 0.5, 'unit': 'cup'}, {'name': 'broccoli', 'calories': 14.7, 'carbs': 3.0, 'protein': 1.0, 'fat': 0.2, 'quantity': 0.3, 'unit': 'stalk, small (5\"" long)'}, {'name': 'radishes', 'calories': 9.3, 'carbs': 2.0, 'protein': 0.4, 'fat': 0.1, 'quantity': 0.5, 'unit': 'cup slices'}, {'name': 'green beans', 'calories': 21.9, 'carbs': 4.9, 'protein': 1.2, 'fat': 0.2, 'quantity': 0.5, 'unit': 'cup'}]""","""[\""chicken curry\"", \""carrots\"", \""broccoli\"", \""radishes\"", \""green beans\""]""",5,316.4,23.8,31.4,11.5
fsb_00365,fsb_00365.jpg,Chicken Curry Noodles,"""[{'name': 'chicken drumstick', 'calories': 167.4, 'carbs': 0.0, 'protein': 21.9, 'fat': 8.2, 'quantity': 1, 'unit': 'drumstick with skin'}, {'name': 'curry sauce', 'calories': 248.9, 'carbs': 18.8, 'protein': 3.1, 'fat': 19.4, 'quantity': 1, 'unit': 'cup'}, {'name': 'rice noodles', 'calories': 95.0, 'carbs': 21.1, 'protein': 1.6, 'fat': 0.2, 'quantity': 0.5, 'unit': 'cup'}, {'name': 'vegetables', 'calories': 23.7, 'carbs': 4.8, 'protein': 1.0, 'fat': 0.1, 'quantity': 0.2, 'unit': 'cup'}]""","""[\""chicken drumstick\"", \""curry sauce\"", \""rice noodles\"", \""vegetables\""]""",4,535.0,44.7,27.6,27.9
fsb_00366,fsb_00366.jpg,Chicken Curry with Rice and Vegetables,"""[{'name': 'chicken curry', 'calories': 243.3, 'carbs': 7.5, 'protein': 28.2, 'fat': 10.9, 'quantity': 1, 'unit': 'cup'}, {'name': 'white rice', 'calories': 82.2, 'carbs': 17.8, 'protein': 1.7, 'fat': 0.2, 'quantity': 0.4, 'unit': 'cup'}, {'name': 'cabbage', 'calories': 10.3, 'carbs': 2.5, 'protein': 0.6, 'fat': 0.0, 'quantity': 0.3, 'unit': 'cup, shredded'}, {'name': 'cucumber', 'calories': 3.9, 'carbs': 0.9, 'protein': 0.2, 'fat': 0.0, 'quantity': 0.25, 'unit': 'cup slices'}]""","""[\""chicken curry\"", \""white rice\"", \""cabbage\"", \""cucumber\""]""",4,339.7,28.7,30.7,11.1
fsb_00367,fsb_00367.jpg,Chicken Curry with Vegetables,"""[{'name': 'chicken', 'calories': 237.6, 'carbs': 0.1, 'protein': 25.9, 'fat': 14.1, 'quantity': 0.8, 'unit': 'cup'}, {'name': 'cabbage', 'calories': 10.3, 'carbs': 2.5, 'protein': 0.6, 'fat': 0.0, 'quantity': 0.3, 'unit': 'cup, shredded'}, {'name': 'potato', 'calories': 111.6, 'carbs': 25.4, 'protein': 3.0, 'fat': 0.2, 'quantity': 2, 'unit': 'new potato'}, {'name': 'coconut milk', 'calories': 133.6, 'carbs': 1.9, 'protein': 1.4, 'fat': 14.5, 'quantity': 0.3, 'unit': 'cup'}, {'name': 'green beans', 'calories': 8.8, 'carbs': 2.0, 'protein': 0.5, 'fat': 0.1, 'quantity': 0.2, 'unit': 'cup'}, {'name': 'cucumber', 'calories': 3.9, 'carbs': 0.9, 'protein': 0.2, 'fat': 0.0, 'quantity': 0.25, 'unit': 'cup slices'}]""","""[\""chicken\"", \""cabbage\"", \""potato\"", \""coconut milk\"", \""green beans\"", \""cucumber\""]""",6,505.8,32.8,31.6,28.9
fsb_00368,fsb_00368.jpg,Chicken Dinner with Cottage Cheese and Olives,"""[{'name': 'chicken thigh', 'calories': 239.7, 'carbs': 0.1, 'protein': 26.3, 'fat': 15.5, 'quantity': 1, 'unit': 'thigh without skin'}, {'name': 'chicken drumstick', 'calories': 150.7, 'carbs': 0.0, 'protein': 19.7, 'fat': 7.4, 'quantity': 0.9, 'unit': 'drumstick with skin'}, {'name': 'cottage cheese', 'calories': 106.6, 'carbs': 3.7, 'protein': 12.1, 'fat': 4.7, 'quantity': 0.5, 'unit': 'cup'}, {'name': 'black olives', 'calories': 30.4, 'carbs': 1.7, 'protein': 0.2, 'fat': 2.8, 'quantity': 6, 'unit': 'large'}, {'name': 'toast', 'calories': 31.9, 'carbs': 6.0, 'protein': 1.0, 'fat': 0.4, 'quantity': 0.5, 'unit': 'slice'}, {'name': 'diet coke', 'calories': 0.0, 'carbs': 0.4, 'protein': 0.0, 'fat': 0.0, 'quantity': 1, 'unit': 'can (12 fl oz)'}]""","""[\""chicken thigh\"", \""chicken drumstick\"", \""cottage cheese\"", \""black olives\"", \""toast\"", \""diet coke\""]""",6,559.3,11.9,59.3,30.8
fsb_00369,fsb_00369.jpg,Chicken Enchilada with Black Beans and Corn,"""[{'name': 'chicken breast', 'calories': 115.5, 'carbs': 0.0, 'protein': 21.7, 'fat': 2.5, 'quantity': 0.5, 'unit': 'cup'}, {'name': 'black beans', 'calories': 68.1, 'carbs': 12.2, 'protein': 4.6, 'fat': 0.3, 'quantity': 0.3, 'unit': 'cup'}, {'name': 'corn', 'calories': 34.0, 'carbs': 7.4, 'protein': 1.2, 'fat': 0.5, 'quantity': 0.3, 'unit': 'ear large (7-3/4\"" to 9\"" long)'}, {'name': 'enchilada sauce', 'calories': 16.8, 'carbs': 2.7, 'protein': 0.3, 'fat': 0.5, 'quantity': 0.25, 'unit': 'cup'}, {'name': 'cheese', 'calories': 91.3, 'carbs': 0.7, 'protein': 5.2, 'fat': 7.5, 'quantity': 0.2, 'unit': 'cup, shredded'}]""","""[\""chicken breast\"", \""black beans\"", \""corn\"", \""enchilada sauce\"", \""cheese\""]""",5,325.7,23.0,33.0,11.3
fsb_00370,fsb_00370.jpg,Chicken Enchiladas with Rice and Beans,"""[{'name': 'chicken enchilada', 'calories': 268.4, 'carbs': 30.3, 'protein': 13.7, 'fat': 9.9, 'quantity': 1, 'unit': 'enchilada'}, {'name': 'cheese', 'calories': 91.3, 'carbs': 0.7, 'protein': 5.2, 'fat': 7.5, 'quantity': 0.2, 'unit': 'cup, shredded'}, {'name': 'sour cream', 'calories': 71.3, 'carbs': 1.7, 'protein': 0.9, 'fat': 7.0, 'quantity': 3, 'unit': 'tbsp'}, {'name': 'mexican rice', 'calories': 99.1, 'carbs': 12.9, 'protein': 2.1, 'fat': 4.3, 'quantity': 0.4, 'unit': 'cup'}, {'name': 'refried beans', 'calories': 128.5, 'carbs': 19.3, 'protein': 7.1, 'fat': 2.9, 'quantity': 0.6, 'unit': 'cup'}]""","""[\""chicken enchilada\"", \""cheese\"", \""sour cream\"", \""mexican rice\"", \""refried beans\""]""",5,658.6,64.9,29.0,31.6
fsb_00371,fsb_00371.jpg,Chicken Fajita Bowl,"""[{'name': 'chicken breast', 'calories': 115.5, 'carbs': 0.0, 'protein': 21.7, 'fat': 2.5, 'quantity': 0.5, 'unit': 'cup'}, {'name': 'bell peppers', 'calories': 11.2, 'carbs': 2.7, 'protein': 0.4, 'fat': 0.1, 'quantity': 0.3, 'unit': 'cup, strips'}, {'name': 'onions', 'calories': 9.2, 'carbs': 2.1, 'protein': 0.3, 'fat': 0.0, 'quantity': 0.1, 'unit': 'cup'}, {'name': 'cheese', 'calories': 91.3, 'carbs': 0.7, 'protein': 5.2, 'fat': 7.5, 'quantity': 0.2, 'unit': 'cup, shredded'}, {'name': 'mexican rice', 'calories': 99.1, 'carbs': 12.9, 'protein': 2.1, 'fat': 4.3, 'quantity': 0.4, 'unit': 'cup'}]""","""[\""chicken breast\"", \""bell peppers\"", \""onions\"", \""cheese\"", \""mexican rice\""]""",5,326.3,18.4,29.7,14.4
fsb_00372,fsb_00372.jpg,Chicken Fajitas,"""[{'name': 'chicken', 'calories': 118.8, 'carbs': 0.0, 'protein': 12.9, 'fat': 7.1, 'quantity': 0.4, 'unit': 'cup'}, {'name': 'bell peppers', 'calories': 15.8, 'carbs': 3.7, 'protein': 0.5, 'fat': 0.1, 'quantity': 0.5, 'unit': 'pepper'}, {'name': 'onions', 'calories': 18.5, 'carbs': 4.3, 'protein': 0.6, 'fat': 0.1, 'quantity': 0.2, 'unit': 'cup'}, {'name': 'olive oil', 'calories': 119.3, 'carbs': 0.0, 'protein': 0.0, 'fat': 13.5, 'quantity': 1, 'unit': 'tbsp'}]""","""[\""chicken\"", \""bell peppers\"", \""onions\"", \""olive oil\""]""",4,272.4,8.0,14.0,20.8
fsb_00373,fsb_00373.jpg,Chicken Fried Rice,"""[{'name': 'chicken', 'calories': 118.8, 'carbs': 0.0, 'protein': 12.9, 'fat': 7.1, 'quantity': 0.4, 'unit': 'cup'}, {'name': 'white rice', 'calories': 102.7, 'carbs': 22.3, 'protein': 2.1, 'fat': 0.2, 'quantity': 0.5, 'unit': 'cup'}, {'name': 'egg', 'calories': 71.5, 'carbs': 0.4, 'protein': 6.3, 'fat': 4.8, 'quantity': 1, 'unit': 'large'}, {'name': 'peas', 'calories': 26.9, 'carbs': 5.0, 'protein': 1.7, 'fat': 0.1, 'quantity': 0.2, 'unit': 'cup'}, {'name': 'carrots', 'calories': 10.9, 'carbs': 2.6, 'protein': 0.2, 'fat': 0.1, 'quantity': 0.2, 'unit': 'cup'}, {'name': 'soy sauce', 'calories': 8.5, 'carbs': 0.8, 'protein': 1.3, 'fat': 0.1, 'quantity': 1, 'unit': 'tbsp'}]""","""[\""chicken\"", \""white rice\"", \""egg\"", \""peas\"", \""carrots\"", \""soy sauce\""]""",6,339.3,31.1,24.5,12.4
fsb_00374,fsb_00374.jpg,Chicken And Vegetable Stir-Fry,"""[{'name': 'chicken', 'calories': 118.8, 'carbs': 0.0, 'protein': 12.9, 'fat': 7.1, 'quantity': 0.4, 'unit': 'cup'}, {'name': 'carrots', 'calories': 10.9, 'carbs': 2.6, 'protein': 0.2, 'fat': 0.1, 'quantity': 0.2, 'unit': 'cup'}, {'name': 'peas', 'calories': 26.9, 'carbs': 5.0, 'protein': 1.7, 'fat': 0.1, 'quantity': 0.2, 'unit': 'cup'}, {'name': 'corn', 'calories': 28.6, 'carbs': 6.3, 'protein': 1.0, 'fat': 0.4, 'quantity': 0.2, 'unit': 'cup cut'}]""","""[\""chicken\"", \""carrots\"", \""peas\"", \""corn\""]""",4,185.2,13.9,15.8,7.7
fsb_00375,fsb_00375.jpg,Chicken Fried Rice,"""[{'name': 'chicken', 'calories': 118.8, 'carbs': 0.0, 'protein': 12.9, 'fat': 7.1, 'quantity': 0.4, 'unit': 'cup'}, {'name': 'white rice', 'calories': 102.7, 'carbs': 22.3, 'protein': 2.1, 'fat': 0.2, 'quantity': 0.5, 'unit': 'cup'}, {'name': 'egg', 'calories': 71.5, 'carbs': 0.4, 'protein': 6.3, 'fat': 4.8, 'quantity': 1, 'unit': 'large'}, {'name': 'mixed vegetables', 'calories': 18.1, 'carbs': 3.9, 'protein': 1.0, 'fat': 0.2, 'quantity': 0.4, 'unit': 'cup'}, {'name': 'soy sauce', 'calories': 8.5, 'carbs': 0.8, 'protein': 1.3, 'fat': 0.1, 'quantity': 1, 'unit': 'tbsp'}, {'name': 'vegetable oil', 'calories': 120.2, 'carbs': 0.0, 'protein': 0.0, 'fat': 13.6, 'quantity': 1, 'unit': 'tbsp'}]""","""[\""chicken\"", \""white rice\"", \""egg\"", \""mixed vegetables\"", \""soy sauce\"", \""vegetable oil\""]""",6,439.8,27.4,23.6,26.0
fsb_00376,fsb_00376.jpg,Chicken And Vegetable Stir-Fry,"""[{'name': 'chicken', 'calories': 118.8, 'carbs': 0.0, 'protein': 12.9, 'fat': 7.1, 'quantity': 0.4, 'unit': 'cup'}, {'name': 'carrots', 'calories': 10.9, 'carbs': 2.6, 'protein': 0.2, 'fat': 0.1, 'quantity': 0.2, 'unit': 'cup'}, {'name': 'peas', 'calories': 26.9, 'carbs': 5.0, 'protein': 1.7, 'fat': 0.1, 'quantity': 0.2, 'unit': 'cup'}, {'name': 'corn', 'calories': 28.6, 'carbs': 6.3, 'protein': 1.0, 'fat': 0.4, 'quantity': 0.2, 'unit': 'cup cut'}]""","""[\""chicken\"", \""carrots\"", \""peas\"", \""corn\""]""",4,185.2,13.9,15.8,7.7
fsb_00377,fsb_00377.jpg,Chicken Fried Rice,"""[{'name': 'chicken', 'calories': 118.8, 'carbs': 0.0, 'protein': 12.9, 'fat': 7.1, 'quantity': 0.4, 'unit': 'cup'}, {'name': 'white rice', 'calories': 205.4, 'carbs': 44.5, 'protein': 4.3, 'fat': 0.4, 'quantity': 1, 'unit': 'cup'}, {'name': 'peas', 'calories': 26.9, 'carbs': 5.0, 'protein': 1.7, 'fat': 0.1, 'quantity': 0.2, 'unit': 'cup'}, {'name': 'carrots', 'calories': 10.9, 'carbs': 2.6, 'protein': 0.2, 'fat': 0.1, 'quantity': 0.2, 'unit': 'cup'}, {'name': 'egg', 'calories': 71.5, 'carbs': 0.4, 'protein': 6.3, 'fat': 4.8, 'quantity': 1, 'unit': 'large'}, {'name': 'soy sauce', 'calories': 8.5, 'carbs': 0.8, 'protein': 1.3, 'fat': 0.1, 'quantity': 1, 'unit': 'tbsp'}, {'name': 'vegetable oil', 'calories': 120.2, 'carbs': 0.0, 'protein': 0.0, 'fat': 13.6, 'quantity': 1, 'unit': 'tbsp'}]""","""[\""chicken\"", \""white rice\"", \""peas\"", \""carrots\"", \""egg\"", \""soy sauce\"", \""vegetable oil\""]""",7,562.2,53.3,26.7,26.2
fsb_00378,fsb_00378.jpg,Chicken Fried Rice,"""[{'name': 'chicken', 'calories': 148.5, 'carbs': 0.0, 'protein': 16.2, 'fat': 8.8, 'quantity': 0.5, 'unit': 'cup'}, {'name': 'carrots', 'calories': 10.9, 'carbs': 2.6, 'protein': 0.2, 'fat': 0.1, 'quantity': 0.2, 'unit': 'cup'}, {'name': 'peas', 'calories': 26.9, 'carbs': 5.0, 'protein': 1.7, 'fat': 0.1, 'quantity': 0.2, 'unit': 'cup'}, {'name': 'corn', 'calories': 28.6, 'carbs': 6.3, 'protein': 1.0, 'fat': 0.4, 'quantity': 0.2, 'unit': 'cup cut'}, {'name': 'vegetable oil', 'calories': 120.2, 'carbs': 0.0, 'protein': 0.0, 'fat': 13.6, 'quantity': 1, 'unit': 'tbsp'}]""","""[\""chicken\"", \""carrots\"", \""peas\"", \""corn\"", \""vegetable oil\""]""",5,335.1,13.9,19.1,23.0
fsb_00379,fsb_00379.jpg,Chicken Fried Steak Dinner,"""[{'name': 'chicken fried steak', 'calories': 612.0, 'carbs': 36.6, 'protein': 41.6, 'fat': 32.1, 'quantity': 1, 'unit': 'steak'}, {'name': 'gravy', 'calories': 47.9, 'carbs': 5.3, 'protein': 0.7, 'fat': 2.6, 'quantity': 7, 'unit': 'tbsp'}, {'name': 'green bean casserole', 'calories': 152.7, 'carbs': 17.7, 'protein': 3.3, 'fat': 8.1, 'quantity': 0.8, 'unit': 'cup'}, {'name': 'mixed vegetables', 'calories': 45.3, 'carbs': 9.7, 'protein': 2.4, 'fat': 0.5, 'quantity': 1, 'unit': 'cup'}]""","""[\""chicken fried steak\"", \""gravy\"", \""green bean casserole\"", \""mixed vegetables\""]""",4,857.9,69.3,48.0,43.3
fsb_00380,fsb_00380.jpg,Chicken Katsu Curry with Rice,"""[{'name': 'chicken katsu', 'calories': 299.1, 'carbs': 20.3, 'protein': 29.2, 'fat': 10.3, 'quantity': 0.9, 'unit': 'piece'}, {'name': 'curry sauce', 'calories': 124.4, 'carbs': 9.4, 'protein': 1.5, 'fat': 9.7, 'quantity': 0.5, 'unit': 'cup'}, {'name': 'white rice', 'calories': 205.4, 'carbs': 44.5, 'protein': 4.3, 'fat': 0.4, 'quantity': 1, 'unit': 'cup'}, {'name': 'cabbage', 'calories': 5.2, 'carbs': 1.2, 'protein': 0.3, 'fat': 0.0, 'quantity': 0.15, 'unit': 'cup, shredded'}, {'name': 'radish', 'calories': 9.1, 'carbs': 1.9, 'protein': 0.4, 'fat': 0.1, 'quantity': 2, 'unit': 'wt. oz'}]""","""[\""chicken katsu\"", \""curry sauce\"", \""white rice\"", \""cabbage\"", \""radish\""]""",5,643.2,77.3,35.7,20.5
fsb_00381,fsb_00381.jpg,Chicken Katsu with Pineapple and Rice,"""[{'name': 'chicken katsu', 'calories': 299.1, 'carbs': 20.3, 'protein': 29.2, 'fat': 10.3, 'quantity': 0.9, 'unit': 'serving'}, {'name': 'pineapple', 'calories': 41.2, 'carbs': 10.8, 'protein': 0.4, 'fat': 0.1, 'quantity': 0.5, 'unit': 'cup, chunks'}, {'name': 'white rice', 'calories': 82.2, 'carbs': 17.8, 'protein': 1.7, 'fat': 0.2, 'quantity': 0.4, 'unit': 'cup'}]""","""[\""chicken katsu\"", \""pineapple\"", \""white rice\""]""",3,422.5,48.9,31.3,10.6
fsb_00382,fsb_00382.jpg,Chicken Lentil Salad,"""[{'name': 'chicken', 'calories': 118.8, 'carbs': 0.0, 'protein': 12.9, 'fat': 7.1, 'quantity': 0.4, 'unit': 'cup'}, {'name': 'lentils', 'calories': 114.8, 'carbs': 19.9, 'protein': 8.9, 'fat': 0.4, 'quantity': 0.5, 'unit': 'cup'}, {'name': 'lettuce', 'calories': 4.8, 'carbs': 0.9, 'protein': 0.3, 'fat': 0.1, 'quantity': 1, 'unit': 'wt. oz'}, {'name': 'tomato', 'calories': 6.5, 'carbs': 1.4, 'protein': 0.3, 'fat': 0.1, 'quantity': 0.2, 'unit': 'cup, chopped or sliced'}, {'name': 'cucumber', 'calories': 3.9, 'carbs': 0.9, 'protein': 0.2, 'fat': 0.0, 'quantity': 0.25, 'unit': 'cup slices'}, {'name': 'dressing', 'calories': 64.5, 'carbs': 0.9, 'protein': 0.2, 'fat': 6.7, 'quantity': 1, 'unit': 'tablespoons'}]""","""[\""chicken\"", \""lentils\"", \""lettuce\"", \""tomato\"", \""cucumber\"", \""dressing\""]""",6,313.3,24.0,22.8,14.4
fsb_00383,fsb_00383.jpg,Chicken Noodle Salad,"""[{'name': 'noodles', 'calories': 221.2, 'carbs': 43.2, 'protein': 8.1, 'fat': 1.3, 'quantity': 1, 'unit': 'cup'}, {'name': 'chicken breast', 'calories': 115.5, 'carbs': 0.0, 'protein': 21.7, 'fat': 2.5, 'quantity': 0.5, 'unit': 'cup'}, {'name': 'carrots', 'calories': 10.9, 'carbs': 2.6, 'protein': 0.2, 'fat': 0.1, 'quantity': 0.2, 'unit': 'cup'}, {'name': 'cucumber', 'calories': 3.9, 'carbs': 0.9, 'protein': 0.2, 'fat': 0.0, 'quantity': 0.25, 'unit': 'cup slices'}, {'name': 'bean sprouts', 'calories': 7.8, 'carbs': 1.6, 'protein': 0.8, 'fat': 0.0, 'quantity': 0.3, 'unit': 'cup'}, {'name': 'lettuce', 'calories': 1.6, 'carbs': 0.3, 'protein': 0.1, 'fat': 0.0, 'quantity': 0.2, 'unit': 'cups shredded'}, {'name': 'green onions', 'calories': 1.0, 'carbs': 0.2, 'protein': 0.1, 'fat': 0.0, 'quantity': 0.6, 'unit': 'small (3\"" long)'}, {'name': 'sesame seeds', 'calories': 15.1, 'carbs': 0.7, 'protein': 0.5, 'fat': 1.3, 'quantity': 1, 'unit': 'tsp'}, {'name': 'chili oil', 'calories': 39.4, 'carbs': 0.0, 'protein': 0.0, 'fat': 4.4, 'quantity': 1, 'unit': 'tsp'}]""","""[\""noodles\"", \""chicken breast\"", \""carrots\"", \""cucumber\"", \""bean sprouts\"", \""lettuce\"", \""green onions\"", \""sesame seeds\"", \""chili oil\""]""",9,416.4,49.5,31.7,9.6
fsb_00384,fsb_00384.jpg,Chicken Noodle Soup with Bread,"""[{'name': 'chicken broth', 'calories': 14.9, 'carbs': 1.1, 'protein': 1.6, 'fat': 0.5, 'quantity': 1, 'unit': 'cup'}, {'name': 'chicken', 'calories': 118.8, 'carbs': 0.0, 'protein': 12.9, 'fat': 7.1, 'quantity': 0.4, 'unit': 'cup'}, {'name': 'noodles', 'calories': 110.6, 'carbs': 21.6, 'protein': 4.1, 'fat': 0.7, 'quantity': 0.5, 'unit': 'cup'}, {'name': 'carrots', 'calories': 10.9, 'carbs': 2.6, 'protein': 0.2, 'fat': 0.1, 'quantity': 0.2, 'unit': 'cup'}, {'name': 'celery', 'calories': 5.8, 'carbs': 1.1, 'protein': 0.2, 'fat': 0.1, 'quantity': 0.3, 'unit': 'cup'}, {'name': 'bread', 'calories': 77.1, 'carbs': 14.3, 'protein': 2.6, 'fat': 1.0, 'quantity': 1, 'unit': 'slice'}]""","""[\""chicken broth\"", \""chicken\"", \""noodles\"", \""carrots\"", \""celery\"", \""bread\""]""",6,338.1,40.7,21.6,9.5
fsb_00385,fsb_00385.jpg,Chicken Noodle Soup,"""[{'name': 'chicken', 'calories': 62.3, 'carbs': 0.0, 'protein': 6.8, 'fat': 3.7, 'quantity': 1, 'unit': 'oz'}, {'name': 'pasta', 'calories': 195.9, 'carbs': 38.3, 'protein': 7.2, 'fat': 1.2, 'quantity': 1, 'unit': 'cup spaghetti not packed'}, {'name': 'carrots', 'calories': 10.9, 'carbs': 2.6, 'protein': 0.2, 'fat': 0.1, 'quantity': 0.2, 'unit': 'cup'}, {'name': 'celery', 'calories': 5.8, 'carbs': 1.1, 'protein': 0.2, 'fat': 0.1, 'quantity': 0.3, 'unit': 'cup'}, {'name': 'chicken broth', 'calories': 14.9, 'carbs': 1.1, 'protein': 1.6, 'fat': 0.5, 'quantity': 1, 'unit': 'cup'}]""","""[\""chicken\"", \""pasta\"", \""carrots\"", \""celery\"", \""chicken broth\""]""",5,289.8,43.1,16.0,5.6
fsb_00386,fsb_00386.jpg,Chicken Nuggets and Fries with Dips,"""[{'name': 'chicken nuggets', 'calories': 196.5, 'carbs': 9.6, 'protein': 10.2, 'fat': 13.0, 'quantity': 4, 'unit': 'pieces'}, {'name': 'french fries', 'calories': 143.5, 'carbs': 19.1, 'protein': 1.6, 'fat': 6.8, 'quantity': 10, 'unit': 'fries'}, {'name': 'ranch dressing', 'calories': 116.1, 'carbs': 1.6, 'protein': 0.4, 'fat': 12.0, 'quantity': 1.8, 'unit': 'tablespoons'}, {'name': 'cheese sauce', 'calories': 54.8, 'carbs': 2.2, 'protein': 2.1, 'fat': 4.2, 'quantity': 2, 'unit': 'tbsp'}]""","""[\""chicken nuggets\"", \""french fries\"", \""ranch dressing\"", \""cheese sauce\""]""",4,510.9,32.5,14.3,36.0
fsb_00387,fsb_00387.jpg,Chicken Pasta Salad with Dressing,"""[{'name': 'penne pasta', 'calories': 199.1, 'carbs': 38.9, 'protein': 7.3, 'fat': 1.2, 'quantity': 0.9, 'unit': 'cup'}, {'name': 'grilled chicken', 'calories': 142.1, 'carbs': 0.0, 'protein': 28.3, 'fat': 3.3, 'quantity': 0.5, 'unit': 'piece'}, {'name': 'lettuce', 'calories': 4.8, 'carbs': 0.9, 'protein': 0.3, 'fat': 0.1, 'quantity': 1, 'unit': 'wt. oz'}, {'name': 'dressing', 'calories': 116.1, 'carbs': 1.6, 'protein': 0.4, 'fat': 12.0, 'quantity': 1.8, 'unit': 'tablespoons'}]""","""[\""penne pasta\"", \""grilled chicken\"", \""lettuce\"", \""dressing\""]""",4,462.1,41.4,36.3,16.6
fsb_00388,fsb_00388.jpg,Chicken Blue Cheese Salad Platter,"""[{'name': 'chicken patty', 'calories': 172.2, 'carbs': 7.7, 'protein': 8.9, 'fat': 11.7, 'quantity': 1, 'unit': 'patty'}, {'name': 'blue cheese', 'calories': 50.0, 'carbs': 0.3, 'protein': 3.0, 'fat': 4.1, 'quantity': 0.5, 'unit': 'oz'}, {'name': 'ranch dressing', 'calories': 77.4, 'carbs': 1.1, 'protein': 0.2, 'fat': 8.0, 'quantity': 1.2, 'unit': 'tablespoons'}, {'name': 'celery', 'calories': 1.9, 'carbs': 0.4, 'protein': 0.1, 'fat': 0.0, 'quantity': 0.3, 'unit': 'stalk, medium'}, {'name': 'baked beans', 'calories': 71.6, 'carbs': 16.1, 'protein': 3.6, 'fat': 0.3, 'quantity': 0.3, 'unit': 'cup'}, {'name': 'potato salad', 'calories': 107.2, 'carbs': 8.4, 'protein': 2.0, 'fat': 6.1, 'quantity': 0.3, 'unit': 'cup'}, {'name': 'potato chips', 'calories': 74.5, 'carbs': 7.5, 'protein': 0.9, 'fat': 4.8, 'quantity': 11, 'unit': 'chips'}]""","""[\""chicken patty\"", \""blue cheese\"", \""ranch dressing\"", \""celery\"", \""baked beans\"", \""potato salad\"", \""potato chips\""]""",7,554.8,41.5,18.7,35.0
fsb_00389,fsb_00389.jpg,Chicken Pot Pie,"""[{'name': 'chicken', 'calories': 118.8, 'carbs': 0.0, 'protein': 12.9, 'fat': 7.1, 'quantity': 0.4, 'unit': 'cup'}, {'name': 'pie crust', 'calories': 156.5, 'carbs': 17.3, 'protein': 2.0, 'fat': 8.8, 'quantity': 0.2, 'unit': 'pie crust'}, {'name': 'carrots', 'calories': 10.9, 'carbs': 2.6, 'protein': 0.2, 'fat': 0.1, 'quantity': 0.2, 'unit': 'cup'}, {'name': 'peas', 'calories': 26.9, 'carbs': 5.0, 'protein': 1.7, 'fat': 0.1, 'quantity': 0.2, 'unit': 'cup'}, {'name': 'potatoes', 'calories': 34.0, 'carbs': 7.7, 'protein': 0.9, 'fat': 0.0, 'quantity': 0.3, 'unit': 'cup'}, {'name': 'gravy', 'calories': 24.6, 'carbs': 2.7, 'protein': 0.4, 'fat': 1.3, 'quantity': 0.225, 'unit': 'cup'}]""","""[\""chicken\"", \""pie crust\"", \""carrots\"", \""peas\"", \""potatoes\"", \""gravy\""]""",6,371.7,35.3,18.1,17.4
fsb_00390,fsb_00390.jpg,Chicken Quesadilla with Salsa and Sour Cream,"""[{'name': 'flour tortilla', 'calories': 143.3, 'carbs': 24.5, 'protein': 3.8, 'fat': 3.1, 'quantity': 0.9, 'unit': 'tortilla (approx 7-8\"" dia)'}, {'name': 'chicken', 'calories': 118.8, 'carbs': 0.0, 'protein': 12.9, 'fat': 7.1, 'quantity': 0.4, 'unit': 'cup'}, {'name': 'cheese', 'calories': 182.6, 'carbs': 1.4, 'protein': 10.3, 'fat': 15.1, 'quantity': 0.4, 'unit': 'cup, shredded'}, {'name': 'spinach', 'calories': 4.1, 'carbs': 0.7, 'protein': 0.5, 'fat': 0.0, 'quantity': 0.1, 'unit': 'cup'}, {'name': 'bell peppers', 'calories': 11.2, 'carbs': 2.7, 'protein': 0.4, 'fat': 0.1, 'quantity': 0.3, 'unit': 'cup, strips'}, {'name': 'salsa', 'calories': 10.4, 'carbs': 2.4, 'protein': 0.5, 'fat': 0.1, 'quantity': 2, 'unit': 'tbsp'}, {'name': 'sour cream', 'calories': 71.3, 'carbs': 1.7, 'protein': 0.9, 'fat': 7.0, 'quantity': 3, 'unit': 'tbsp'}]""","""[\""flour tortilla\"", \""chicken\"", \""cheese\"", \""spinach\"", \""bell peppers\"", \""salsa\"", \""sour cream\""]""",7,541.7,33.4,29.3,32.5
fsb_00391,fsb_00391.jpg,Chicken Quesadilla with Salsa and Sour Cream,"""[{'name': 'flour tortilla', 'calories': 210.6, 'carbs': 36.0, 'protein': 5.6, 'fat': 4.6, 'quantity': 0.9, 'unit': 'tortilla (approx 10\"" dia)'}, {'name': 'chicken', 'calories': 118.8, 'carbs': 0.0, 'protein': 12.9, 'fat': 7.1, 'quantity': 0.4, 'unit': 'cup'}, {'name': 'cheese', 'calories': 182.6, 'carbs': 1.4, 'protein': 10.3, 'fat': 15.1, 'quantity': 0.4, 'unit': 'cup, shredded'}, {'name': 'bell peppers', 'calories': 11.2, 'carbs': 2.7, 'protein': 0.4, 'fat': 0.1, 'quantity': 0.3, 'unit': 'cup, strips'}, {'name': 'tomato salsa', 'calories': 18.8, 'carbs': 4.3, 'protein': 1.0, 'fat': 0.1, 'quantity': 0.25, 'unit': 'cup'}, {'name': 'sour cream', 'calories': 71.3, 'carbs': 1.7, 'protein': 0.9, 'fat': 7.0, 'quantity': 3, 'unit': 'tbsp'}]""","""[\""flour tortilla\"", \""chicken\"", \""cheese\"", \""bell peppers\"", \""tomato salsa\"", \""sour cream\""]""",6,613.3,46.1,31.1,34.0
fsb_00392,fsb_00392.jpg,Chicken Quesadilla,"""[{'name': 'flour tortilla', 'calories': 143.3, 'carbs': 24.5, 'protein': 3.8, 'fat': 3.1, 'quantity': 0.9, 'unit': 'tortilla (approx 7-8\"" dia)'}, {'name': 'chicken', 'calories': 118.8, 'carbs': 0.0, 'protein': 12.9, 'fat': 7.1, 'quantity': 0.4, 'unit': 'cup'}, {'name': 'cheddar cheese', 'calories': 182.6, 'carbs': 1.4, 'protein': 10.3, 'fat': 15.1, 'quantity': 0.4, 'unit': 'cup, shredded'}, {'name': 'salsa', 'calories': 18.8, 'carbs': 4.3, 'protein': 1.0, 'fat': 0.1, 'quantity': 0.25, 'unit': 'cup'}]""","""[\""flour tortilla\"", \""chicken\"", \""cheddar cheese\"", \""salsa\""]""",4,463.5,30.2,28.0,25.4
fsb_00393,fsb_00393.jpg,Chicken Rice Bowl With Peanut Sauce,"""[{'name': 'white rice', 'calories': 205.4, 'carbs': 44.5, 'protein': 4.3, 'fat': 0.4, 'quantity': 1, 'unit': 'cup'}, {'name': 'chicken', 'calories': 62.3, 'carbs': 0.0, 'protein': 6.8, 'fat': 3.7, 'quantity': 1, 'unit': 'oz'}, {'name': 'peanut sauce', 'calories': 185.0, 'carbs': 15.9, 'protein': 4.5, 'fat': 11.5, 'quantity': 4, 'unit': 'tbsp'}, {'name': 'cucumber', 'calories': 3.9, 'carbs': 0.9, 'protein': 0.2, 'fat': 0.0, 'quantity': 0.25, 'unit': 'cup slices'}, {'name': 'carrot', 'calories': 10.9, 'carbs': 2.6, 'protein': 0.2, 'fat': 0.1, 'quantity': 0.2, 'unit': 'cup'}, {'name': 'lettuce', 'calories': 1.6, 'carbs': 0.3, 'protein': 0.1, 'fat': 0.0, 'quantity': 0.2, 'unit': 'cups shredded'}, {'name': 'peanuts', 'calories': 107.2, 'carbs': 3.9, 'protein': 4.4, 'fat': 9.1, 'quantity': 2, 'unit': 'tbsp'}, {'name': 'sesame seeds', 'calories': 45.3, 'carbs': 2.1, 'protein': 1.4, 'fat': 3.8, 'quantity': 3, 'unit': 'tsp'}]""","""[\""white rice\"", \""chicken\"", \""peanut sauce\"", \""cucumber\"", \""carrot\"", \""lettuce\"", \""peanuts\"", \""sesame seeds\""]""",8,621.6,70.2,21.9,28.6
fsb_00394,fsb_00394.jpg,Chicken Rice Bowl,"""[{'name': 'grilled chicken', 'calories': 170.5, 'carbs': 0.0, 'protein': 34.0, 'fat': 3.9, 'quantity': 0.6, 'unit': 'piece'}, {'name': 'white rice', 'calories': 102.7, 'carbs': 22.3, 'protein': 2.1, 'fat': 0.2, 'quantity': 0.5, 'unit': 'cup'}, {'name': 'cherry tomatoes', 'calories': 12.2, 'carbs': 2.6, 'protein': 0.6, 'fat': 0.1, 'quantity': 4, 'unit': 'cherry'}, {'name': 'cucumber', 'calories': 3.9, 'carbs': 0.9, 'protein': 0.2, 'fat': 0.0, 'quantity': 0.25, 'unit': 'cup slices'}, {'name': 'pickled onions', 'calories': 9.8, 'carbs': 2.3, 'protein': 0.3, 'fat': 0.0, 'quantity': 0.9, 'unit': 'wt. oz'}, {'name': 'feta cheese', 'calories': 44.9, 'carbs': 0.7, 'protein': 2.4, 'fat': 3.6, 'quantity': 1, 'unit': 'cubic inch'}, {'name': 'yogurt sauce', 'calories': 27.2, 'carbs': 1.3, 'protein': 0.7, 'fat': 2.2, 'quantity': 2, 'unit': 'tbsp'}]""","""[\""grilled chicken\"", \""white rice\"", \""cherry tomatoes\"", \""cucumber\"", \""pickled onions\"", \""feta cheese\"", \""yogurt sauce\""]""",7,371.2,30.1,40.3,10.0
fsb_00395,fsb_00395.jpg,Chicken Salad Bowl,"""[{'name': 'chicken breast', 'calories': 115.5, 'carbs': 0.0, 'protein': 21.7, 'fat': 2.5, 'quantity': 0.5, 'unit': 'cup'}, {'name': 'spinach', 'calories': 8.3, 'carbs': 1.4, 'protein': 1.1, 'fat': 0.1, 'quantity': 0.2, 'unit': 'cup'}, {'name': 'cherry tomatoes', 'calories': 15.3, 'carbs': 3.3, 'protein': 0.7, 'fat': 0.2, 'quantity': 5, 'unit': 'cherry'}, {'name': 'cucumber', 'calories': 3.9, 'carbs': 0.9, 'protein': 0.2, 'fat': 0.0, 'quantity': 0.25, 'unit': 'cup slices'}, {'name': 'red onion', 'calories': 9.2, 'carbs': 2.1, 'protein': 0.3, 'fat': 0.0, 'quantity': 0.1, 'unit': 'cup'}, {'name': 'feta cheese', 'calories': 44.9, 'carbs': 0.7, 'protein': 2.4, 'fat': 3.6, 'quantity': 1, 'unit': 'cubic inch'}, {'name': 'red pepper sauce', 'calories': 21.0, 'carbs': 0.8, 'protein': 0.1, 'fat': 2.0, 'quantity': 1, 'unit': 'tbsp'}]""","""[\""chicken breast\"", \""spinach\"", \""cherry tomatoes\"", \""cucumber\"", \""red onion\"", \""feta cheese\"", \""red pepper sauce\""]""",7,218.1,9.2,26.5,8.4
fsb_00396,fsb_00396.jpg,Chicken Salad Sandwich,"""[{'name': 'chicken', 'calories': 176.0, 'carbs': 0.0, 'protein': 19.2, 'fat': 10.5, 'quantity': 80, 'unit': 'g'}, {'name': 'mayonnaise', 'calories': 93.8, 'carbs': 0.1, 'protein': 0.1, 'fat': 10.3, 'quantity': 1, 'unit': 'tbsp'}, {'name': 'cranberry bread', 'calories': 183.2, 'carbs': 25.3, 'protein': 3.1, 'fat': 8.0, 'quantity': 2, 'unit': 'wt. oz'}, {'name': 'walnuts', 'calories': 65.4, 'carbs': 1.4, 'protein': 1.5, 'fat': 6.5, 'quantity': 10, 'unit': 'g'}, {'name': 'lettuce', 'calories': 4.8, 'carbs': 0.9, 'protein': 0.3, 'fat': 0.1, 'quantity': 1, 'unit': 'wt. oz'}, {'name': 'tomato', 'calories': 6.1, 'carbs': 1.3, 'protein': 0.3, 'fat': 0.1, 'quantity': 2, 'unit': 'cherry'}]""","""[\""chicken\"", \""mayonnaise\"", \""cranberry bread\"", \""walnuts\"", \""lettuce\"", \""tomato\""]""",6,529.3,29.0,24.5,35.5
fsb_00397,fsb_00397.jpg,Chicken Salad with Blue Cheese Dressing,"""[{'name': 'lettuce', 'calories': 4.8, 'carbs': 0.9, 'protein': 0.3, 'fat': 0.1, 'quantity': 1, 'unit': 'wt. oz'}, {'name': 'chicken breast', 'calories': 115.5, 'carbs': 0.0, 'protein': 21.7, 'fat': 2.5, 'quantity': 0.5, 'unit': 'cup'}, {'name': 'tomato', 'calories': 6.5, 'carbs': 1.4, 'protein': 0.3, 'fat': 0.1, 'quantity': 0.2, 'unit': 'cup, chopped or sliced'}, {'name': 'blue cheese dressing', 'calories': 145.2, 'carbs': 1.4, 'protein': 0.4, 'fat': 15.3, 'quantity': 2, 'unit': 'tbsp'}]""","""[\""lettuce\"", \""chicken breast\"", \""tomato\"", \""blue cheese dressing\""]""",4,272.0,3.7,22.7,18.0
fsb_00398,fsb_00398.jpg,Chicken Salad with Boiled Eggs,"""[{'name': 'chicken', 'calories': 297.0, 'carbs': 0.1, 'protein': 32.3, 'fat': 17.6, 'quantity': 1, 'unit': 'cup'}, {'name': 'mayonnaise', 'calories': 187.7, 'carbs': 0.2, 'protein': 0.3, 'fat': 20.7, 'quantity': 2, 'unit': 'tbsp'}, {'name': 'celery', 'calories': 5.8, 'carbs': 1.1, 'protein': 0.2, 'fat': 0.1, 'quantity': 0.3, 'unit': 'cup'}, {'name': 'boiled egg', 'calories': 155.0, 'carbs': 1.1, 'protein': 12.6, 'fat': 10.6, 'quantity': 2, 'unit': 'large'}]""","""[\""chicken\"", \""mayonnaise\"", \""celery\"", \""boiled egg\""]""",4,645.5,2.5,45.4,49.0
fsb_00399,fsb_00399.jpg,Chicken Salad with Broccoli Slaw,"""[{'name': 'chicken breast', 'calories': 115.5, 'carbs': 0.0, 'protein': 21.7, 'fat': 2.5, 'quantity': 0.5, 'unit': 'cup'}, {'name': 'mayonnaise', 'calories': 187.7, 'carbs': 0.2, 'protein': 0.3, 'fat': 20.7, 'quantity': 2, 'unit': 'tbsp'}, {'name': 'broccoli', 'calories': 9.8, 'carbs': 2.0, 'protein': 0.7, 'fat': 0.1, 'quantity': 0.2, 'unit': 'stalk, small (5\"" long)'}, {'name': 'carrots', 'calories': 10.9, 'carbs': 2.6, 'protein': 0.2, 'fat': 0.1, 'quantity': 0.2, 'unit': 'cup'}, {'name': 'raisins', 'calories': 41.9, 'carbs': 11.1, 'protein': 0.4, 'fat': 0.1, 'quantity': 1, 'unit': 'miniature box (.5 oz)'}]""","""[\""chicken breast\"", \""mayonnaise\"", \""broccoli\"", \""carrots\"", \""raisins\""]""",5,365.8,15.9,23.3,23.5
fsb_00400,fsb_00400.jpg,Chicken Salad with Cashews,"""[{'name': 'fried chicken', 'calories': 228.7, 'carbs': 2.7, 'protein': 24.3, 'fat': 12.7, 'quantity': 3, 'unit': 'oz'}, {'name': 'cabbage', 'calories': 10.3, 'carbs': 2.5, 'protein': 0.6, 'fat': 0.0, 'quantity': 0.3, 'unit': 'cup, shredded'}, {'name': 'cashews', 'calories': 235.9, 'carbs': 13.4, 'protein': 6.3, 'fat': 19.0, 'quantity': 0.3, 'unit': 'cup, halves and whole'}, {'name': 'mixed vegetables', 'calories': 27.2, 'carbs': 5.8, 'protein': 1.4, 'fat': 0.3, 'quantity': 0.6, 'unit': 'cup'}, {'name': 'salad dressing', 'calories': 116.1, 'carbs': 1.6, 'protein': 0.4, 'fat': 12.0, 'quantity': 1.8, 'unit': 'tablespoons'}]""","""[\""fried chicken\"", \""cabbage\"", \""cashews\"", \""mixed vegetables\"", \""salad dressing\""]""",5,618.2,26.0,33.0,44.0
fsb_00401,fsb_00401.jpg,Chicken Salad with Cheese and Peppers,"""[{'name': 'chicken breast', 'calories': 161.7, 'carbs': 0.0, 'protein': 30.4, 'fat': 3.5, 'quantity': 1, 'unit': 'fillet'}, {'name': 'mixed greens', 'calories': 10.0, 'carbs': 2.1, 'protein': 0.6, 'fat': 0.1, 'quantity': 1.5, 'unit': 'cups'}, {'name': 'cheese', 'calories': 137.4, 'carbs': 1.1, 'protein': 7.8, 'fat': 11.3, 'quantity': 2, 'unit': 'cubic inch'}, {'name': 'green chili peppers', 'calories': 11.3, 'carbs': 2.7, 'protein': 0.6, 'fat': 0.1, 'quantity': 1, 'unit': 'wt. oz'}, {'name': 'olive oil', 'calories': 39.8, 'carbs': 0.0, 'protein': 0.0, 'fat': 4.5, 'quantity': 1, 'unit': 'tsp'}]""","""[\""chicken breast\"", \""mixed greens\"", \""cheese\"", \""green chili peppers\"", \""olive oil\""]""",5,360.2,5.9,39.4,19.5
fsb_00402,fsb_00402.jpg,Chicken Salad,"""[{'name': 'boneless skinless chicken breast', 'calories': 198.0, 'carbs': 0.0, 'protein': 37.2, 'fat': 4.3, 'quantity': 1, 'unit': 'breast'}, {'name': 'celery', 'calories': 3.8, 'carbs': 0.7, 'protein': 0.2, 'fat': 0.0, 'quantity': 0.2, 'unit': 'cup'}, {'name': 'apple', 'calories': 17.0, 'carbs': 4.5, 'protein': 0.1, 'fat': 0.1, 'quantity': 0.3, 'unit': 'cup slices'}, {'name': 'dried cranberries', 'calories': 30.8, 'carbs': 8.3, 'protein': 0.0, 'fat': 0.1, 'quantity': 1, 'unit': 'tbsp'}, {'name': 'mayonnaise', 'calories': 93.8, 'carbs': 0.1, 'protein': 0.1, 'fat': 10.3, 'quantity': 1, 'unit': 'tbsp'}, {'name': 'mixed greens', 'calories': 10.0, 'carbs': 2.1, 'protein': 0.6, 'fat': 0.1, 'quantity': 1.5, 'unit': 'cups'}]""","""[\""boneless skinless chicken breast\"", \""celery\"", \""apple\"", \""dried cranberries\"", \""mayonnaise\"", \""mixed greens\""]""",6,353.4,15.7,38.2,14.9
fsb_00403,fsb_00403.jpg,Chicken Salad with Papaya and Lettuce,"""[{'name': 'chicken salad', 'calories': 508.0, 'carbs': 6.6, 'protein': 38.4, 'fat': 35.6, 'quantity': 1, 'unit': 'cup'}, {'name': 'papaya', 'calories': 62.4, 'carbs': 15.7, 'protein': 0.7, 'fat': 0.4, 'quantity': 1, 'unit': 'cup 1\"" pieces'}, {'name': 'lettuce', 'calories': 4.8, 'carbs': 0.9, 'protein': 0.3, 'fat': 0.1, 'quantity': 1, 'unit': 'wt. oz'}, {'name': 'cottage cheese', 'calories': 53.3, 'carbs': 1.8, 'protein': 6.0, 'fat': 2.3, 'quantity': 0.25, 'unit': 'cup'}, {'name': 'avocado', 'calories': 48.0, 'carbs': 2.6, 'protein': 0.6, 'fat': 4.4, 'quantity': 0.2, 'unit': 'cup, cubes'}]""","""[\""chicken salad\"", \""papaya\"", \""lettuce\"", \""cottage cheese\"", \""avocado\""]""",5,676.5,27.6,46.0,42.8
fsb_00404,fsb_00404.jpg,Chicken Salad with Ranch Dressing,"""[{'name': 'lettuce', 'calories': 4.8, 'carbs': 0.9, 'protein': 0.3, 'fat': 0.1, 'quantity': 1, 'unit': 'wt. oz'}, {'name': 'chicken breast', 'calories': 115.5, 'carbs': 0.0, 'protein': 21.7, 'fat': 2.5, 'quantity': 0.5, 'unit': 'cup'}, {'name': 'mushrooms', 'calories': 4.4, 'carbs': 0.8, 'protein': 0.3, 'fat': 0.1, 'quantity': 0.1, 'unit': 'cup'}, {'name': 'cauliflower', 'calories': 5.7, 'carbs': 1.0, 'protein': 0.5, 'fat': 0.1, 'quantity': 0.2, 'unit': 'cup (1\"" pieces)'}, {'name': 'ranch dressing', 'calories': 129.0, 'carbs': 1.8, 'protein': 0.4, 'fat': 13.4, 'quantity': 2, 'unit': 'tablespoons'}]""","""[\""lettuce\"", \""chicken breast\"", \""mushrooms\"", \""cauliflower\"", \""ranch dressing\""]""",5,259.4,4.5,23.2,16.2
fsb_00405,fsb_00405.jpg,Chicken Salad with Red Pepper Sauce,"""[{'name': 'chicken breast', 'calories': 115.5, 'carbs': 0.0, 'protein': 21.7, 'fat': 2.5, 'quantity': 0.5, 'unit': 'cup'}, {'name': 'red pepper sauce', 'calories': 42.0, 'carbs': 1.5, 'protein': 0.2, 'fat': 3.9, 'quantity': 2, 'unit': 'tbsp'}, {'name': 'spinach', 'calories': 8.3, 'carbs': 1.4, 'protein': 1.1, 'fat': 0.1, 'quantity': 0.2, 'unit': 'cup'}, {'name': 'cherry tomatoes', 'calories': 12.2, 'carbs': 2.6, 'protein': 0.6, 'fat': 0.1, 'quantity': 4, 'unit': 'cherry'}, {'name': 'feta cheese', 'calories': 44.9, 'carbs': 0.7, 'protein': 2.4, 'fat': 3.6, 'quantity': 1, 'unit': 'cubic inch'}, {'name': 'red onion', 'calories': 9.2, 'carbs': 2.1, 'protein': 0.3, 'fat': 0.0, 'quantity': 0.1, 'unit': 'cup'}, {'name': 'cucumber', 'calories': 3.9, 'carbs': 0.9, 'protein': 0.2, 'fat': 0.0, 'quantity': 0.25, 'unit': 'cup slices'}]""","""[\""chicken breast\"", \""red pepper sauce\"", \""spinach\"", \""cherry tomatoes\"", \""feta cheese\"", \""red onion\"", \""cucumber\""]""",7,236.0,9.2,26.5,10.2
fsb_00406,fsb_00406.jpg,Chicken Salad with Thousand Island Dressing,"""[{'name': 'chicken breast', 'calories': 69.3, 'carbs': 0.0, 'protein': 13.0, 'fat': 1.5, 'quantity': 0.3, 'unit': 'cup'}, {'name': 'lettuce', 'calories': 4.8, 'carbs': 0.9, 'protein': 0.3, 'fat': 0.1, 'quantity': 0.6, 'unit': 'cups shredded'}, {'name': 'tomato', 'calories': 4.4, 'carbs': 1.0, 'protein': 0.2, 'fat': 0.0, 'quantity': 0.2, 'unit': 'medium whole (2-3/5\"" dia)'}, {'name': 'carrot', 'calories': 10.9, 'carbs': 2.6, 'protein': 0.2, 'fat': 0.1, 'quantity': 0.2, 'unit': 'cup'}, {'name': 'green bell pepper', 'calories': 6.4, 'carbs': 1.5, 'protein': 0.2, 'fat': 0.0, 'quantity': 0.2, 'unit': 'pepper'}, {'name': 'hard boiled egg', 'calories': 34.1, 'carbs': 0.2, 'protein': 2.8, 'fat': 2.3, 'quantity': 0.5, 'unit': 'medium'}, {'name': 'thousand island dressing', 'calories': 121.3, 'carbs': 4.7, 'protein': 0.3, 'fat': 11.2, 'quantity': 2, 'unit': 'tbsp'}, {'name': 'cheese', 'calories': 22.6, 'carbs': 0.2, 'protein': 1.3, 'fat': 1.9, 'quantity': 0.2, 'unit': 'slice (1 oz)'}, {'name': 'ham', 'calories': 20.2, 'carbs': 0.2, 'protein': 3.2, 'fat': 0.7, 'quantity': 0.1, 'unit': 'slice'}]""","""[\""chicken breast\"", \""lettuce\"", \""tomato\"", \""carrot\"", \""green bell pepper\"", \""hard boiled egg\"", \""thousand island dressing\"", \""cheese\"", \""ham\""]""",9,294.0,11.3,21.5,17.8
fsb_00407,fsb_00407.jpg,Chicken Salad with Tortilla Strips,"""[{'name': 'chicken', 'calories': 118.8, 'carbs': 0.0, 'protein': 12.9, 'fat': 7.1, 'quantity': 0.4, 'unit': 'cup'}, {'name': 'lettuce', 'calories': 4.8, 'carbs': 0.9, 'protein': 0.3, 'fat': 0.1, 'quantity': 1, 'unit': 'wt. oz'}, {'name': 'tortilla strips', 'calories': 60.4, 'carbs': 8.7, 'protein': 0.9, 'fat': 2.6, 'quantity': 0.4, 'unit': 'cup'}, {'name': 'black olives', 'calories': 31.1, 'carbs': 1.7, 'protein': 0.2, 'fat': 2.9, 'quantity': 0.2, 'unit': 'cup'}, {'name': 'cheddar cheese', 'calories': 91.3, 'carbs': 0.7, 'protein': 5.2, 'fat': 7.5, 'quantity': 0.2, 'unit': 'cup, shredded'}, {'name': 'ranch dressing', 'calories': 129.0, 'carbs': 1.8, 'protein': 0.4, 'fat': 13.4, 'quantity': 2, 'unit': 'tablespoons'}, {'name': 'red onion', 'calories': 18.5, 'carbs': 4.3, 'protein': 0.6, 'fat': 0.1, 'quantity': 0.2, 'unit': 'cup'}, {'name': 'bell pepper', 'calories': 11.2, 'carbs': 2.7, 'protein': 0.4, 'fat': 0.1, 'quantity': 0.3, 'unit': 'cup, strips'}]""","""[\""chicken\"", \""lettuce\"", \""tortilla strips\"", \""black olives\"", \""cheddar cheese\"", \""ranch dressing\"", \""red onion\"", \""bell pepper\""]""",8,465.1,20.8,20.9,33.8
fsb_00408,fsb_00408.jpg,Chicken Walnut Salad,"""[{'name': 'shredded chicken', 'calories': 225.4, 'carbs': 0.0, 'protein': 33.8, 'fat': 9.0, 'quantity': 1, 'unit': 'cup'}, {'name': 'chopped walnuts', 'calories': 235.4, 'carbs': 4.9, 'protein': 5.5, 'fat': 23.5, 'quantity': 0.3, 'unit': 'cup'}, {'name': 'salad mix', 'calories': 20.0, 'carbs': 4.2, 'protein': 1.2, 'fat': 0.2, 'quantity': 1, 'unit': 'serving'}, {'name': 'avocado dressing', 'calories': 77.9, 'carbs': 1.6, 'protein': 0.2, 'fat': 8.0, 'quantity': 1.4, 'unit': 'tbsp'}]""","""[\""shredded chicken\"", \""chopped walnuts\"", \""salad mix\"", \""avocado dressing\""]""",4,558.7,10.7,40.7,40.7
fsb_00409,fsb_00409.jpg,Chicken Olive Salad,"""[{'name': 'chicken breast', 'calories': 115.5, 'carbs': 0.0, 'protein': 21.7, 'fat': 2.5, 'quantity': 0.5, 'unit': 'cup'}, {'name': 'celery', 'calories': 3.8, 'carbs': 0.7, 'protein': 0.2, 'fat': 0.0, 'quantity': 0.2, 'unit': 'cup'}, {'name': 'black olives', 'calories': 31.1, 'carbs': 1.7, 'protein': 0.2, 'fat': 2.9, 'quantity': 0.2, 'unit': 'cup'}, {'name': 'red onion', 'calories': 9.2, 'carbs': 2.1, 'protein': 0.3, 'fat': 0.0, 'quantity': 0.1, 'unit': 'cup'}]""","""[\""chicken breast\"", \""celery\"", \""black olives\"", \""red onion\""]""",4,159.6,4.5,22.4,5.4
fsb_00410,fsb_00410.jpg,Grilled Chicken Salad,"""[{'name': 'chicken breast', 'calories': 115.5, 'carbs': 0.0, 'protein': 21.7, 'fat': 2.5, 'quantity': 0.5, 'unit': 'cup'}, {'name': 'mixed greens', 'calories': 10.0, 'carbs': 2.1, 'protein': 0.6, 'fat': 0.1, 'quantity': 1.5, 'unit': 'cups'}, {'name': 'carrots', 'calories': 10.9, 'carbs': 2.6, 'protein': 0.2, 'fat': 0.1, 'quantity': 0.2, 'unit': 'cup'}, {'name': 'red bell pepper', 'calories': 10.4, 'carbs': 2.5, 'protein': 0.3, 'fat': 0.1, 'quantity': 0.2, 'unit': 'cup'}]""","""[\""chicken breast\"", \""mixed greens\"", \""carrots\"", \""red bell pepper\""]""",4,146.8,7.2,22.8,2.8
fsb_00411,fsb_00411.jpg,Chicken Salad,"""[{'name': 'chicken breast', 'calories': 115.5, 'carbs': 0.0, 'protein': 21.7, 'fat': 2.5, 'quantity': 0.5, 'unit': 'cup'}, {'name': 'romaine lettuce', 'calories': 8.0, 'carbs': 1.5, 'protein': 0.6, 'fat': 0.1, 'quantity': 1, 'unit': 'cups shredded'}, {'name': 'cherry tomatoes', 'calories': 9.2, 'carbs': 2.0, 'protein': 0.4, 'fat': 0.1, 'quantity': 3, 'unit': 'cherry'}, {'name': 'cucumber', 'calories': 3.9, 'carbs': 0.9, 'protein': 0.2, 'fat': 0.0, 'quantity': 0.25, 'unit': 'cup slices'}, {'name': 'radish', 'calories': 0.7, 'carbs': 0.2, 'protein': 0.0, 'fat': 0.0, 'quantity': 1, 'unit': 'medium (3/4\"" to 1\"" dia)'}, {'name': 'carrot', 'calories': 10.9, 'carbs': 2.6, 'protein': 0.2, 'fat': 0.1, 'quantity': 0.2, 'unit': 'cup'}, {'name': 'corn', 'calories': 15.4, 'carbs': 3.4, 'protein': 0.5, 'fat': 0.2, 'quantity': 2, 'unit': 'baby ear'}]""","""[\""chicken breast\"", \""romaine lettuce\"", \""cherry tomatoes\"", \""cucumber\"", \""radish\"", \""carrot\"", \""corn\""]""",7,163.6,10.6,23.6,3.0
fsb_00412,fsb_00412.jpg,Chicken Salad,"""[{'name': 'chicken', 'calories': 118.8, 'carbs': 0.0, 'protein': 12.9, 'fat': 7.1, 'quantity': 0.4, 'unit': 'cup'}, {'name': 'lettuce', 'calories': 4.8, 'carbs': 0.9, 'protein': 0.3, 'fat': 0.1, 'quantity': 1, 'unit': 'wt. oz'}, {'name': 'cucumber', 'calories': 7.8, 'carbs': 1.9, 'protein': 0.3, 'fat': 0.1, 'quantity': 0.5, 'unit': 'cup slices'}, {'name': 'red onion', 'calories': 9.2, 'carbs': 2.1, 'protein': 0.3, 'fat': 0.0, 'quantity': 0.1, 'unit': 'cup'}, {'name': 'feta cheese', 'calories': 118.8, 'carbs': 1.8, 'protein': 6.4, 'fat': 9.6, 'quantity': 0.3, 'unit': 'cup, crumbled'}, {'name': 'ranch dressing', 'calories': 129.0, 'carbs': 1.8, 'protein': 0.4, 'fat': 13.4, 'quantity': 2, 'unit': 'tablespoons'}]""","""[\""chicken\"", \""lettuce\"", \""cucumber\"", \""red onion\"", \""feta cheese\"", \""ranch dressing\""]""",6,388.4,8.5,20.6,30.3
fsb_00413,fsb_00413.jpg,Fried Chicken Salad,"""[{'name': 'fried chicken', 'calories': 301.3, 'carbs': 3.5, 'protein': 32.0, 'fat': 16.7, 'quantity': 0.8, 'unit': 'piece'}, {'name': 'lettuce', 'calories': 4.8, 'carbs': 0.9, 'protein': 0.3, 'fat': 0.1, 'quantity': 1, 'unit': 'wt. oz'}, {'name': 'tomato', 'calories': 16.2, 'carbs': 3.5, 'protein': 0.8, 'fat': 0.2, 'quantity': 0.5, 'unit': 'cup, chopped or sliced'}, {'name': 'carrot', 'calories': 10.9, 'carbs': 2.6, 'protein': 0.2, 'fat': 0.1, 'quantity': 0.2, 'unit': 'cup'}]""","""[\""fried chicken\"", \""lettuce\"", \""tomato\"", \""carrot\""]""",4,333.2,10.5,33.3,17.1
fsb_00414,fsb_00414.jpg,Chicken Salad,"""[{'name': 'grilled chicken', 'calories': 170.5, 'carbs': 0.0, 'protein': 34.0, 'fat': 3.9, 'quantity': 0.6, 'unit': 'piece'}, {'name': 'romaine lettuce', 'calories': 8.0, 'carbs': 1.5, 'protein': 0.6, 'fat': 0.1, 'quantity': 1, 'unit': 'cups shredded'}, {'name': 'avocado', 'calories': 48.0, 'carbs': 2.6, 'protein': 0.6, 'fat': 4.4, 'quantity': 0.2, 'unit': 'cup, cubes'}, {'name': 'tomato', 'calories': 6.5, 'carbs': 1.4, 'protein': 0.3, 'fat': 0.1, 'quantity': 0.2, 'unit': 'cup, chopped or sliced'}, {'name': 'corn', 'calories': 28.6, 'carbs': 6.3, 'protein': 1.0, 'fat': 0.4, 'quantity': 0.2, 'unit': 'cup cut'}, {'name': 'dressing', 'calories': 116.1, 'carbs': 1.6, 'protein': 0.4, 'fat': 12.0, 'quantity': 1.8, 'unit': 'tablespoons'}]""","""[\""grilled chicken\"", \""romaine lettuce\"", \""avocado\"", \""tomato\"", \""corn\"", \""dressing\""]""",6,377.7,13.4,36.9,20.9
fsb_00415,fsb_00415.jpg,Chicken Salad,"""[{'name': 'grilled chicken', 'calories': 125.8, 'carbs': 0.0, 'protein': 25.1, 'fat': 2.9, 'quantity': 3, 'unit': 'oz'}, {'name': 'lettuce', 'calories': 4.8, 'carbs': 0.9, 'protein': 0.3, 'fat': 0.1, 'quantity': 1, 'unit': 'wt. oz'}, {'name': 'tomato', 'calories': 10.8, 'carbs': 2.3, 'protein': 0.5, 'fat': 0.1, 'quantity': 3, 'unit': 'slice, medium (1/4\"" thick)'}, {'name': 'boiled egg', 'calories': 34.1, 'carbs': 0.2, 'protein': 2.8, 'fat': 2.3, 'quantity': 0.5, 'unit': 'medium'}, {'name': 'ham', 'calories': 20.2, 'carbs': 0.2, 'protein': 3.2, 'fat': 0.7, 'quantity': 0.1, 'unit': 'slice'}, {'name': 'cheese', 'calories': 68.7, 'carbs': 0.5, 'protein': 3.9, 'fat': 5.7, 'quantity': 1, 'unit': 'cubic inch'}]""","""[\""grilled chicken\"", \""lettuce\"", \""tomato\"", \""boiled egg\"", \""ham\"", \""cheese\""]""",6,264.4,4.1,35.8,11.8
fsb_00416,fsb_00416.jpg,Cranberry Cabbage Salad,"""[{'name': 'lettuce', 'calories': 4.8, 'carbs': 0.9, 'protein': 0.3, 'fat': 0.1, 'quantity': 1, 'unit': 'wt. oz'}, {'name': 'cherry tomatoes', 'calories': 9.2, 'carbs': 2.0, 'protein': 0.4, 'fat': 0.1, 'quantity': 3, 'unit': 'cherry'}, {'name': 'shredded cheese', 'calories': 57.0, 'carbs': 0.4, 'protein': 3.2, 'fat': 4.7, 'quantity': 2, 'unit': 'tbsp'}, {'name': 'cabbage', 'calories': 5.2, 'carbs': 1.2, 'protein': 0.3, 'fat': 0.0, 'quantity': 0.15, 'unit': 'cup, shredded'}, {'name': 'dried cranberries', 'calories': 24.6, 'carbs': 6.6, 'protein': 0.0, 'fat': 0.1, 'quantity': 0.8, 'unit': 'tbsp'}, {'name': 'salad dressing', 'calories': 77.4, 'carbs': 1.1, 'protein': 0.2, 'fat': 8.0, 'quantity': 1.2, 'unit': 'tablespoons'}]""","""[\""lettuce\"", \""cherry tomatoes\"", \""shredded cheese\"", \""cabbage\"", \""dried cranberries\"", \""salad dressing\""]""",6,178.2,12.2,4.4,13.0
fsb_00417,fsb_00417.jpg,Chicken Salad,"""[{'name': 'lettuce', 'calories': 4.8, 'carbs': 0.9, 'protein': 0.3, 'fat': 0.1, 'quantity': 1, 'unit': 'wt. oz'}, {'name': 'chicken', 'calories': 118.8, 'carbs': 0.0, 'protein': 12.9, 'fat': 7.1, 'quantity': 0.4, 'unit': 'cup'}, {'name': 'tomato', 'calories': 6.5, 'carbs': 1.4, 'protein': 0.3, 'fat': 0.1, 'quantity': 0.2, 'unit': 'cup, chopped or sliced'}, {'name': 'onion', 'calories': 9.2, 'carbs': 2.1, 'protein': 0.3, 'fat': 0.0, 'quantity': 0.1, 'unit': 'cup'}, {'name': 'granola', 'calories': 89.5, 'carbs': 9.9, 'protein': 2.5, 'fat': 4.4, 'quantity': 0.15, 'unit': 'cup'}, {'name': 'salad dressing', 'calories': 116.1, 'carbs': 1.6, 'protein': 0.4, 'fat': 12.0, 'quantity': 1.8, 'unit': 'tablespoons'}]""","""[\""lettuce\"", \""chicken\"", \""tomato\"", \""onion\"", \""granola\"", \""salad dressing\""]""",6,344.9,15.9,16.7,23.7
fsb_00418,fsb_00418.jpg,Chicken Salad,"""[{'name': 'mixed greens', 'calories': 10.0, 'carbs': 2.1, 'protein': 0.6, 'fat': 0.1, 'quantity': 1.5, 'unit': 'cups'}, {'name': 'chicken', 'calories': 237.6, 'carbs': 0.1, 'protein': 25.9, 'fat': 14.1, 'quantity': 0.8, 'unit': 'cup'}, {'name': 'dressing', 'calories': 116.1, 'carbs': 1.6, 'protein': 0.4, 'fat': 12.0, 'quantity': 1.8, 'unit': 'tablespoons'}, {'name': 'beets', 'calories': 11.2, 'carbs': 2.5, 'protein': 0.4, 'fat': 0.0, 'quantity': 0.15, 'unit': 'cup slices'}]""","""[\""mixed greens\"", \""chicken\"", \""dressing\"", \""beets\""]""",4,374.9,6.3,27.3,26.2
fsb_00419,fsb_00419.jpg,Chicken Sandwich,"""[{'name': 'chicken breast', 'calories': 161.7, 'carbs': 0.0, 'protein': 30.4, 'fat': 3.5, 'quantity': 1, 'unit': 'fillet'}, {'name': 'tomato', 'calories': 5.1, 'carbs': 1.1, 'protein': 0.2, 'fat': 0.1, 'quantity': 1, 'unit': 'wt. oz'}, {'name': 'spinach', 'calories': 4.1, 'carbs': 0.7, 'protein': 0.5, 'fat': 0.0, 'quantity': 0.1, 'unit': 'cup'}, {'name': 'bun', 'calories': 122.3, 'carbs': 22.1, 'protein': 4.3, 'fat': 1.7, 'quantity': 1, 'unit': 'roll 1 serving'}, {'name': 'mayonnaise', 'calories': 93.8, 'carbs': 0.1, 'protein': 0.1, 'fat': 10.3, 'quantity': 1, 'unit': 'tbsp'}]""","""[\""chicken breast\"", \""tomato\"", \""spinach\"", \""bun\"", \""mayonnaise\""]""",5,387.0,24.0,35.5,15.6
fsb_00420,fsb_00420.jpg,Chicken Sandwich,"""[{'name': 'bun', 'calories': 144.6, 'carbs': 26.1, 'protein': 5.1, 'fat': 2.0, 'quantity': 1, 'unit': 'hot dog bun'}, {'name': 'fried chicken', 'calories': 301.3, 'carbs': 3.5, 'protein': 32.0, 'fat': 16.7, 'quantity': 0.8, 'unit': 'piece'}, {'name': 'coleslaw', 'calories': 52.2, 'carbs': 4.1, 'protein': 0.3, 'fat': 3.9, 'quantity': 0.15, 'unit': 'cup'}, {'name': 'cheese', 'calories': 68.7, 'carbs': 0.5, 'protein': 3.9, 'fat': 5.7, 'quantity': 1, 'unit': 'cubic inch'}, {'name': 'mayonnaise', 'calories': 93.8, 'carbs': 0.1, 'protein': 0.1, 'fat': 10.3, 'quantity': 1, 'unit': 'tbsp'}, {'name': 'pickles', 'calories': 5.0, 'carbs': 1.0, 'protein': 0.2, 'fat': 0.1, 'quantity': 6, 'unit': 'slice'}]""","""[\""bun\"", \""fried chicken\"", \""coleslaw\"", \""cheese\"", \""mayonnaise\"", \""pickles\""]""",6,665.6,35.3,41.6,38.7
fsb_00421,fsb_00421.jpg,Asian Noodle Salad,"""[{'name': 'noodles', 'calories': 110.6, 'carbs': 21.6, 'protein': 4.1, 'fat': 0.7, 'quantity': 0.5, 'unit': 'cup'}, {'name': 'cabbage', 'calories': 5.2, 'carbs': 1.2, 'protein': 0.3, 'fat': 0.0, 'quantity': 0.15, 'unit': 'cup, shredded'}, {'name': 'carrot', 'calories': 10.9, 'carbs': 2.6, 'protein': 0.2, 'fat': 0.1, 'quantity': 0.2, 'unit': 'cup'}, {'name': 'cucumber', 'calories': 3.9, 'carbs': 0.9, 'protein': 0.2, 'fat': 0.0, 'quantity': 0.25, 'unit': 'cup slices'}, {'name': 'red cabbage', 'calories': 4.4, 'carbs': 1.0, 'protein': 0.2, 'fat': 0.0, 'quantity': 0.1, 'unit': 'cup, shredded'}, {'name': 'peanuts', 'calories': 53.6, 'carbs': 1.9, 'protein': 2.2, 'fat': 4.5, 'quantity': 1, 'unit': 'tbsp'}, {'name': 'dressing', 'calories': 77.4, 'carbs': 1.1, 'protein': 0.2, 'fat': 8.0, 'quantity': 1.2, 'unit': 'tablespoons'}, {'name': 'fish', 'calories': 181.4, 'carbs': 0.0, 'protein': 37.1, 'fat': 3.8, 'quantity': 5, 'unit': 'wt. oz'}]""","""[\""noodles\"", \""cabbage\"", \""carrot\"", \""cucumber\"", \""red cabbage\"", \""peanuts\"", \""dressing\"", \""fish\""]""",8,447.4,30.3,44.5,17.1
fsb_00422,fsb_00422.jpg,Chicken Slider,"""[{'name': 'chicken patty', 'calories': 172.2, 'carbs': 7.7, 'protein': 8.9, 'fat': 11.7, 'quantity': 1, 'unit': 'patty'}, {'name': 'slider bun', 'calories': 80.7, 'carbs': 14.2, 'protein': 3.5, 'fat': 1.1, 'quantity': 1, 'unit': 'bun'}, {'name': 'mayonnaise', 'calories': 93.8, 'carbs': 0.1, 'protein': 0.1, 'fat': 10.3, 'quantity': 1, 'unit': 'tbsp'}]""","""[\""chicken patty\"", \""slider bun\"", \""mayonnaise\""]""",3,346.7,22.0,12.5,23.1
fsb_00423,fsb_00423.jpg,Chicken Soup with Orzo,"""[{'name': 'chicken drumsticks', 'calories': 167.4, 'carbs': 0.0, 'protein': 21.9, 'fat': 8.2, 'quantity': 1, 'unit': 'drumstick with skin'}, {'name': 'orzo', 'calories': 94.7, 'carbs': 19.1, 'protein': 3.3, 'fat': 0.4, 'quantity': 0.3, 'unit': 'cup'}, {'name': 'carrots', 'calories': 10.9, 'carbs': 2.6, 'protein': 0.2, 'fat': 0.1, 'quantity': 0.2, 'unit': 'cup'}, {'name': 'celery', 'calories': 3.8, 'carbs': 0.7, 'protein': 0.2, 'fat': 0.0, 'quantity': 0.2, 'unit': 'cup'}, {'name': 'chicken broth', 'calories': 29.9, 'carbs': 2.2, 'protein': 3.2, 'fat': 1.0, 'quantity': 2, 'unit': 'cup'}]""","""[\""chicken drumsticks\"", \""orzo\"", \""carrots\"", \""celery\"", \""chicken broth\""]""",5,306.7,24.6,28.8,9.7
fsb_00424,fsb_00424.jpg,Chicken Soup,"""[{'name': 'chicken', 'calories': 148.5, 'carbs': 0.0, 'protein': 16.2, 'fat': 8.8, 'quantity': 0.5, 'unit': 'cup'}, {'name': 'carrots', 'calories': 10.9, 'carbs': 2.6, 'protein': 0.2, 'fat': 0.1, 'quantity': 0.2, 'unit': 'cup'}, {'name': 'potatoes', 'calories': 22.7, 'carbs': 5.2, 'protein': 0.6, 'fat': 0.0, 'quantity': 0.2, 'unit': 'cup'}, {'name': 'orzo', 'calories': 63.1, 'carbs': 12.7, 'protein': 2.2, 'fat': 0.3, 'quantity': 0.2, 'unit': 'cup'}, {'name': 'chicken broth', 'calories': 14.9, 'carbs': 1.1, 'protein': 1.6, 'fat': 0.5, 'quantity': 1, 'unit': 'cup'}]""","""[\""chicken\"", \""carrots\"", \""potatoes\"", \""orzo\"", \""chicken broth\""]""",5,260.1,21.6,20.8,9.7
fsb_00425,fsb_00425.jpg,Chicken Stew with Sausage,"""[{'name': 'chicken', 'calories': 118.8, 'carbs': 0.0, 'protein': 12.9, 'fat': 7.1, 'quantity': 0.4, 'unit': 'cup'}, {'name': 'potatoes', 'calories': 68.1, 'carbs': 15.5, 'protein': 1.8, 'fat': 0.1, 'quantity': 0.6, 'unit': 'cup'}, {'name': 'carrots', 'calories': 10.9, 'carbs': 2.6, 'protein': 0.2, 'fat': 0.1, 'quantity': 0.2, 'unit': 'cup'}, {'name': 'green beans', 'calories': 8.8, 'carbs': 2.0, 'protein': 0.5, 'fat': 0.1, 'quantity': 0.2, 'unit': 'cup'}, {'name': 'cream sauce', 'calories': 89.0, 'carbs': 5.1, 'protein': 2.1, 'fat': 6.8, 'quantity': 0.25, 'unit': 'cup'}, {'name': 'sausage', 'calories': 210.1, 'carbs': 0.6, 'protein': 8.1, 'fat': 19.2, 'quantity': 1, 'unit': 'link (4\"" long x 1-1/8\"" dia)'}]""","""[\""chicken\"", \""potatoes\"", \""carrots\"", \""green beans\"", \""cream sauce\"", \""sausage\""]""",6,505.7,25.8,25.6,33.4
fsb_00426,fsb_00426.jpg,Chicken Stew,"""[{'name': 'chicken', 'calories': 440.0, 'carbs': 0.1, 'protein': 47.9, 'fat': 26.1, 'quantity': 200, 'unit': 'g'}, {'name': 'potatoes', 'calories': 74.4, 'carbs': 16.9, 'protein': 2.0, 'fat': 0.1, 'quantity': 80, 'unit': 'g'}, {'name': 'carrots', 'calories': 21.0, 'carbs': 4.9, 'protein': 0.5, 'fat': 0.1, 'quantity': 60, 'unit': 'g'}, {'name': 'peas', 'calories': 25.2, 'carbs': 4.7, 'protein': 1.6, 'fat': 0.1, 'quantity': 30, 'unit': 'g'}, {'name': 'corn', 'calories': 19.2, 'carbs': 4.2, 'protein': 0.7, 'fat': 0.3, 'quantity': 20, 'unit': 'g'}, {'name': 'onion', 'calories': 13.2, 'carbs': 3.0, 'protein': 0.4, 'fat': 0.1, 'quantity': 30, 'unit': 'g'}, {'name': 'gravy', 'calories': 54.7, 'carbs': 6.0, 'protein': 0.8, 'fat': 3.0, 'quantity': 0.5, 'unit': 'cup'}]""","""[\""chicken\"", \""potatoes\"", \""carrots\"", \""peas\"", \""corn\"", \""onion\"", \""gravy\""]""",7,647.7,39.8,53.9,29.8
fsb_00427,fsb_00427.jpg,Chicken Stir-Fry Noodles,"""[{'name': 'noodles', 'calories': 199.1, 'carbs': 38.9, 'protein': 7.3, 'fat': 1.2, 'quantity': 0.9, 'unit': 'cup'}, {'name': 'chicken breast', 'calories': 115.5, 'carbs': 0.0, 'protein': 21.7, 'fat': 2.5, 'quantity': 0.5, 'unit': 'cup'}, {'name': 'soy sauce', 'calories': 17.0, 'carbs': 1.6, 'protein': 2.6, 'fat': 0.2, 'quantity': 2, 'unit': 'tbsp'}, {'name': 'vegetables', 'calories': 17.7, 'carbs': 3.6, 'protein': 0.8, 'fat': 0.0, 'quantity': 0.15, 'unit': 'cup'}, {'name': 'oil', 'calories': 123.8, 'carbs': 0.0, 'protein': 0.0, 'fat': 14.0, 'quantity': 1, 'unit': 'tbsp'}]""","""[\""noodles\"", \""chicken breast\"", \""soy sauce\"", \""vegetables\"", \""oil\""]""",5,473.1,44.1,32.4,17.9
fsb_00428,fsb_00428.jpg,Chicken And Vegetable Stir-Fry,"""[{'name': 'boneless skinless chicken breast', 'calories': 198.0, 'carbs': 0.0, 'protein': 37.2, 'fat': 4.3, 'quantity': 1, 'unit': 'breast'}, {'name': 'brown rice', 'calories': 109.2, 'carbs': 22.9, 'protein': 2.3, 'fat': 0.8, 'quantity': 0.5, 'unit': 'cup'}, {'name': 'broccoli', 'calories': 9.8, 'carbs': 2.0, 'protein': 0.7, 'fat': 0.1, 'quantity': 0.2, 'unit': 'stalk, small (5\"" long)'}, {'name': 'carrot', 'calories': 10.9, 'carbs': 2.6, 'protein': 0.2, 'fat': 0.1, 'quantity': 0.2, 'unit': 'cup'}, {'name': 'cabbage', 'calories': 10.3, 'carbs': 2.5, 'protein': 0.6, 'fat': 0.0, 'quantity': 0.3, 'unit': 'cup, shredded'}, {'name': 'onion', 'calories': 18.5, 'carbs': 4.3, 'protein': 0.6, 'fat': 0.1, 'quantity': 0.2, 'unit': 'cup'}, {'name': 'olive oil', 'calories': 119.3, 'carbs': 0.0, 'protein': 0.0, 'fat': 13.5, 'quantity': 1, 'unit': 'tablespoon'}, {'name': 'roasted cabbage', 'calories': 87.4, 'carbs': 8.2, 'protein': 1.8, 'fat': 6.2, 'quantity': 1, 'unit': 'cup'}]""","""[\""boneless skinless chicken breast\"", \""brown rice\"", \""broccoli\"", \""carrot\"", \""cabbage\"", \""onion\"", \""olive oil\"", \""roasted cabbage\""]""",8,563.4,42.5,43.4,25.1
fsb_00429,fsb_00429.jpg,Chicken Stir-Fry with Cottage Cheese and Broccoli,"""[{'name': 'chicken', 'calories': 440.0, 'carbs': 0.1, 'protein': 47.9, 'fat': 26.1, 'quantity': 200, 'unit': 'g'}, {'name': 'green beans', 'calories': 17.5, 'carbs': 3.9, 'protein': 0.9, 'fat': 0.1, 'quantity': 50, 'unit': 'g'}, {'name': 'zucchini', 'calories': 4.5, 'carbs': 0.8, 'protein': 0.3, 'fat': 0.1, 'quantity': 30, 'unit': 'g'}, {'name': 'cottage cheese', 'calories': 106.6, 'carbs': 3.7, 'protein': 12.1, 'fat': 4.7, 'quantity': 0.5, 'unit': 'cup'}, {'name': 'broccoli', 'calories': 14.7, 'carbs': 3.0, 'protein': 1.0, 'fat': 0.2, 'quantity': 0.3, 'unit': 'stalk, small (5\"" long)'}]""","""[\""chicken\"", \""green beans\"", \""zucchini\"", \""cottage cheese\"", \""broccoli\""]""",5,583.3,11.5,62.2,31.2
fsb_00430,fsb_00430.jpg,Chicken Stir-Fry with Dumpling,"""[{'name': 'chicken', 'calories': 118.8, 'carbs': 0.0, 'protein': 12.9, 'fat': 7.1, 'quantity': 0.4, 'unit': 'cup'}, {'name': 'mixed vegetables', 'calories': 40.8, 'carbs': 8.8, 'protein': 2.1, 'fat': 0.4, 'quantity': 0.9, 'unit': 'cup'}, {'name': 'cashews', 'calories': 235.9, 'carbs': 13.4, 'protein': 6.3, 'fat': 19.0, 'quantity': 0.3, 'unit': 'cup, halves and whole'}, {'name': 'fried rice', 'calories': 119.2, 'carbs': 22.5, 'protein': 2.8, 'fat': 2.0, 'quantity': 0.5, 'unit': 'cup'}, {'name': 'dumpling', 'calories': 73.6, 'carbs': 12.5, 'protein': 2.0, 'fat': 1.7, 'quantity': 1, 'unit': 'medium dumpling'}, {'name': 'soy sauce', 'calories': 8.5, 'carbs': 0.8, 'protein': 1.3, 'fat': 0.1, 'quantity': 1, 'unit': 'tbsp'}]""","""[\""chicken\"", \""mixed vegetables\"", \""cashews\"", \""fried rice\"", \""dumpling\"", \""soy sauce\""]""",6,596.8,58.0,27.4,30.3
fsb_00431,fsb_00431.jpg,Chicken Stir-Fry with Red Peppers,"""[{'name': 'chicken', 'calories': 118.8, 'carbs': 0.0, 'protein': 12.9, 'fat': 7.1, 'quantity': 0.4, 'unit': 'cup'}, {'name': 'red bell pepper', 'calories': 10.4, 'carbs': 2.5, 'protein': 0.3, 'fat': 0.1, 'quantity': 0.2, 'unit': 'cup'}, {'name': 'onion', 'calories': 18.5, 'carbs': 4.3, 'protein': 0.6, 'fat': 0.1, 'quantity': 0.2, 'unit': 'cup'}, {'name': 'olive oil', 'calories': 119.3, 'carbs': 0.0, 'protein': 0.0, 'fat': 13.5, 'quantity': 1, 'unit': 'tbsp'}]""","""[\""chicken\"", \""red bell pepper\"", \""onion\"", \""olive oil\""]""",4,267.0,6.8,13.8,20.8
fsb_00432,fsb_00432.jpg,Chicken Stir-Fry with Vegetables,"""[{'name': 'chicken', 'calories': 118.8, 'carbs': 0.0, 'protein': 12.9, 'fat': 7.1, 'quantity': 0.4, 'unit': 'cup'}, {'name': 'carrots', 'calories': 10.9, 'carbs': 2.6, 'protein': 0.2, 'fat': 0.1, 'quantity': 0.2, 'unit': 'cup'}, {'name': 'edamame', 'calories': 56.3, 'carbs': 4.1, 'protein': 5.5, 'fat': 2.4, 'quantity': 0.3, 'unit': 'cup'}, {'name': 'bell peppers', 'calories': 11.2, 'carbs': 2.7, 'protein': 0.4, 'fat': 0.1, 'quantity': 0.3, 'unit': 'cup, strips'}, {'name': 'olive oil', 'calories': 39.8, 'carbs': 0.0, 'protein': 0.0, 'fat': 4.5, 'quantity': 1, 'unit': 'tsp'}]""","""[\""chicken\"", \""carrots\"", \""edamame\"", \""bell peppers\"", \""olive oil\""]""",5,237.0,9.4,19.0,14.2
fsb_00433,fsb_00433.jpg,Chicken Stir-Fry,"""[{'name': 'chicken', 'calories': 237.6, 'carbs': 0.1, 'protein': 25.9, 'fat': 14.1, 'quantity': 0.8, 'unit': 'cup'}, {'name': 'carrots', 'calories': 10.9, 'carbs': 2.6, 'protein': 0.2, 'fat': 0.1, 'quantity': 0.2, 'unit': 'cup'}, {'name': 'edamame', 'calories': 56.3, 'carbs': 4.1, 'protein': 5.5, 'fat': 2.4, 'quantity': 0.3, 'unit': 'cup'}, {'name': 'bell peppers', 'calories': 11.2, 'carbs': 2.7, 'protein': 0.4, 'fat': 0.1, 'quantity': 0.3, 'unit': 'cup, strips'}, {'name': 'olive oil', 'calories': 119.3, 'carbs': 0.0, 'protein': 0.0, 'fat': 13.5, 'quantity': 1, 'unit': 'tbsp'}]""","""[\""chicken\"", \""carrots\"", \""edamame\"", \""bell peppers\"", \""olive oil\""]""",5,435.3,9.5,32.0,30.2
fsb_00434,fsb_00434.jpg,Chicken Tacos,"""[{'name': 'flour tortilla', 'calories': 184.3, 'carbs': 31.5, 'protein': 4.9, 'fat': 4.0, 'quantity': 2, 'unit': 'oz'}, {'name': 'grilled chicken', 'calories': 113.7, 'carbs': 0.0, 'protein': 22.7, 'fat': 2.6, 'quantity': 0.4, 'unit': 'piece'}, {'name': 'coleslaw', 'calories': 17.4, 'carbs': 1.4, 'protein': 0.1, 'fat': 1.3, 'quantity': 0.05, 'unit': 'cup'}, {'name': 'sour cream', 'calories': 71.3, 'carbs': 1.7, 'protein': 0.9, 'fat': 7.0, 'quantity': 3, 'unit': 'tbsp'}]""","""[\""flour tortilla\"", \""grilled chicken\"", \""coleslaw\"", \""sour cream\""]""",4,386.7,34.6,28.6,14.9
fsb_00435,fsb_00435.jpg,Buffalo Chicken Fries,"""[{'name': 'chicken tenders', 'calories': 111.7, 'carbs': 7.1, 'protein': 7.0, 'fat': 6.2, 'quantity': 1, 'unit': 'piece'}, {'name': 'french fries', 'calories': 355.7, 'carbs': 47.2, 'protein': 3.9, 'fat': 16.8, 'quantity': 2, 'unit': 'cup'}, {'name': 'ranch dressing', 'calories': 129.0, 'carbs': 1.8, 'protein': 0.4, 'fat': 13.4, 'quantity': 2, 'unit': 'tablespoons'}, {'name': 'buffalo sauce', 'calories': 30.1, 'carbs': 4.8, 'protein': 1.4, 'fat': 1.0, 'quantity': 19, 'unit': 'tbsp'}]""","""[\""chicken tenders\"", \""french fries\"", \""ranch dressing\"", \""buffalo sauce\""]""",4,626.5,60.9,12.7,37.4
fsb_00436,fsb_00436.jpg,Teriyaki Chicken Stir-Fry,"""[{'name': 'chicken teriyaki', 'calories': 299.4, 'carbs': 5.3, 'protein': 42.3, 'fat': 10.7, 'quantity': 0.8, 'unit': 'cup'}, {'name': 'mushrooms', 'calories': 13.2, 'carbs': 2.5, 'protein': 1.0, 'fat': 0.2, 'quantity': 0.3, 'unit': 'cup'}, {'name': 'carrots', 'calories': 27.2, 'carbs': 6.4, 'protein': 0.6, 'fat': 0.1, 'quantity': 0.5, 'unit': 'cup'}, {'name': 'spinach', 'calories': 8.3, 'carbs': 1.4, 'protein': 1.1, 'fat': 0.1, 'quantity': 0.2, 'unit': 'cup'}, {'name': 'bean sprouts', 'calories': 7.8, 'carbs': 1.6, 'protein': 0.8, 'fat': 0.0, 'quantity': 0.3, 'unit': 'cup'}, {'name': 'soy sauce', 'calories': 8.5, 'carbs': 0.8, 'protein': 1.3, 'fat': 0.1, 'quantity': 1, 'unit': 'tbsp'}]""","""[\""chicken teriyaki\"", \""mushrooms\"", \""carrots\"", \""spinach\"", \""bean sprouts\"", \""soy sauce\""]""",6,364.4,18.0,47.1,11.2
fsb_00437,fsb_00437.jpg,Chicken Tortilla Soup,"""[{'name': 'chicken', 'calories': 118.8, 'carbs': 0.0, 'protein': 12.9, 'fat': 7.1, 'quantity': 0.4, 'unit': 'cup'}, {'name': 'black beans', 'calories': 68.1, 'carbs': 12.2, 'protein': 4.6, 'fat': 0.3, 'quantity': 0.3, 'unit': 'cup'}, {'name': 'corn', 'calories': 34.0, 'carbs': 7.4, 'protein': 1.2, 'fat': 0.5, 'quantity': 0.3, 'unit': 'ear large (7-3/4\"" to 9\"" long)'}, {'name': 'tomato', 'calories': 6.5, 'carbs': 1.4, 'protein': 0.3, 'fat': 0.1, 'quantity': 0.2, 'unit': 'cup, chopped or sliced'}, {'name': 'tortilla strips', 'calories': 60.4, 'carbs': 8.7, 'protein': 0.9, 'fat': 2.6, 'quantity': 0.4, 'unit': 'cup'}, {'name': 'cream', 'calories': 102.0, 'carbs': 0.8, 'protein': 0.9, 'fat': 10.8, 'quantity': 2, 'unit': 'tbsp'}, {'name': 'chicken broth', 'calories': 10.5, 'carbs': 0.8, 'protein': 1.1, 'fat': 0.4, 'quantity': 0.7, 'unit': 'cup'}]""","""[\""chicken\"", \""black beans\"", \""corn\"", \""tomato\"", \""tortilla strips\"", \""cream\"", \""chicken broth\""]""",7,400.3,31.3,21.9,21.8
fsb_00438,fsb_00438.jpg,Chicken Vegetable Soup,"""[{'name': 'chicken breast', 'calories': 115.5, 'carbs': 0.0, 'protein': 21.7, 'fat': 2.5, 'quantity': 0.5, 'unit': 'cup'}, {'name': 'ditalini pasta', 'calories': 96.3, 'carbs': 18.8, 'protein': 3.5, 'fat': 0.6, 'quantity': 0.6, 'unit': 'cup'}, {'name': 'green beans', 'calories': 8.8, 'carbs': 2.0, 'protein': 0.5, 'fat': 0.1, 'quantity': 0.2, 'unit': 'cup'}, {'name': 'carrots', 'calories': 10.9, 'carbs': 2.6, 'protein': 0.2, 'fat': 0.1, 'quantity': 0.2, 'unit': 'cup'}, {'name': 'tomatoes', 'calories': 6.5, 'carbs': 1.4, 'protein': 0.3, 'fat': 0.1, 'quantity': 0.2, 'unit': 'cup, chopped or sliced'}, {'name': 'chicken broth', 'calories': 14.9, 'carbs': 1.1, 'protein': 1.6, 'fat': 0.5, 'quantity': 1, 'unit': 'cup'}]""","""[\""chicken breast\"", \""ditalini pasta\"", \""green beans\"", \""carrots\"", \""tomatoes\"", \""chicken broth\""]""",6,252.9,25.9,27.8,3.9
fsb_00439,fsb_00439.jpg,Chicken Vegetable Soup,"""[{'name': 'chicken', 'calories': 118.8, 'carbs': 0.0, 'protein': 12.9, 'fat': 7.1, 'quantity': 0.4, 'unit': 'cup'}, {'name': 'carrots', 'calories': 10.9, 'carbs': 2.6, 'protein': 0.2, 'fat': 0.1, 'quantity': 0.2, 'unit': 'cup'}, {'name': 'celery', 'calories': 3.8, 'carbs': 0.7, 'protein': 0.2, 'fat': 0.0, 'quantity': 0.2, 'unit': 'cup'}, {'name': 'chicken broth', 'calories': 14.9, 'carbs': 1.1, 'protein': 1.6, 'fat': 0.5, 'quantity': 1, 'unit': 'cup'}]""","""[\""chicken\"", \""carrots\"", \""celery\"", \""chicken broth\""]""",4,148.4,4.4,14.9,7.7
fsb_00440,fsb_00440.jpg,Chicken Vegetable Soup,"""[{'name': 'chicken', 'calories': 118.8, 'carbs': 0.0, 'protein': 12.9, 'fat': 7.1, 'quantity': 0.4, 'unit': 'cup'}, {'name': 'carrots', 'calories': 10.9, 'carbs': 2.6, 'protein': 0.2, 'fat': 0.1, 'quantity': 0.2, 'unit': 'cup'}, {'name': 'celery', 'calories': 5.8, 'carbs': 1.1, 'protein': 0.2, 'fat': 0.1, 'quantity': 0.3, 'unit': 'cup'}, {'name': 'potatoes', 'calories': 34.0, 'carbs': 7.7, 'protein': 0.9, 'fat': 0.0, 'quantity': 0.3, 'unit': 'cup'}, {'name': 'chicken broth', 'calories': 14.9, 'carbs': 1.1, 'protein': 1.6, 'fat': 0.5, 'quantity': 1, 'unit': 'cup'}, {'name': 'olive oil', 'calories': 119.3, 'carbs': 0.0, 'protein': 0.0, 'fat': 13.5, 'quantity': 1, 'unit': 'tablespoon'}]""","""[\""chicken\"", \""carrots\"", \""celery\"", \""potatoes\"", \""chicken broth\"", \""olive oil\""]""",6,303.7,12.5,15.8,21.3
fsb_00441,fsb_00441.jpg,Chicken Pot Pie,"""[{'name': 'chicken', 'calories': 118.8, 'carbs': 0.0, 'protein': 12.9, 'fat': 7.1, 'quantity': 0.4, 'unit': 'cup'}, {'name': 'carrots', 'calories': 10.9, 'carbs': 2.6, 'protein': 0.2, 'fat': 0.1, 'quantity': 0.2, 'unit': 'cup'}, {'name': 'peas', 'calories': 26.9, 'carbs': 5.0, 'protein': 1.7, 'fat': 0.1, 'quantity': 0.2, 'unit': 'cup'}, {'name': 'corn', 'calories': 28.6, 'carbs': 6.3, 'protein': 1.0, 'fat': 0.4, 'quantity': 0.2, 'unit': 'cup cut'}, {'name': 'cream', 'calories': 163.2, 'carbs': 1.3, 'protein': 1.4, 'fat': 17.3, 'quantity': 0.2, 'unit': 'cup'}, {'name': 'Chicken Pot Pie', 'calories': 90.0, 'carbs': 14.0, 'protein': 4.0, 'fat': 2.5, 'quantity': 1, 'unit': 'cup'}]""","""[\""chicken\"", \""carrots\"", \""peas\"", \""corn\"", \""cream\"", \""Chicken Pot Pie\""]""",6,438.4,29.2,21.2,27.5
fsb_00442,fsb_00442.jpg,Chicken Vegetable Soup,"""[{'name': 'carrots', 'calories': 10.9, 'carbs': 2.6, 'protein': 0.2, 'fat': 0.1, 'quantity': 0.2, 'unit': 'cup'}, {'name': 'potatoes', 'calories': 34.0, 'carbs': 7.7, 'protein': 0.9, 'fat': 0.0, 'quantity': 0.3, 'unit': 'cup'}, {'name': 'celery', 'calories': 5.8, 'carbs': 1.1, 'protein': 0.2, 'fat': 0.1, 'quantity': 0.3, 'unit': 'cup'}, {'name': 'chicken broth', 'calories': 14.9, 'carbs': 1.1, 'protein': 1.6, 'fat': 0.5, 'quantity': 1, 'unit': 'cup'}, {'name': 'olive oil', 'calories': 39.8, 'carbs': 0.0, 'protein': 0.0, 'fat': 4.5, 'quantity': 1, 'unit': 'tsp'}, {'name': 'salmon', 'calories': 467.6, 'carbs': 0.0, 'protein': 50.2, 'fat': 28.0, 'quantity': 1, 'unit': 'fillet'}]""","""[\""carrots\"", \""potatoes\"", \""celery\"", \""chicken broth\"", \""olive oil\"", \""salmon\""]""",6,573.0,12.5,53.1,33.2
fsb_00443,fsb_00443.jpg,Chicken Wings with Vegetables and Macaroni,"""[{'name': 'chicken wings', 'calories': 263.2, 'carbs': 7.9, 'protein': 13.6, 'fat': 19.5, 'quantity': 3, 'unit': 'wingette or drummette'}, {'name': 'mixed vegetables', 'calories': 45.3, 'carbs': 9.7, 'protein': 2.4, 'fat': 0.5, 'quantity': 1, 'unit': 'cup'}, {'name': 'macaroni and cheese', 'calories': 150.5, 'carbs': 19.0, 'protein': 3.9, 'fat': 6.6, 'quantity': 0.4, 'unit': 'cup'}]""","""[\""chicken wings\"", \""mixed vegetables\"", \""macaroni and cheese\""]""",3,459.0,36.6,19.9,26.6
fsb_00444,fsb_00444.jpg,Chicken Couscous Salad,"""[{'name': 'boneless skinless chicken breast', 'calories': 198.0, 'carbs': 0.0, 'protein': 37.2, 'fat': 4.3, 'quantity': 1, 'unit': 'breast'}, {'name': 'couscous', 'calories': 87.9, 'carbs': 18.2, 'protein': 3.0, 'fat': 0.1, 'quantity': 0.5, 'unit': 'cup, cooked'}, {'name': 'carrots', 'calories': 13.6, 'carbs': 3.2, 'protein': 0.3, 'fat': 0.1, 'quantity': 4, 'unit': 'tbsp'}]""","""[\""boneless skinless chicken breast\"", \""couscous\"", \""carrots\""]""",3,299.5,21.4,40.5,4.5
fsb_00445,fsb_00445.jpg,Chicken with Couscous and Carrots,"""[{'name': 'chicken', 'calories': 297.0, 'carbs': 0.1, 'protein': 32.3, 'fat': 17.6, 'quantity': 1, 'unit': 'cup'}, {'name': 'couscous', 'calories': 87.9, 'carbs': 18.2, 'protein': 3.0, 'fat': 0.1, 'quantity': 0.5, 'unit': 'cup, cooked'}, {'name': 'carrots', 'calories': 27.2, 'carbs': 6.4, 'protein': 0.6, 'fat': 0.1, 'quantity': 0.5, 'unit': 'cup'}]""","""[\""chicken\"", \""couscous\"", \""carrots\""]""",3,412.1,24.7,35.9,17.8
fsb_00446,fsb_00446.jpg,Chicken with Couscous,"""[{'name': 'chicken breast', 'calories': 161.7, 'carbs': 0.0, 'protein': 30.4, 'fat': 3.5, 'quantity': 1, 'unit': 'fillet'}, {'name': 'couscous', 'calories': 175.8, 'carbs': 36.5, 'protein': 6.0, 'fat': 0.3, 'quantity': 1, 'unit': 'cup, cooked'}, {'name': 'olive oil', 'calories': 119.3, 'carbs': 0.0, 'protein': 0.0, 'fat': 13.5, 'quantity': 1, 'unit': 'tbsp'}]""","""[\""chicken breast\"", \""couscous\"", \""olive oil\""]""",3,456.8,36.5,36.4,17.3
fsb_00447,fsb_00447.jpg,Chicken with Green Beans and Spinach,"""[{'name': 'chicken breast', 'calories': 161.7, 'carbs': 0.0, 'protein': 30.4, 'fat': 3.5, 'quantity': 1, 'unit': 'fillet'}, {'name': 'green beans', 'calories': 30.6, 'carbs': 6.9, 'protein': 1.7, 'fat': 0.2, 'quantity': 0.7, 'unit': 'cup'}, {'name': 'spinach', 'calories': 4.1, 'carbs': 0.7, 'protein': 0.5, 'fat': 0.0, 'quantity': 0.1, 'unit': 'cup'}, {'name': 'olive oil', 'calories': 119.3, 'carbs': 0.0, 'protein': 0.0, 'fat': 13.5, 'quantity': 1, 'unit': 'tablespoon'}, {'name': 'lemon', 'calories': 4.1, 'carbs': 1.3, 'protein': 0.2, 'fat': 0.0, 'quantity': 2, 'unit': 'wedge or slice (1/8 of one 2-1/8\"" dia lemon)'}]""","""[\""chicken breast\"", \""green beans\"", \""spinach\"", \""olive oil\"", \""lemon\""]""",5,319.8,8.9,32.8,17.2
fsb_00448,fsb_00448.jpg,Chicken with Pesto and Tomato Sauce,"""[{'name': 'chicken breast', 'calories': 165.0, 'carbs': 0.0, 'protein': 31.0, 'fat': 3.6, 'quantity': 100, 'unit': 'g'}, {'name': 'pesto sauce', 'calories': 131.7, 'carbs': 3.2, 'protein': 3.1, 'fat': 11.8, 'quantity': 2, 'unit': 'tbsp'}, {'name': 'tomato sauce', 'calories': 29.4, 'carbs': 6.5, 'protein': 1.5, 'fat': 0.4, 'quantity': 0.5, 'unit': 'cup'}, {'name': 'almonds', 'calories': 101.7, 'carbs': 3.6, 'protein': 3.6, 'fat': 8.9, 'quantity': 0.6, 'unit': 'wt. oz'}]""","""[\""chicken breast\"", \""pesto sauce\"", \""tomato sauce\"", \""almonds\""]""",4,427.8,13.3,39.2,24.7
fsb_00449,fsb_00449.jpg,Curry Chicken With Broccoli And Potatoes,"""[{'name': 'chicken breast', 'calories': 138.6, 'carbs': 0.0, 'protein': 26.1, 'fat': 3.0, 'quantity': 0.7, 'unit': 'breast'}, {'name': 'potatoes', 'calories': 113.5, 'carbs': 25.8, 'protein': 3.0, 'fat': 0.2, 'quantity': 1, 'unit': 'cup'}, {'name': 'broccoli', 'calories': 14.7, 'carbs': 3.0, 'protein': 1.0, 'fat': 0.2, 'quantity': 0.3, 'unit': 'stalk, small (5\"" long)'}, {'name': 'tomato sauce', 'calories': 20.6, 'carbs': 4.6, 'protein': 1.0, 'fat': 0.3, 'quantity': 0.35, 'unit': 'cup'}, {'name': 'light yogurt', 'calories': 73.1, 'carbs': 12.8, 'protein': 6.6, 'fat': 0.3, 'quantity': 1, 'unit': 'container (6 oz)'}, {'name': 'curry powder', 'calories': 6.5, 'carbs': 1.1, 'protein': 0.3, 'fat': 0.3, 'quantity': 1, 'unit': 'tsp'}]""","""[\""chicken breast\"", \""potatoes\"", \""broccoli\"", \""tomato sauce\"", \""light yogurt\"", \""curry powder\""]""",6,367.0,47.3,38.0,4.3
fsb_00450,fsb_00450.jpg,Chicken with Rice and Green Beans,"""[{'name': 'fried chicken', 'calories': 228.7, 'carbs': 2.7, 'protein': 24.3, 'fat': 12.7, 'quantity': 3, 'unit': 'oz'}, {'name': 'white rice', 'calories': 102.7, 'carbs': 22.3, 'protein': 2.1, 'fat': 0.2, 'quantity': 0.5, 'unit': 'cup'}, {'name': 'green beans', 'calories': 21.9, 'carbs': 4.9, 'protein': 1.2, 'fat': 0.2, 'quantity': 0.5, 'unit': 'cup'}]""","""[\""fried chicken\"", \""white rice\"", \""green beans\""]""",3,353.3,29.9,27.6,13.1
fsb_00451,fsb_00451.jpg,Chicken with Rice and Kimchi,"""[{'name': 'chicken thigh', 'calories': 239.7, 'carbs': 0.1, 'protein': 26.3, 'fat': 15.5, 'quantity': 1, 'unit': 'thigh without skin'}, {'name': 'brown rice', 'calories': 109.2, 'carbs': 22.9, 'protein': 2.3, 'fat': 0.8, 'quantity': 0.5, 'unit': 'cup'}, {'name': 'kimchi', 'calories': 15.7, 'carbs': 2.5, 'protein': 1.2, 'fat': 0.5, 'quantity': 0.7, 'unit': 'cup'}]""","""[\""chicken thigh\"", \""brown rice\"", \""kimchi\""]""",3,364.6,25.5,29.8,16.8
fsb_00452,fsb_00452.jpg,Chicken And Vegetable Rice Bowl,"""[{'name': 'brown rice', 'calories': 109.2, 'carbs': 22.9, 'protein': 2.3, 'fat': 0.8, 'quantity': 0.5, 'unit': 'cup'}, {'name': 'mixed vegetables', 'calories': 40.8, 'carbs': 8.8, 'protein': 2.1, 'fat': 0.4, 'quantity': 0.9, 'unit': 'cup'}, {'name': 'broccoli', 'calories': 14.0, 'carbs': 2.9, 'protein': 1.0, 'fat': 0.2, 'quantity': 4, 'unit': 'floret'}, {'name': 'chicken breast', 'calories': 161.7, 'carbs': 0.0, 'protein': 30.4, 'fat': 3.5, 'quantity': 1, 'unit': 'fillet'}, {'name': 'lomi salmon', 'calories': 0.6, 'carbs': 0.0, 'protein': 0.1, 'fat': 0.0, 'quantity': 1, 'unit': 'GRM'}]""","""[\""brown rice\"", \""mixed vegetables\"", \""broccoli\"", \""chicken breast\"", \""lomi salmon\""]""",5,326.3,34.6,35.9,4.9
fsb_00453,fsb_00453.jpg,Chicken with Rice and Salad,"""[{'name': 'chicken leg', 'calories': 244.7, 'carbs': 0.0, 'protein': 32.0, 'fat': 12.0, 'quantity': 1, 'unit': 'thigh with skin'}, {'name': 'rice', 'calories': 102.7, 'carbs': 22.3, 'protein': 2.1, 'fat': 0.2, 'quantity': 0.5, 'unit': 'cup'}, {'name': 'lettuce', 'calories': 4.8, 'carbs': 0.9, 'protein': 0.3, 'fat': 0.1, 'quantity': 0.6, 'unit': 'cups shredded'}, {'name': 'tomato', 'calories': 6.5, 'carbs': 1.4, 'protein': 0.3, 'fat': 0.1, 'quantity': 0.2, 'unit': 'cup, chopped or sliced'}, {'name': 'cucumber', 'calories': 3.9, 'carbs': 0.9, 'protein': 0.2, 'fat': 0.0, 'quantity': 0.25, 'unit': 'cup slices'}, {'name': 'olive oil', 'calories': 39.8, 'carbs': 0.0, 'protein': 0.0, 'fat': 4.5, 'quantity': 1, 'unit': 'tsp'}]""","""[\""chicken leg\"", \""rice\"", \""lettuce\"", \""tomato\"", \""cucumber\"", \""olive oil\""]""",6,402.4,25.5,34.9,16.9
fsb_00454,fsb_00454.jpg,Chicken with Rice and Vegetables,"""[{'name': 'chicken breast', 'calories': 115.5, 'carbs': 0.0, 'protein': 21.7, 'fat': 2.5, 'quantity': 0.5, 'unit': 'cup, chopped or diced'}, {'name': 'tomato', 'calories': 11.1, 'carbs': 2.4, 'protein': 0.5, 'fat': 0.1, 'quantity': 0.5, 'unit': 'medium whole (2-3/5\"" dia)'}, {'name': 'white rice', 'calories': 143.8, 'carbs': 31.2, 'protein': 3.0, 'fat': 0.3, 'quantity': 0.7, 'unit': 'cup'}, {'name': 'mushrooms', 'calories': 4.4, 'carbs': 0.8, 'protein': 0.3, 'fat': 0.1, 'quantity': 0.1, 'unit': 'cup'}, {'name': 'olive oil', 'calories': 119.3, 'carbs': 0.0, 'protein': 0.0, 'fat': 13.5, 'quantity': 1, 'unit': 'tbsp'}]""","""[\""chicken breast\"", \""tomato\"", \""white rice\"", \""mushrooms\"", \""olive oil\""]""",5,394.1,34.4,25.5,16.5
fsb_00455,fsb_00455.jpg,Chicken with Salad,"""[{'name': 'chicken breast', 'calories': 161.7, 'carbs': 0.0, 'protein': 30.4, 'fat': 3.5, 'quantity': 1, 'unit': 'fillet'}, {'name': 'tomato sauce', 'calories': 20.6, 'carbs': 4.6, 'protein': 1.0, 'fat': 0.3, 'quantity': 0.35, 'unit': 'cup'}, {'name': 'cheddar cheese', 'calories': 113.1, 'carbs': 0.9, 'protein': 6.4, 'fat': 9.3, 'quantity': 1, 'unit': 'slice (1 oz)'}, {'name': 'lettuce', 'calories': 4.8, 'carbs': 0.9, 'protein': 0.3, 'fat': 0.1, 'quantity': 1, 'unit': 'wt. oz'}, {'name': 'carrot', 'calories': 11.3, 'carbs': 2.6, 'protein': 0.2, 'fat': 0.1, 'quantity': 0.7, 'unit': 'carrot'}, {'name': 'cabbage', 'calories': 10.3, 'carbs': 2.5, 'protein': 0.6, 'fat': 0.0, 'quantity': 0.3, 'unit': 'cup, shredded'}, {'name': 'ranch dressing', 'calories': 129.0, 'carbs': 1.8, 'protein': 0.4, 'fat': 13.4, 'quantity': 2, 'unit': 'tablespoons'}]""","""[\""chicken breast\"", \""tomato sauce\"", \""cheddar cheese\"", \""lettuce\"", \""carrot\"", \""cabbage\"", \""ranch dressing\""]""",7,450.8,13.3,39.3,26.7
fsb_00456,fsb_00456.jpg,Chicken with Steamed Vegetables,"""[{'name': 'chicken', 'calories': 440.0, 'carbs': 0.1, 'protein': 47.9, 'fat': 26.1, 'quantity': 200, 'unit': 'g'}, {'name': 'broccoli', 'calories': 14.7, 'carbs': 3.0, 'protein': 1.0, 'fat': 0.2, 'quantity': 0.3, 'unit': 'stalk, small (5\"" long)'}, {'name': 'carrots', 'calories': 27.2, 'carbs': 6.4, 'protein': 0.6, 'fat': 0.1, 'quantity': 0.5, 'unit': 'cup'}, {'name': 'zucchini', 'calories': 9.8, 'carbs': 1.7, 'protein': 0.7, 'fat': 0.2, 'quantity': 0.5, 'unit': 'small'}, {'name': 'lemon', 'calories': 2.0, 'carbs': 0.7, 'protein': 0.1, 'fat': 0.0, 'quantity': 1, 'unit': 'wedge or slice (1/8 of one 2-1/8\"" dia lemon)'}, {'name': 'sauce', 'calories': 57.8, 'carbs': 8.6, 'protein': 1.6, 'fat': 1.9, 'quantity': 7, 'unit': 'tbsp'}]""","""[\""chicken\"", \""broccoli\"", \""carrots\"", \""zucchini\"", \""lemon\"", \""sauce\""]""",6,551.5,20.5,51.9,28.5
fsb_00457,fsb_00457.jpg,Chicken with Tomato and Pesto Sauce,"""[{'name': 'chicken breast', 'calories': 165.0, 'carbs': 0.0, 'protein': 31.0, 'fat': 3.6, 'quantity': 100, 'unit': 'g'}, {'name': 'tomato sauce', 'calories': 20.6, 'carbs': 4.6, 'protein': 1.0, 'fat': 0.3, 'quantity': 0.35, 'unit': 'cup'}, {'name': 'pesto sauce', 'calories': 79.0, 'carbs': 1.9, 'protein': 1.9, 'fat': 7.1, 'quantity': 0.075, 'unit': 'cup'}, {'name': 'almonds', 'calories': 101.7, 'carbs': 3.6, 'protein': 3.6, 'fat': 8.9, 'quantity': 0.6, 'unit': 'wt. oz'}]""","""[\""chicken breast\"", \""tomato sauce\"", \""pesto sauce\"", \""almonds\""]""",4,366.3,10.1,37.5,19.9
fsb_00458,fsb_00458.jpg,Chicken And Vegetable Stir-Fry,"""[{'name': 'boneless skinless chicken breast', 'calories': 198.0, 'carbs': 0.0, 'protein': 37.2, 'fat': 4.3, 'quantity': 1, 'unit': 'breast'}, {'name': 'green beans', 'calories': 21.9, 'carbs': 4.9, 'protein': 1.2, 'fat': 0.2, 'quantity': 0.5, 'unit': 'cup'}, {'name': 'corn on the cob', 'calories': 71.5, 'carbs': 15.6, 'protein': 2.5, 'fat': 1.1, 'quantity': 0.5, 'unit': 'cup'}, {'name': 'mixed vegetables', 'calories': 31.7, 'carbs': 6.8, 'protein': 1.7, 'fat': 0.3, 'quantity': 0.7, 'unit': 'cup'}]""","""[\""boneless skinless chicken breast\"", \""green beans\"", \""corn on the cob\"", \""mixed vegetables\""]""",4,323.1,27.3,42.6,5.9
fsb_00459,fsb_00459.jpg,Chicken Vegetable Salad,"""[{'name': 'chicken breast', 'calories': 161.7, 'carbs': 0.0, 'protein': 30.4, 'fat': 3.5, 'quantity': 1, 'unit': 'fillet'}, {'name': 'mixed vegetables', 'calories': 45.3, 'carbs': 9.7, 'protein': 2.4, 'fat': 0.5, 'quantity': 1, 'unit': 'cup'}, {'name': 'salad', 'calories': 60.0, 'carbs': 12.6, 'protein': 3.7, 'fat': 0.6, 'quantity': 3, 'unit': 'serving'}, {'name': 'tap water', 'calories': 0.0, 'carbs': 0.0, 'protein': 0.0, 'fat': 0.0, 'quantity': 1, 'unit': 'serving 8 fl oz'}]""","""[\""chicken breast\"", \""mixed vegetables\"", \""salad\"", \""tap water\""]""",4,267.0,22.3,36.5,4.6
fsb_00460,fsb_00460.jpg,Chicken Wrap with Fries,"""[{'name': 'chicken', 'calories': 176.0, 'carbs': 0.0, 'protein': 19.2, 'fat': 10.5, 'quantity': 80, 'unit': 'g'}, {'name': 'tortilla', 'calories': 143.3, 'carbs': 24.5, 'protein': 3.8, 'fat': 3.1, 'quantity': 0.9, 'unit': 'tortilla (approx 7-8\"" dia)'}, {'name': 'cheese', 'calories': 121.2, 'carbs': 0.9, 'protein': 6.9, 'fat': 10.0, 'quantity': 30, 'unit': 'g'}, {'name': 'french fries', 'calories': 312.0, 'carbs': 41.4, 'protein': 3.4, 'fat': 14.7, 'quantity': 100, 'unit': 'g'}]""","""[\""chicken\"", \""tortilla\"", \""cheese\"", \""french fries\""]""",4,752.5,66.8,33.3,38.3
fsb_00461,fsb_00461.jpg,Chicken Wrap,"""[{'name': 'chicken breast', 'calories': 115.5, 'carbs': 0.0, 'protein': 21.7, 'fat': 2.5, 'quantity': 0.5, 'unit': 'cup'}, {'name': 'lettuce', 'calories': 4.8, 'carbs': 0.9, 'protein': 0.3, 'fat': 0.1, 'quantity': 0.6, 'unit': 'cups shredded'}, {'name': 'tomato', 'calories': 6.5, 'carbs': 1.4, 'protein': 0.3, 'fat': 0.1, 'quantity': 0.2, 'unit': 'cup, chopped or sliced'}, {'name': 'bell pepper', 'calories': 11.2, 'carbs': 2.7, 'protein': 0.4, 'fat': 0.1, 'quantity': 0.3, 'unit': 'cup, strips'}, {'name': 'mushrooms', 'calories': 4.4, 'carbs': 0.8, 'protein': 0.3, 'fat': 0.1, 'quantity': 0.1, 'unit': 'cup'}, {'name': 'tortilla', 'calories': 143.3, 'carbs': 24.5, 'protein': 3.8, 'fat': 3.1, 'quantity': 0.9, 'unit': 'tortilla (approx 7-8\"" dia)'}]""","""[\""chicken breast\"", \""lettuce\"", \""tomato\"", \""bell pepper\"", \""mushrooms\"", \""tortilla\""]""",6,285.7,30.3,26.8,6.0
fsb_00462,fsb_00462.jpg,Chicken Wrap,"""[{'name': 'chicken', 'calories': 130.9, 'carbs': 0.0, 'protein': 14.3, 'fat': 7.8, 'quantity': 2.0999999999999996, 'unit': 'oz'}, {'name': 'tortilla', 'calories': 210.6, 'carbs': 36.0, 'protein': 5.6, 'fat': 4.6, 'quantity': 0.9, 'unit': 'tortilla (approx 10\"" dia)'}, {'name': 'vegetables', 'calories': 11.8, 'carbs': 2.4, 'protein': 0.5, 'fat': 0.0, 'quantity': 0.1, 'unit': 'cup'}, {'name': 'sauce', 'calories': 49.5, 'carbs': 7.4, 'protein': 1.4, 'fat': 1.6, 'quantity': 6, 'unit': 'tbsp'}]""","""[\""chicken\"", \""tortilla\"", \""vegetables\"", \""sauce\""]""",4,402.8,45.8,21.8,14.0
fsb_00463,fsb_00463.jpg,Grilled Chicken Spinach Wrap,"""[{'name': 'spinach wrap', 'calories': 234.0, 'carbs': 40.0, 'protein': 6.3, 'fat': 5.1, 'quantity': 1, 'unit': 'tortilla (approx 10\"" dia)'}, {'name': 'grilled chicken', 'calories': 125.8, 'carbs': 0.0, 'protein': 25.1, 'fat': 2.9, 'quantity': 3, 'unit': 'oz'}, {'name': 'mixed greens', 'calories': 6.0, 'carbs': 1.3, 'protein': 0.4, 'fat': 0.1, 'quantity': 0.8999999999999999, 'unit': 'cups'}, {'name': 'carrots', 'calories': 10.9, 'carbs': 2.6, 'protein': 0.2, 'fat': 0.1, 'quantity': 0.2, 'unit': 'cup'}, {'name': 'hummus', 'calories': 99.6, 'carbs': 8.6, 'protein': 4.7, 'fat': 5.8, 'quantity': 0.25, 'unit': 'cup'}]""","""[\""spinach wrap\"", \""grilled chicken\"", \""mixed greens\"", \""carrots\"", \""hummus\""]""",5,476.3,52.5,36.7,14.0
fsb_00464,fsb_00464.jpg,Chicken Wrap,"""[{'name': 'tortilla', 'calories': 143.3, 'carbs': 24.5, 'protein': 3.8, 'fat': 3.1, 'quantity': 0.9, 'unit': 'tortilla (approx 7-8\"" dia)'}, {'name': 'chicken breast', 'calories': 69.3, 'carbs': 0.0, 'protein': 13.0, 'fat': 1.5, 'quantity': 0.3, 'unit': 'cup'}, {'name': 'lettuce', 'calories': 1.6, 'carbs': 0.3, 'protein': 0.1, 'fat': 0.0, 'quantity': 0.2, 'unit': 'cups shredded'}, {'name': 'red bell pepper', 'calories': 10.4, 'carbs': 2.5, 'protein': 0.3, 'fat': 0.1, 'quantity': 0.2, 'unit': 'cup'}, {'name': 'avocado', 'calories': 48.0, 'carbs': 2.6, 'protein': 0.6, 'fat': 4.4, 'quantity': 0.2, 'unit': 'cup, cubes'}, {'name': 'mayonnaise', 'calories': 93.8, 'carbs': 0.1, 'protein': 0.1, 'fat': 10.3, 'quantity': 1, 'unit': 'tbsp'}]""","""[\""tortilla\"", \""chicken breast\"", \""lettuce\"", \""red bell pepper\"", \""avocado\"", \""mayonnaise\""]""",6,366.4,30.0,17.9,19.4
fsb_00465,fsb_00465.jpg,Chicken Wrap,"""[{'name': 'tortilla', 'calories': 143.3, 'carbs': 24.5, 'protein': 3.8, 'fat': 3.1, 'quantity': 0.9, 'unit': 'tortilla (approx 7-8\"" dia)'}, {'name': 'chicken breast', 'calories': 115.5, 'carbs': 0.0, 'protein': 21.7, 'fat': 2.5, 'quantity': 0.5, 'unit': 'cup'}, {'name': 'lettuce', 'calories': 1.6, 'carbs': 0.3, 'protein': 0.1, 'fat': 0.0, 'quantity': 0.2, 'unit': 'cups shredded'}, {'name': 'tomato', 'calories': 6.5, 'carbs': 1.4, 'protein': 0.3, 'fat': 0.1, 'quantity': 0.2, 'unit': 'cup, chopped or sliced'}, {'name': 'mayonnaise', 'calories': 93.8, 'carbs': 0.1, 'protein': 0.1, 'fat': 10.3, 'quantity': 1, 'unit': 'tbsp'}]""","""[\""tortilla\"", \""chicken breast\"", \""lettuce\"", \""tomato\"", \""mayonnaise\""]""",5,360.7,26.3,26.0,16.0
fsb_00466,fsb_00466.jpg,"Chicken, Scrambled Eggs, and Guacamole","""[{'name': 'grilled chicken', 'calories': 148.0, 'carbs': 0.0, 'protein': 29.5, 'fat': 3.4, 'quantity': 100, 'unit': 'g'}, {'name': 'scrambled eggs', 'calories': 137.1, 'carbs': 1.5, 'protein': 9.2, 'fat': 10.1, 'quantity': 2, 'unit': 'small'}, {'name': 'guacamole', 'calories': 105.5, 'carbs': 5.9, 'protein': 1.3, 'fat': 9.5, 'quantity': 0.3, 'unit': 'cup'}]""","""[\""grilled chicken\"", \""scrambled eggs\"", \""guacamole\""]""",3,390.6,7.4,40.0,23.0
fsb_00467,fsb_00467.jpg,Baba Ganoush With Chickpeas,"""[{'name': 'chickpeas', 'calories': 134.5, 'carbs': 22.5, 'protein': 7.3, 'fat': 2.1, 'quantity': 0.5, 'unit': 'cup'}, {'name': 'eggplant', 'calories': 20.8, 'carbs': 5.2, 'protein': 0.5, 'fat': 0.1, 'quantity': 0.6, 'unit': 'cup (1\"" cubes)'}, {'name': 'yogurt', 'calories': 35.7, 'carbs': 4.0, 'protein': 3.0, 'fat': 0.9, 'quantity': 2, 'unit': 'wt. oz'}, {'name': 'pickled onions', 'calories': 9.8, 'carbs': 2.3, 'protein': 0.3, 'fat': 0.0, 'quantity': 0.9, 'unit': 'wt. oz'}, {'name': 'parsley', 'calories': 1.0, 'carbs': 0.2, 'protein': 0.1, 'fat': 0.0, 'quantity': 0.7, 'unit': 'tbsp'}, {'name': 'olive oil', 'calories': 39.8, 'carbs': 0.0, 'protein': 0.0, 'fat': 4.5, 'quantity': 1, 'unit': 'tsp'}, {'name': 'tomatoes', 'calories': 16.2, 'carbs': 3.5, 'protein': 0.8, 'fat': 0.2, 'quantity': 0.5, 'unit': 'cup, chopped or sliced'}]""","""[\""chickpeas\"", \""eggplant\"", \""yogurt\"", \""pickled onions\"", \""parsley\"", \""olive oil\"", \""tomatoes\""]""",7,257.8,37.7,12.0,7.8
fsb_00468,fsb_00468.jpg,Chickpea and Tuna Salad,"""[{'name': 'chickpeas', 'calories': 269.0, 'carbs': 45.0, 'protein': 14.5, 'fat': 4.2, 'quantity': 1, 'unit': 'cup'}, {'name': 'tuna', 'calories': 92.1, 'carbs': 0.0, 'protein': 20.7, 'fat': 0.4, 'quantity': 0.5, 'unit': 'tuna steak'}, {'name': 'feta cheese', 'calories': 118.8, 'carbs': 1.8, 'protein': 6.4, 'fat': 9.6, 'quantity': 0.3, 'unit': 'cup, crumbled'}, {'name': 'sun dried tomatoes', 'calories': 69.7, 'carbs': 15.1, 'protein': 3.8, 'fat': 0.8, 'quantity': 0.5, 'unit': 'cup'}, {'name': 'olive oil', 'calories': 119.3, 'carbs': 0.0, 'protein': 0.0, 'fat': 13.5, 'quantity': 1, 'unit': 'tbsp'}]""","""[\""chickpeas\"", \""tuna\"", \""feta cheese\"", \""sun dried tomatoes\"", \""olive oil\""]""",5,668.9,61.9,45.4,28.5
fsb_00469,fsb_00469.jpg,Chickpea and Vegetable Salad,"""[{'name': 'chickpeas', 'calories': 134.5, 'carbs': 22.5, 'protein': 7.3, 'fat': 2.1, 'quantity': 0.5, 'unit': 'cup'}, {'name': 'zucchini', 'calories': 5.9, 'carbs': 1.0, 'protein': 0.4, 'fat': 0.1, 'quantity': 0.3, 'unit': 'small'}, {'name': 'cabbage', 'calories': 5.2, 'carbs': 1.2, 'protein': 0.3, 'fat': 0.0, 'quantity': 0.15, 'unit': 'cup, shredded'}, {'name': 'olive oil', 'calories': 39.8, 'carbs': 0.0, 'protein': 0.0, 'fat': 4.5, 'quantity': 1, 'unit': 'tsp'}]""","""[\""chickpeas\"", \""zucchini\"", \""cabbage\"", \""olive oil\""]""",4,185.4,24.7,8.0,6.7
fsb_00470,fsb_00470.jpg,Chickpea Salad,"""[{'name': 'chickpeas', 'calories': 269.0, 'carbs': 45.0, 'protein': 14.5, 'fat': 4.2, 'quantity': 1, 'unit': 'cup'}, {'name': 'corn', 'calories': 71.5, 'carbs': 15.6, 'protein': 2.5, 'fat': 1.1, 'quantity': 0.5, 'unit': 'cup cut'}, {'name': 'tomatoes', 'calories': 16.2, 'carbs': 3.5, 'protein': 0.8, 'fat': 0.2, 'quantity': 0.5, 'unit': 'cup, chopped or sliced'}, {'name': 'bell peppers', 'calories': 12.6, 'carbs': 3.0, 'protein': 0.4, 'fat': 0.1, 'quantity': 0.4, 'unit': 'pepper'}, {'name': 'avocado oil', 'calories': 123.8, 'carbs': 0.0, 'protein': 0.0, 'fat': 14.0, 'quantity': 1, 'unit': 'tbsp'}]""","""[\""chickpeas\"", \""corn\"", \""tomatoes\"", \""bell peppers\"", \""avocado oil\""]""",5,493.1,67.1,18.2,19.6
fsb_00471,fsb_00471.jpg,Chickpea Curry with Naan,"""[{'name': 'chickpeas', 'calories': 107.6, 'carbs': 18.0, 'protein': 5.8, 'fat': 1.7, 'quantity': 0.4, 'unit': 'cup'}, {'name': 'tomato sauce', 'calories': 20.6, 'carbs': 4.6, 'protein': 1.0, 'fat': 0.3, 'quantity': 0.35, 'unit': 'cup'}, {'name': 'peas', 'calories': 26.9, 'carbs': 5.0, 'protein': 1.7, 'fat': 0.1, 'quantity': 0.2, 'unit': 'cup'}, {'name': 'onion', 'calories': 18.5, 'carbs': 4.3, 'protein': 0.6, 'fat': 0.1, 'quantity': 0.2, 'unit': 'cup'}, {'name': 'oil', 'calories': 123.8, 'carbs': 0.0, 'protein': 0.0, 'fat': 14.0, 'quantity': 1, 'unit': 'tbsp'}, {'name': 'naan', 'calories': 261.9, 'carbs': 45.4, 'protein': 8.7, 'fat': 5.1, 'quantity': 1, 'unit': 'piece'}]""","""[\""chickpeas\"", \""tomato sauce\"", \""peas\"", \""onion\"", \""oil\"", \""naan\""]""",6,559.3,77.3,17.8,21.3
fsb_00472,fsb_00472.jpg,Chickpea Curry,"""[{'name': 'chickpeas', 'calories': 269.0, 'carbs': 45.0, 'protein': 14.5, 'fat': 4.2, 'quantity': 1, 'unit': 'cup'}, {'name': 'coconut milk', 'calories': 222.6, 'carbs': 3.2, 'protein': 2.3, 'fat': 24.1, 'quantity': 0.5, 'unit': 'cup'}, {'name': 'onion', 'calories': 18.5, 'carbs': 4.3, 'protein': 0.6, 'fat': 0.1, 'quantity': 0.2, 'unit': 'cup'}, {'name': 'curry paste', 'calories': 54.1, 'carbs': 12.1, 'protein': 1.8, 'fat': 0.4, 'quantity': 3, 'unit': 'tbsp'}, {'name': 'olive oil', 'calories': 119.3, 'carbs': 0.0, 'protein': 0.0, 'fat': 13.5, 'quantity': 1, 'unit': 'tablespoon'}]""","""[\""chickpeas\"", \""coconut milk\"", \""onion\"", \""curry paste\"", \""olive oil\""]""",5,683.5,64.6,19.2,42.3
fsb_00473,fsb_00473.jpg,Chickpea Salad,"""[{'name': 'chickpeas', 'calories': 269.0, 'carbs': 45.0, 'protein': 14.5, 'fat': 4.2, 'quantity': 1, 'unit': 'cup'}, {'name': 'cucumber', 'calories': 7.8, 'carbs': 1.9, 'protein': 0.3, 'fat': 0.1, 'quantity': 0.5, 'unit': 'cup slices'}, {'name': 'red bell pepper', 'calories': 10.4, 'carbs': 2.5, 'protein': 0.3, 'fat': 0.1, 'quantity': 0.2, 'unit': 'cup'}, {'name': 'red onion', 'calories': 18.5, 'carbs': 4.3, 'protein': 0.6, 'fat': 0.1, 'quantity': 0.2, 'unit': 'cup'}, {'name': 'feta cheese', 'calories': 118.8, 'carbs': 1.8, 'protein': 6.4, 'fat': 9.6, 'quantity': 0.3, 'unit': 'cup, crumbled'}, {'name': 'olive oil', 'calories': 119.3, 'carbs': 0.0, 'protein': 0.0, 'fat': 13.5, 'quantity': 1, 'unit': 'tablespoon'}]""","""[\""chickpeas\"", \""cucumber\"", \""red bell pepper\"", \""red onion\"", \""feta cheese\"", \""olive oil\""]""",6,543.8,55.5,22.1,27.6
fsb_00474,fsb_00474.jpg,Chickpea Stir-Fry,"""[{'name': 'chickpeas', 'calories': 269.0, 'carbs': 45.0, 'protein': 14.5, 'fat': 4.2, 'quantity': 1, 'unit': 'cup'}, {'name': 'onion', 'calories': 18.5, 'carbs': 4.3, 'protein': 0.6, 'fat': 0.1, 'quantity': 0.2, 'unit': 'cup'}, {'name': 'green pepper', 'calories': 6.4, 'carbs': 1.5, 'protein': 0.2, 'fat': 0.0, 'quantity': 0.2, 'unit': 'pepper'}, {'name': 'olive oil', 'calories': 119.3, 'carbs': 0.0, 'protein': 0.0, 'fat': 13.5, 'quantity': 1, 'unit': 'tablespoon'}]""","""[\""chickpeas\"", \""onion\"", \""green pepper\"", \""olive oil\""]""",4,413.2,50.8,15.3,17.8
fsb_00475,fsb_00475.jpg,Chili Cheese Dog,"""[{'name': 'hot dog bun', 'calories': 122.3, 'carbs': 22.1, 'protein': 4.3, 'fat': 1.7, 'quantity': 1, 'unit': 'roll 1 serving'}, {'name': 'chili', 'calories': 141.6, 'carbs': 7.3, 'protein': 9.0, 'fat': 8.5, 'quantity': 0.5, 'unit': 'cup'}, {'name': 'cheese', 'calories': 68.7, 'carbs': 0.5, 'protein': 3.9, 'fat': 5.7, 'quantity': 1, 'unit': 'cubic inch'}, {'name': 'hot dog', 'calories': 154.6, 'carbs': 1.3, 'protein': 5.6, 'fat': 14.1, 'quantity': 1, 'unit': 'frankfurter'}]""","""[\""hot dog bun\"", \""chili\"", \""cheese\"", \""hot dog\""]""",4,487.2,31.2,22.8,30.0
fsb_00476,fsb_00476.jpg,Chili Con Carne with Rice,"""[{'name': 'ground beef', 'calories': 202.6, 'carbs': 0.0, 'protein': 20.1, 'fat': 12.9, 'quantity': 0.5, 'unit': 'portion ( yield from 1/2 lb raw meat )'}, {'name': 'kidney beans', 'calories': 112.4, 'carbs': 20.2, 'protein': 7.7, 'fat': 0.4, 'quantity': 0.5, 'unit': 'cup'}, {'name': 'tomato sauce', 'calories': 20.6, 'carbs': 4.6, 'protein': 1.0, 'fat': 0.3, 'quantity': 0.35, 'unit': 'cup'}, {'name': 'white rice', 'calories': 102.7, 'carbs': 22.3, 'protein': 2.1, 'fat': 0.2, 'quantity': 0.5, 'unit': 'cup'}, {'name': 'olive oil', 'calories': 119.3, 'carbs': 0.0, 'protein': 0.0, 'fat': 13.5, 'quantity': 1, 'unit': 'tablespoon'}, {'name': 'onion', 'calories': 18.5, 'carbs': 4.3, 'protein': 0.6, 'fat': 0.1, 'quantity': 0.2, 'unit': 'cup'}, {'name': 'garlic', 'calories': 4.0, 'carbs': 0.9, 'protein': 0.2, 'fat': 0.0, 'quantity': 0.9, 'unit': 'clove'}]""","""[\""ground beef\"", \""kidney beans\"", \""tomato sauce\"", \""white rice\"", \""olive oil\"", \""onion\"", \""garlic\""]""",7,580.1,52.3,31.7,27.4
fsb_00477,fsb_00477.jpg,Chili Con Carne,"""[{'name': 'ground beef', 'calories': 202.6, 'carbs': 0.0, 'protein': 20.1, 'fat': 12.9, 'quantity': 0.5, 'unit': 'portion ( yield from 1/2 lb raw meat )'}, {'name': 'kidney beans', 'calories': 112.4, 'carbs': 20.2, 'protein': 7.7, 'fat': 0.4, 'quantity': 0.5, 'unit': 'cup'}, {'name': 'tomato sauce', 'calories': 29.4, 'carbs': 6.5, 'protein': 1.5, 'fat': 0.4, 'quantity': 0.5, 'unit': 'cup'}, {'name': 'bell peppers', 'calories': 11.2, 'carbs': 2.7, 'protein': 0.4, 'fat': 0.1, 'quantity': 0.3, 'unit': 'cup, strips'}, {'name': 'onions', 'calories': 9.2, 'carbs': 2.1, 'protein': 0.3, 'fat': 0.0, 'quantity': 0.1, 'unit': 'cup'}, {'name': 'olive oil', 'calories': 119.3, 'carbs': 0.0, 'protein': 0.0, 'fat': 13.5, 'quantity': 1, 'unit': 'tbsp'}]""","""[\""ground beef\"", \""kidney beans\"", \""tomato sauce\"", \""bell peppers\"", \""onions\"", \""olive oil\""]""",6,484.1,31.5,30.0,27.3
fsb_00478,fsb_00478.jpg,Chili Con Carne,"""[{'name': 'ground beef', 'calories': 202.6, 'carbs': 0.0, 'protein': 20.1, 'fat': 12.9, 'quantity': 0.5, 'unit': 'portion ( yield from 1/2 lb raw meat )'}, {'name': 'kidney beans', 'calories': 112.4, 'carbs': 20.2, 'protein': 7.7, 'fat': 0.4, 'quantity': 0.5, 'unit': 'cup'}, {'name': 'tomato sauce', 'calories': 29.4, 'carbs': 6.5, 'protein': 1.5, 'fat': 0.4, 'quantity': 0.5, 'unit': 'cup'}, {'name': 'onion', 'calories': 18.5, 'carbs': 4.3, 'protein': 0.6, 'fat': 0.1, 'quantity': 0.2, 'unit': 'cup'}, {'name': 'chili powder', 'calories': 9.0, 'carbs': 1.6, 'protein': 0.4, 'fat': 0.5, 'quantity': 0.4, 'unit': 'tbsp'}]""","""[\""ground beef\"", \""kidney beans\"", \""tomato sauce\"", \""onion\"", \""chili powder\""]""",5,371.9,32.6,30.3,14.3
fsb_00479,fsb_00479.jpg,Chili Soup,"""[{'name': 'ground beef', 'calories': 162.1, 'carbs': 0.0, 'protein': 16.1, 'fat': 10.3, 'quantity': 0.4, 'unit': 'portion ( yield from 1/2 lb raw meat )'}, {'name': 'kidney beans', 'calories': 45.0, 'carbs': 8.1, 'protein': 3.1, 'fat': 0.2, 'quantity': 0.2, 'unit': 'cup'}, {'name': 'tomato sauce', 'calories': 29.4, 'carbs': 6.5, 'protein': 1.5, 'fat': 0.4, 'quantity': 0.5, 'unit': 'cup'}, {'name': 'bell peppers', 'calories': 11.2, 'carbs': 2.7, 'protein': 0.4, 'fat': 0.1, 'quantity': 0.3, 'unit': 'cup, strips'}, {'name': 'onions', 'calories': 9.2, 'carbs': 2.1, 'protein': 0.3, 'fat': 0.0, 'quantity': 0.1, 'unit': 'cup'}]""","""[\""ground beef\"", \""kidney beans\"", \""tomato sauce\"", \""bell peppers\"", \""onions\""]""",5,256.9,19.4,21.4,11.0
fsb_00480,fsb_00480.jpg,Black Bean And Corn Chili,"""[{'name': 'black beans', 'calories': 113.5, 'carbs': 20.4, 'protein': 7.6, 'fat': 0.5, 'quantity': 0.5, 'unit': 'cup'}, {'name': 'corn', 'calories': 28.6, 'carbs': 6.3, 'protein': 1.0, 'fat': 0.4, 'quantity': 0.2, 'unit': 'cup cut'}, {'name': 'tomato sauce', 'calories': 29.4, 'carbs': 6.5, 'protein': 1.5, 'fat': 0.4, 'quantity': 0.5, 'unit': 'cup'}, {'name': 'onion', 'calories': 18.5, 'carbs': 4.3, 'protein': 0.6, 'fat': 0.1, 'quantity': 0.2, 'unit': 'cup'}]""","""[\""black beans\"", \""corn\"", \""tomato sauce\"", \""onion\""]""",4,190.0,37.5,10.7,1.4
fsb_00481,fsb_00481.jpg,Chili with Broccoli and Cornbread,"""[{'name': 'chili', 'calories': 141.6, 'carbs': 7.3, 'protein': 9.0, 'fat': 8.5, 'quantity': 0.5, 'unit': 'cup'}, {'name': 'broccoli', 'calories': 27.3, 'carbs': 5.6, 'protein': 1.9, 'fat': 0.3, 'quantity': 0.5, 'unit': 'cup, chopped'}, {'name': 'cornbread', 'calories': 172.9, 'carbs': 28.3, 'protein': 4.4, 'fat': 4.6, 'quantity': 1, 'unit': 'piece'}]""","""[\""chili\"", \""broccoli\"", \""cornbread\""]""",3,341.8,41.2,15.3,13.4
fsb_00482,fsb_00482.jpg,Chili Con Carne,"""[{'name': 'ground beef', 'calories': 202.6, 'carbs': 0.0, 'protein': 20.1, 'fat': 12.9, 'quantity': 0.5, 'unit': 'portion ( yield from 1/2 lb raw meat )'}, {'name': 'kidney beans', 'calories': 112.4, 'carbs': 20.2, 'protein': 7.7, 'fat': 0.4, 'quantity': 0.5, 'unit': 'cup'}, {'name': 'tomato sauce', 'calories': 29.4, 'carbs': 6.5, 'protein': 1.5, 'fat': 0.4, 'quantity': 0.5, 'unit': 'cup'}, {'name': 'cheddar cheese', 'calories': 91.3, 'carbs': 0.7, 'protein': 5.2, 'fat': 7.5, 'quantity': 0.2, 'unit': 'cup, shredded'}, {'name': 'onion', 'calories': 18.5, 'carbs': 4.3, 'protein': 0.6, 'fat': 0.1, 'quantity': 0.2, 'unit': 'cup'}]""","""[\""ground beef\"", \""kidney beans\"", \""tomato sauce\"", \""cheddar cheese\"", \""onion\""]""",5,454.2,31.7,35.1,21.3
fsb_00483,fsb_00483.jpg,Chili with Cornbread and Diet Soda,"""[{'name': 'chili', 'calories': 254.9, 'carbs': 13.2, 'protein': 16.3, 'fat': 15.3, 'quantity': 0.9, 'unit': 'cup'}, {'name': 'cheese', 'calories': 91.3, 'carbs': 0.7, 'protein': 5.2, 'fat': 7.5, 'quantity': 0.2, 'unit': 'cup, shredded'}, {'name': 'cornbread', 'calories': 226.2, 'carbs': 37.0, 'protein': 5.7, 'fat': 6.0, 'quantity': 3, 'unit': 'oz'}, {'name': 'diet soda', 'calories': 7.1, 'carbs': 1.0, 'protein': 0.4, 'fat': 0.1, 'quantity': 1, 'unit': 'can (12 fl oz)'}]""","""[\""chili\"", \""cheese\"", \""cornbread\"", \""diet soda\""]""",4,579.5,51.9,27.6,28.9
fsb_00484,fsb_00484.jpg,Chili-Stuffed Potato Skin,"""[{'name': 'potato skin', 'calories': 143.0, 'carbs': 6.5, 'protein': 5.3, 'fat': 10.8, 'quantity': 1, 'unit': 'halves'}, {'name': 'ground beef', 'calories': 81.1, 'carbs': 0.0, 'protein': 8.0, 'fat': 5.2, 'quantity': 0.2, 'unit': 'portion ( yield from 1/2 lb raw meat )'}, {'name': 'kidney beans', 'calories': 45.0, 'carbs': 8.1, 'protein': 3.1, 'fat': 0.2, 'quantity': 0.2, 'unit': 'cup'}, {'name': 'sour cream', 'calories': 23.8, 'carbs': 0.6, 'protein': 0.3, 'fat': 2.3, 'quantity': 1, 'unit': 'tbsp'}, {'name': 'salsa', 'calories': 4.2, 'carbs': 1.0, 'protein': 0.2, 'fat': 0.0, 'quantity': 0.8, 'unit': 'tbsp'}]""","""[\""potato skin\"", \""ground beef\"", \""kidney beans\"", \""sour cream\"", \""salsa\""]""",5,297.1,16.2,16.9,18.5
fsb_00485,fsb_00485.jpg,Chili,"""[{'name': 'ground beef', 'calories': 202.6, 'carbs': 0.0, 'protein': 20.1, 'fat': 12.9, 'quantity': 0.5, 'unit': 'portion ( yield from 1/2 lb raw meat )'}, {'name': 'kidney beans', 'calories': 112.4, 'carbs': 20.2, 'protein': 7.7, 'fat': 0.4, 'quantity': 0.5, 'unit': 'cup'}, {'name': 'tomato sauce', 'calories': 29.4, 'carbs': 6.5, 'protein': 1.5, 'fat': 0.4, 'quantity': 0.5, 'unit': 'cup'}, {'name': 'onion', 'calories': 18.5, 'carbs': 4.3, 'protein': 0.6, 'fat': 0.1, 'quantity': 0.2, 'unit': 'cup'}, {'name': 'bell pepper', 'calories': 11.2, 'carbs': 2.7, 'protein': 0.4, 'fat': 0.1, 'quantity': 0.3, 'unit': 'cup, strips'}, {'name': 'olive oil', 'calories': 119.3, 'carbs': 0.0, 'protein': 0.0, 'fat': 13.5, 'quantity': 1, 'unit': 'tbsp'}]""","""[\""ground beef\"", \""kidney beans\"", \""tomato sauce\"", \""onion\"", \""bell pepper\"", \""olive oil\""]""",6,493.4,33.7,30.3,27.4
fsb_00486,fsb_00486.jpg,Raspberry Lemonade Parfait,"""[{'name': 'greek yogurt', 'calories': 100.3, 'carbs': 6.1, 'protein': 17.3, 'fat': 0.7, 'quantity': 1, 'unit': 'container'}, {'name': 'raspberry', 'calories': 12.8, 'carbs': 2.9, 'protein': 0.3, 'fat': 0.2, 'quantity': 0.2, 'unit': 'cup'}, {'name': 'lemonade', 'calories': 18.5, 'carbs': 4.8, 'protein': 0.0, 'fat': 0.0, 'quantity': 3, 'unit': 'tbsp'}, {'name': 'Raspberry Lemonade Layered Greek Yogurt', 'calories': 130.0, 'carbs': 17.0, 'protein': 10.0, 'fat': 2.5, 'quantity': 1, 'unit': 'container'}]""","""[\""greek yogurt\"", \""raspberry\"", \""lemonade\"", \""Raspberry Lemonade Layered Greek Yogurt\""]""",4,261.6,30.8,27.6,3.4
fsb_00487,fsb_00487.jpg,Chocolate Cake with Cream,"""[{'name': 'chocolate cake', 'calories': 339.2, 'carbs': 46.1, 'protein': 3.0, 'fat': 17.5, 'quantity': 0.8, 'unit': 'piece'}, {'name': 'whipped cream', 'calories': 46.3, 'carbs': 2.2, 'protein': 0.6, 'fat': 4.0, 'quantity': 6, 'unit': 'tbsp'}, {'name': 'chocolate pudding', 'calories': 153.4, 'carbs': 24.9, 'protein': 2.3, 'fat': 5.0, 'quantity': 1, 'unit': 'container refrigerated, 4 oz'}]""","""[\""chocolate cake\"", \""whipped cream\"", \""chocolate pudding\""]""",3,538.9,73.2,5.9,26.5
fsb_00488,fsb_00488.jpg,Chocolate Chip Cookie,"""[{'name': 'chocolate chips', 'calories': 201.6, 'carbs': 26.8, 'protein': 1.8, 'fat': 12.6, 'quantity': 0.25, 'unit': 'cup'}, {'name': 'butter', 'calories': 203.6, 'carbs': 0.0, 'protein': 0.2, 'fat': 23.0, 'quantity': 2, 'unit': 'tbsp'}, {'name': 'sugar', 'calories': 232.2, 'carbs': 60.0, 'protein': 0.0, 'fat': 0.0, 'quantity': 0.3, 'unit': 'cup'}, {'name': 'flour', 'calories': 227.5, 'carbs': 47.7, 'protein': 6.5, 'fat': 0.6, 'quantity': 0.5, 'unit': 'cup'}, {'name': 'egg', 'calories': 35.8, 'carbs': 0.2, 'protein': 3.1, 'fat': 2.4, 'quantity': 0.5, 'unit': 'large'}]""","""[\""chocolate chips\"", \""butter\"", \""sugar\"", \""flour\"", \""egg\""]""",5,900.7,134.7,11.6,38.6
fsb_00489,fsb_00489.jpg,Chocolate Chip Cookie,"""[{'name': 'flour', 'calories': 136.5, 'carbs': 28.6, 'protein': 3.9, 'fat': 0.4, 'quantity': 0.3, 'unit': 'cup'}, {'name': 'butter', 'calories': 203.6, 'carbs': 0.0, 'protein': 0.2, 'fat': 23.0, 'quantity': 2, 'unit': 'tbsp'}, {'name': 'sugar', 'calories': 96.8, 'carbs': 25.0, 'protein': 0.0, 'fat': 0.0, 'quantity': 2, 'unit': 'tbsp'}, {'name': 'brown sugar', 'calories': 97.0, 'carbs': 25.0, 'protein': 0.0, 'fat': 0.0, 'quantity': 0.9, 'unit': 'wt. oz'}, {'name': 'chocolate chips', 'calories': 151.2, 'carbs': 20.1, 'protein': 1.3, 'fat': 9.4, 'quantity': 3, 'unit': 'tbsp'}, {'name': 'egg', 'calories': 21.4, 'carbs': 0.1, 'protein': 1.9, 'fat': 1.4, 'quantity': 0.3, 'unit': 'large'}, {'name': 'vanilla extract', 'calories': 2.4, 'carbs': 0.1, 'protein': 0.0, 'fat': 0.0, 'quantity': 0.2, 'unit': 'tsp'}, {'name': 'baking soda', 'calories': 0.0, 'carbs': 0.0, 'protein': 0.0, 'fat': 0.0, 'quantity': 1, 'unit': 'tsp'}, {'name': 'salt', 'calories': 0.0, 'carbs': 0.0, 'protein': 0.0, 'fat': 0.0, 'quantity': 0.25, 'unit': 'tsp'}]""","""[\""flour\"", \""butter\"", \""sugar\"", \""brown sugar\"", \""chocolate chips\"", \""egg\"", \""vanilla extract\"", \""baking soda\"", \""salt\""]""",9,708.9,98.9,7.3,34.2
fsb_00490,fsb_00490.jpg,Chocolate Lava Cake with Ice Cream and Raspberries,"""[{'name': 'chocolate lava cake', 'calories': 350.3, 'carbs': 34.9, 'protein': 5.3, 'fat': 21.7, 'quantity': 0.7, 'unit': 'cup'}, {'name': 'vanilla ice cream', 'calories': 136.6, 'carbs': 15.6, 'protein': 2.3, 'fat': 7.3, 'quantity': 1, 'unit': 'scoop'}, {'name': 'raspberries', 'calories': 4.9, 'carbs': 1.1, 'protein': 0.1, 'fat': 0.1, 'quantity': 5, 'unit': 'raspberries'}, {'name': 'raspberry sauce', 'calories': 59.7, 'carbs': 14.6, 'protein': 0.5, 'fat': 0.2, 'quantity': 6, 'unit': 'tbsp'}, {'name': 'powdered sugar', 'calories': 9.7, 'carbs': 2.5, 'protein': 0.0, 'fat': 0.0, 'quantity': 1, 'unit': 'tsp'}]""","""[\""chocolate lava cake\"", \""vanilla ice cream\"", \""raspberries\"", \""raspberry sauce\"", \""powdered sugar\""]""",5,561.2,68.7,8.2,29.3
fsb_00491,fsb_00491.jpg,Chocolate Lava Cake,"""[{'name': 'chocolate cake', 'calories': 339.2, 'carbs': 46.1, 'protein': 3.0, 'fat': 17.5, 'quantity': 0.8, 'unit': 'piece'}, {'name': 'powdered sugar', 'calories': 9.7, 'carbs': 2.5, 'protein': 0.0, 'fat': 0.0, 'quantity': 1, 'unit': 'tsp'}, {'name': 'vanilla ice cream', 'calories': 54.6, 'carbs': 6.2, 'protein': 0.9, 'fat': 2.9, 'quantity': 0.2, 'unit': 'cup'}, {'name': 'caramel sauce', 'calories': 53.1, 'carbs': 14.0, 'protein': 0.3, 'fat': 0.0, 'quantity': 1.2, 'unit': 'tbsp'}]""","""[\""chocolate cake\"", \""powdered sugar\"", \""vanilla ice cream\"", \""caramel sauce\""]""",4,456.6,68.8,4.2,20.4
fsb_00492,fsb_00492.jpg,Chocolate Mousse with Whipped Cream,"""[{'name': 'chocolate mousse', 'calories': 363.6, 'carbs': 26.0, 'protein': 6.7, 'fat': 25.9, 'quantity': 0.4, 'unit': 'cup'}, {'name': 'whipped cream', 'calories': 46.3, 'carbs': 2.2, 'protein': 0.6, 'fat': 4.0, 'quantity': 6, 'unit': 'tbsp'}, {'name': 'chocolate', 'calories': 85.6, 'carbs': 9.5, 'protein': 1.2, 'fat': 4.7, 'quantity': 2, 'unit': 'square'}]""","""[\""chocolate mousse\"", \""whipped cream\"", \""chocolate\""]""",3,495.5,37.7,8.5,34.6
fsb_00493,fsb_00493.jpg,Chocolate Peanut Butter Energy Bites,"""[{'name': 'dates', 'calories': 20.0, 'carbs': 5.3, 'protein': 0.2, 'fat': 0.0, 'quantity': 1, 'unit': 'date, pitted'}, {'name': 'peanut butter', 'calories': 188.2, 'carbs': 7.7, 'protein': 7.0, 'fat': 15.9, 'quantity': 2, 'unit': 'tbsp'}, {'name': 'dark chocolate', 'calories': 309.6, 'carbs': 34.7, 'protein': 2.8, 'fat': 17.7, 'quantity': 2, 'unit': 'oz'}, {'name': 'sea salt', 'calories': 0.0, 'carbs': 0.0, 'protein': 0.0, 'fat': 0.0, 'quantity': 0.25, 'unit': 'tsp'}]""","""[\""dates\"", \""peanut butter\"", \""dark chocolate\"", \""sea salt\""]""",4,517.8,47.7,10.0,33.6
fsb_00494,fsb_00494.jpg,Peppermint Chocolate Marshmallow Treats,"""[{'name': 'marshmallow', 'calories': 22.9, 'carbs': 5.9, 'protein': 0.1, 'fat': 0.0, 'quantity': 1, 'unit': 'regular'}, {'name': 'dark chocolate', 'calories': 154.8, 'carbs': 17.3, 'protein': 1.4, 'fat': 8.9, 'quantity': 1, 'unit': 'oz'}, {'name': 'peppermint candy', 'calories': 11.2, 'carbs': 2.8, 'protein': 0.0, 'fat': 0.0, 'quantity': 0.1, 'unit': 'wt. oz'}]""","""[\""marshmallow\"", \""dark chocolate\"", \""peppermint candy\""]""",3,188.9,26.0,1.5,8.9
fsb_00495,fsb_00495.jpg,Chocolate Protein Shake,"""[{'name': 'protein powder', 'calories': 112.6, 'carbs': 2.0, 'protein': 25.0, 'fat': 0.5, 'quantity': 1, 'unit': 'scoop'}, {'name': 'milk', 'calories': 97.6, 'carbs': 9.4, 'protein': 6.4, 'fat': 3.9, 'quantity': 0.8, 'unit': 'cup'}, {'name': 'banana', 'calories': 52.5, 'carbs': 13.5, 'protein': 0.6, 'fat': 0.2, 'quantity': 0.5, 'unit': 'medium (7\"" to 7-7/8\"" long)'}, {'name': 'peanut butter', 'calories': 94.1, 'carbs': 3.8, 'protein': 3.5, 'fat': 7.9, 'quantity': 1, 'unit': 'tbsp'}]""","""[\""protein powder\"", \""milk\"", \""banana\"", \""peanut butter\""]""",4,356.8,28.7,35.5,12.5
fsb_00496,fsb_00496.jpg,Chocolate Smoothie with Cocoa Puffs,"""[{'name': 'milk', 'calories': 97.6, 'carbs': 9.4, 'protein': 6.4, 'fat': 3.9, 'quantity': 0.8, 'unit': 'cup'}, {'name': 'cocoa powder', 'calories': 12.3, 'carbs': 1.8, 'protein': 0.6, 'fat': 0.3, 'quantity': 0.6, 'unit': 'tbsp'}, {'name': 'banana', 'calories': 52.5, 'carbs': 13.5, 'protein': 0.6, 'fat': 0.2, 'quantity': 0.5, 'unit': 'medium (7\"" to 7-7/8\"" long)'}, {'name': 'cocoa puffs', 'calories': 51.7, 'carbs': 11.3, 'protein': 0.8, 'fat': 0.7, 'quantity': 6, 'unit': 'tbsp'}]""","""[\""milk\"", \""cocoa powder\"", \""banana\"", \""cocoa puffs\""]""",4,214.1,36.0,8.4,5.1
fsb_00497,fsb_00497.jpg,Chocolate-Covered Strawberries and Apple Slices,"""[{'name': 'strawberries', 'calories': 23.0, 'carbs': 5.5, 'protein': 0.5, 'fat': 0.2, 'quantity': 4, 'unit': 'large (1-3/8\"" dia)'}, {'name': 'apple', 'calories': 47.3, 'carbs': 12.6, 'protein': 0.2, 'fat': 0.2, 'quantity': 0.5, 'unit': 'medium (3\"" dia)'}, {'name': 'chocolate', 'calories': 171.2, 'carbs': 19.0, 'protein': 2.4, 'fat': 9.5, 'quantity': 4, 'unit': 'square'}]""","""[\""strawberries\"", \""apple\"", \""chocolate\""]""",3,241.5,37.1,3.1,9.9
fsb_00498,fsb_00498.jpg,Chow Mein with Broccoli,"""[{'name': 'chow mein', 'calories': 206.5, 'carbs': 15.3, 'protein': 12.9, 'fat': 10.4, 'quantity': 0.7, 'unit': 'cup'}, {'name': 'broccoli', 'calories': 14.7, 'carbs': 3.0, 'protein': 1.0, 'fat': 0.2, 'quantity': 0.3, 'unit': 'stalk, small (5\"" long)'}, {'name': 'soy sauce', 'calories': 8.5, 'carbs': 0.8, 'protein': 1.3, 'fat': 0.1, 'quantity': 1, 'unit': 'tbsp'}]""","""[\""chow mein\"", \""broccoli\"", \""soy sauce\""]""",3,229.7,19.1,15.2,10.7
fsb_00499,fsb_00499.jpg,Cinnamon Raisin Toast with Fruit,"""[{'name': 'cinnamon raisin bread', 'calories': 155.4, 'carbs': 29.7, 'protein': 4.5, 'fat': 2.5, 'quantity': 2, 'unit': 'oz'}, {'name': 'butter', 'calories': 33.9, 'carbs': 0.0, 'protein': 0.0, 'fat': 3.8, 'quantity': 1, 'unit': 'tsp'}, {'name': 'condensed milk', 'calories': 20.4, 'carbs': 3.5, 'protein': 0.5, 'fat': 0.6, 'quantity': 1, 'unit': 'tsp'}, {'name': 'watermelon', 'calories': 23.1, 'carbs': 5.8, 'protein': 0.5, 'fat': 0.1, 'quantity': 0.5, 'unit': 'cup, balls'}, {'name': 'cantaloupe', 'calories': 27.2, 'carbs': 6.5, 'protein': 0.7, 'fat': 0.2, 'quantity': 0.5, 'unit': 'cup, cubes'}]""","""[\""cinnamon raisin bread\"", \""butter\"", \""condensed milk\"", \""watermelon\"", \""cantaloupe\""]""",5,260.0,45.5,6.2,7.2
fsb_00500,fsb_00500.jpg,Clam Chowder,"""[{'name': 'clam', 'calories': 41.9, 'carbs': 1.5, 'protein': 7.2, 'fat': 0.6, 'quantity': 1, 'unit': 'oz'}, {'name': 'potatoes', 'calories': 68.1, 'carbs': 15.5, 'protein': 1.8, 'fat': 0.1, 'quantity': 0.6, 'unit': 'cup'}, {'name': 'cream', 'calories': 243.2, 'carbs': 2.0, 'protein': 2.0, 'fat': 25.8, 'quantity': 0.3, 'unit': 'cup'}, {'name': 'butter', 'calories': 101.8, 'carbs': 0.0, 'protein': 0.1, 'fat': 11.5, 'quantity': 1, 'unit': 'tbsp'}, {'name': 'onion', 'calories': 18.5, 'carbs': 4.3, 'protein': 0.6, 'fat': 0.1, 'quantity': 0.2, 'unit': 'cup'}, {'name': 'celery', 'calories': 5.8, 'carbs': 1.1, 'protein': 0.2, 'fat': 0.1, 'quantity': 0.3, 'unit': 'cup'}]""","""[\""clam\"", \""potatoes\"", \""cream\"", \""butter\"", \""onion\"", \""celery\""]""",6,479.3,24.4,11.9,38.2
fsb_00501,fsb_00501.jpg,Club Sandwich with French Fries,"""[{'name': 'white bread', 'calories': 159.6, 'carbs': 29.7, 'protein': 5.3, 'fat': 2.0, 'quantity': 2, 'unit': 'slice, large'}, {'name': 'chicken breast', 'calories': 140.3, 'carbs': 0.0, 'protein': 26.4, 'fat': 3.0, 'quantity': 3, 'unit': 'oz'}, {'name': 'bacon', 'calories': 80.7, 'carbs': 0.3, 'protein': 5.9, 'fat': 6.1, 'quantity': 1.5, 'unit': 'slices'}, {'name': 'lettuce', 'calories': 1.6, 'carbs': 0.3, 'protein': 0.1, 'fat': 0.0, 'quantity': 0.2, 'unit': 'cups shredded'}, {'name': 'tomato', 'calories': 6.1, 'carbs': 1.3, 'protein': 0.3, 'fat': 0.1, 'quantity': 2, 'unit': 'cherry'}, {'name': 'mayonnaise', 'calories': 93.8, 'carbs': 0.1, 'protein': 0.1, 'fat': 10.3, 'quantity': 1, 'unit': 'tbsp'}, {'name': 'french fries', 'calories': 355.7, 'carbs': 47.2, 'protein': 3.9, 'fat': 16.8, 'quantity': 2, 'unit': 'cup'}]""","""[\""white bread\"", \""chicken breast\"", \""bacon\"", \""lettuce\"", \""tomato\"", \""mayonnaise\"", \""french fries\""]""",7,837.8,78.9,42.0,38.3
fsb_00502,fsb_00502.jpg,Cobb Salad,"""[{'name': 'lettuce', 'calories': 4.8, 'carbs': 0.9, 'protein': 0.3, 'fat': 0.1, 'quantity': 1, 'unit': 'wt. oz'}, {'name': 'tomato', 'calories': 16.2, 'carbs': 3.5, 'protein': 0.8, 'fat': 0.2, 'quantity': 0.5, 'unit': 'cup, chopped or sliced'}, {'name': 'avocado', 'calories': 120.0, 'carbs': 6.4, 'protein': 1.5, 'fat': 11.0, 'quantity': 0.5, 'unit': 'cup, cubes'}, {'name': 'hard boiled egg', 'calories': 68.2, 'carbs': 0.5, 'protein': 5.5, 'fat': 4.7, 'quantity': 1, 'unit': 'medium'}, {'name': 'blue cheese', 'calories': 100.1, 'carbs': 0.7, 'protein': 6.1, 'fat': 8.1, 'quantity': 1, 'unit': 'oz'}, {'name': 'red onion', 'calories': 9.2, 'carbs': 2.1, 'protein': 0.3, 'fat': 0.0, 'quantity': 0.1, 'unit': 'cup'}]""","""[\""lettuce\"", \""tomato\"", \""avocado\"", \""hard boiled egg\"", \""blue cheese\"", \""red onion\""]""",6,318.5,14.1,14.5,24.1
fsb_00503,fsb_00503.jpg,Cobb Salad,"""[{'name': 'romaine lettuce', 'calories': 8.0, 'carbs': 1.5, 'protein': 0.6, 'fat': 0.1, 'quantity': 1, 'unit': 'cups shredded'}, {'name': 'cherry tomatoes', 'calories': 16.1, 'carbs': 3.5, 'protein': 0.8, 'fat': 0.2, 'quantity': 0.6, 'unit': 'cup'}, {'name': 'avocado', 'calories': 120.0, 'carbs': 6.4, 'protein': 1.5, 'fat': 11.0, 'quantity': 0.5, 'unit': 'cup, cubes'}, {'name': 'hard boiled egg', 'calories': 68.2, 'carbs': 0.5, 'protein': 5.5, 'fat': 4.7, 'quantity': 1, 'unit': 'medium'}, {'name': 'bacon', 'calories': 80.7, 'carbs': 0.3, 'protein': 5.9, 'fat': 6.1, 'quantity': 1.5, 'unit': 'slices'}, {'name': 'blue cheese', 'calories': 95.3, 'carbs': 0.6, 'protein': 5.8, 'fat': 7.8, 'quantity': 0.2, 'unit': 'cup, crumbled, not packed'}, {'name': 'grilled chicken', 'calories': 56.8, 'carbs': 0.0, 'protein': 11.3, 'fat': 1.3, 'quantity': 0.2, 'unit': 'piece'}]""","""[\""romaine lettuce\"", \""cherry tomatoes\"", \""avocado\"", \""hard boiled egg\"", \""bacon\"", \""blue cheese\"", \""grilled chicken\""]""",7,445.1,12.8,31.4,31.2
fsb_00504,fsb_00504.jpg,Coffee With Cream And Sugar,"""[{'name': 'coffee', 'calories': 1.9, 'carbs': 0.0, 'protein': 0.2, 'fat': 0.0, 'quantity': 0.8, 'unit': 'cup'}, {'name': 'cream', 'calories': 51.0, 'carbs': 0.4, 'protein': 0.4, 'fat': 5.4, 'quantity': 1, 'unit': 'tbsp'}, {'name': 'raw sugar', 'calories': 11.4, 'carbs': 2.9, 'protein': 0.0, 'fat': 0.0, 'quantity': 1, 'unit': 'tsp unpacked'}]""","""[\""coffee\"", \""cream\"", \""raw sugar\""]""",3,64.3,3.3,0.6,5.4
fsb_00505,fsb_00505.jpg,Coffee with Cream,"""[{'name': 'coffee', 'calories': 1.9, 'carbs': 0.0, 'protein': 0.2, 'fat': 0.0, 'quantity': 0.8, 'unit': 'cup'}, {'name': 'cream', 'calories': 102.0, 'carbs': 0.8, 'protein': 0.9, 'fat': 10.8, 'quantity': 2, 'unit': 'tbsp'}, {'name': 'yogurt', 'calories': 77.2, 'carbs': 8.6, 'protein': 6.4, 'fat': 1.9, 'quantity': 0.5, 'unit': 'cup (8 fl oz)'}, {'name': 'blueberries', 'calories': 21.1, 'carbs': 5.4, 'protein': 0.3, 'fat': 0.1, 'quantity': 0.25, 'unit': 'cup'}, {'name': 'walnuts', 'calories': 92.9, 'carbs': 1.9, 'protein': 2.2, 'fat': 9.3, 'quantity': 7, 'unit': 'walnut half'}, {'name': 'lychee', 'calories': 5.7, 'carbs': 1.4, 'protein': 0.1, 'fat': 0.0, 'quantity': 0.9, 'unit': 'fruit without refuse'}]""","""[\""coffee\"", \""cream\"", \""yogurt\"", \""blueberries\"", \""walnuts\"", \""lychee\""]""",6,300.8,18.1,10.1,22.1
fsb_00506,fsb_00506.jpg,Coffee with Croissant and Bread Roll,"""[{'name': 'coffee with milk', 'calories': 66.0, 'carbs': 6.1, 'protein': 4.7, 'fat': 2.4, 'quantity': 2, 'unit': 'cup'}, {'name': 'croissant', 'calories': 231.4, 'carbs': 26.1, 'protein': 4.7, 'fat': 12.0, 'quantity': 1, 'unit': 'croissant, medium'}, {'name': 'bread roll', 'calories': 109.2, 'carbs': 18.4, 'protein': 3.4, 'fat': 2.5, 'quantity': 1, 'unit': 'cup'}]""","""[\""coffee with milk\"", \""croissant\"", \""bread roll\""]""",3,406.6,50.6,12.8,16.9
fsb_00507,fsb_00507.jpg,Caffè Latte,"""[{'name': 'coffee', 'calories': 1.9, 'carbs': 0.0, 'protein': 0.2, 'fat': 0.0, 'quantity': 0.8, 'unit': 'cup'}, {'name': 'milk', 'calories': 36.6, 'carbs': 3.5, 'protein': 2.4, 'fat': 1.4, 'quantity': 0.3, 'unit': 'cup'}, {'name': 'sugar in the raw, turbinado cane sugar', 'calories': 20.0, 'carbs': 5.0, 'protein': 0.0, 'fat': 0.0, 'quantity': 1, 'unit': 'packet'}]""","""[\""coffee\"", \""milk\"", \""sugar in the raw, turbinado cane sugar\""]""",3,58.5,8.5,2.6,1.4
fsb_00508,fsb_00508.jpg,Coffee with Yogurt and Berries,"""[{'name': 'coffee', 'calories': 1.9, 'carbs': 0.0, 'protein': 0.2, 'fat': 0.0, 'quantity': 0.8, 'unit': 'cup'}, {'name': 'milk', 'calories': 7.6, 'carbs': 0.7, 'protein': 0.5, 'fat': 0.3, 'quantity': 1, 'unit': 'tbsp'}, {'name': 'yogurt', 'calories': 77.2, 'carbs': 8.6, 'protein': 6.4, 'fat': 1.9, 'quantity': 0.5, 'unit': 'cup (8 fl oz)'}, {'name': 'blueberries', 'calories': 21.1, 'carbs': 5.4, 'protein': 0.3, 'fat': 0.1, 'quantity': 0.25, 'unit': 'cup'}]""","""[\""coffee\"", \""milk\"", \""yogurt\"", \""blueberries\""]""",4,107.8,14.7,7.4,2.3
fsb_00509,fsb_00509.jpg,Blueberry Coffee Smoothie Bowl,"""[{'name': 'coffee', 'calories': 1.9, 'carbs': 0.0, 'protein': 0.2, 'fat': 0.0, 'quantity': 0.8, 'unit': 'cup'}, {'name': 'milk', 'calories': 36.6, 'carbs': 3.5, 'protein': 2.4, 'fat': 1.4, 'quantity': 0.3, 'unit': 'cup'}, {'name': 'greek yogurt', 'calories': 93.6, 'carbs': 5.7, 'protein': 16.2, 'fat': 0.6, 'quantity': 0.7, 'unit': 'cup'}, {'name': 'blueberries', 'calories': 21.1, 'carbs': 5.4, 'protein': 0.3, 'fat': 0.1, 'quantity': 0.25, 'unit': 'cup'}, {'name': 'pecans', 'calories': 226.0, 'carbs': 4.5, 'protein': 3.0, 'fat': 23.5, 'quantity': 0.3, 'unit': 'cup, chopped'}]""","""[\""coffee\"", \""milk\"", \""greek yogurt\"", \""blueberries\"", \""pecans\""]""",5,379.2,19.1,22.1,25.6
fsb_00510,fsb_00510.jpg,Cold Noodle with Broth,"""[{'name': 'noodles', 'calories': 221.2, 'carbs': 43.2, 'protein': 8.1, 'fat': 1.3, 'quantity': 1, 'unit': 'cup'}, {'name': 'chicken breast', 'calories': 46.8, 'carbs': 0.0, 'protein': 8.8, 'fat': 1.0, 'quantity': 1, 'unit': 'oz'}, {'name': 'mushrooms', 'calories': 13.2, 'carbs': 2.5, 'protein': 1.0, 'fat': 0.2, 'quantity': 0.3, 'unit': 'cup'}, {'name': 'green onions', 'calories': 3.8, 'carbs': 0.9, 'protein': 0.2, 'fat': 0.0, 'quantity': 2, 'unit': 'tbsp chopped'}, {'name': 'spinach', 'calories': 8.3, 'carbs': 1.4, 'protein': 1.1, 'fat': 0.1, 'quantity': 0.2, 'unit': 'cup'}, {'name': 'broth', 'calories': 43.2, 'carbs': 4.2, 'protein': 3.0, 'fat': 1.4, 'quantity': 0.5, 'unit': 'cup'}, {'name': 'tomato', 'calories': 5.1, 'carbs': 1.1, 'protein': 0.2, 'fat': 0.1, 'quantity': 1, 'unit': 'wt. oz'}, {'name': 'lime', 'calories': 10.1, 'carbs': 3.5, 'protein': 0.2, 'fat': 0.1, 'quantity': 0.5, 'unit': 'lime'}]""","""[\""noodles\"", \""chicken breast\"", \""mushrooms\"", \""green onions\"", \""spinach\"", \""broth\"", \""tomato\"", \""lime\""]""",8,351.7,56.8,22.6,4.2
fsb_00511,fsb_00511.jpg,Cold Ramen Salad,"""[{'name': 'ramen noodles', 'calories': 157.9, 'carbs': 21.6, 'protein': 4.1, 'fat': 6.0, 'quantity': 1, 'unit': 'cup'}, {'name': 'tuna', 'calories': 92.1, 'carbs': 0.0, 'protein': 20.7, 'fat': 0.4, 'quantity': 0.5, 'unit': 'tuna steak'}, {'name': 'soft boiled egg', 'calories': 68.2, 'carbs': 0.5, 'protein': 5.5, 'fat': 4.7, 'quantity': 1, 'unit': 'medium'}, {'name': 'corn', 'calories': 28.6, 'carbs': 6.3, 'protein': 1.0, 'fat': 0.4, 'quantity': 0.2, 'unit': 'cup cut'}, {'name': 'lettuce', 'calories': 4.8, 'carbs': 0.9, 'protein': 0.3, 'fat': 0.1, 'quantity': 0.6, 'unit': 'cups shredded'}, {'name': 'cherry tomatoes', 'calories': 6.1, 'carbs': 1.3, 'protein': 0.3, 'fat': 0.1, 'quantity': 2, 'unit': 'cherry'}, {'name': 'dressing', 'calories': 77.4, 'carbs': 1.1, 'protein': 0.2, 'fat': 8.0, 'quantity': 1.2, 'unit': 'tablespoons'}]""","""[\""ramen noodles\"", \""tuna\"", \""soft boiled egg\"", \""corn\"", \""lettuce\"", \""cherry tomatoes\"", \""dressing\""]""",7,435.1,31.7,32.1,19.7
fsb_00512,fsb_00512.jpg,Coleslaw with Apples,"""[{'name': 'cabbage', 'calories': 10.3, 'carbs': 2.5, 'protein': 0.6, 'fat': 0.0, 'quantity': 0.3, 'unit': 'cup, shredded'}, {'name': 'apple', 'calories': 17.0, 'carbs': 4.5, 'protein': 0.1, 'fat': 0.1, 'quantity': 0.3, 'unit': 'cup slices'}, {'name': 'carrot', 'calories': 5.4, 'carbs': 1.3, 'protein': 0.1, 'fat': 0.0, 'quantity': 0.1, 'unit': 'cup'}, {'name': 'mayonnaise', 'calories': 93.8, 'carbs': 0.1, 'protein': 0.1, 'fat': 10.3, 'quantity': 1, 'unit': 'tbsp'}, {'name': 'raisins', 'calories': 25.1, 'carbs': 6.7, 'protein': 0.3, 'fat': 0.0, 'quantity': 0.6, 'unit': 'miniature box (.5 oz)'}]""","""[\""cabbage\"", \""apple\"", \""carrot\"", \""mayonnaise\"", \""raisins\""]""",5,151.6,15.1,1.2,10.4
fsb_00513,fsb_00513.jpg,Coleslaw,"""[{'name': 'cabbage', 'calories': 10.3, 'carbs': 2.5, 'protein': 0.6, 'fat': 0.0, 'quantity': 0.3, 'unit': 'cup, shredded'}, {'name': 'carrot', 'calories': 10.9, 'carbs': 2.6, 'protein': 0.2, 'fat': 0.1, 'quantity': 0.2, 'unit': 'cup'}, {'name': 'mayonnaise', 'calories': 187.7, 'carbs': 0.2, 'protein': 0.3, 'fat': 20.7, 'quantity': 2, 'unit': 'tbsp'}]""","""[\""cabbage\"", \""carrot\"", \""mayonnaise\""]""",3,208.9,5.3,1.1,20.8
fsb_00514,fsb_00514.jpg,Corn and Chicken with Strawberry Salsa,"""[{'name': 'corn on the cob', 'calories': 71.5, 'carbs': 15.6, 'protein': 2.5, 'fat': 1.1, 'quantity': 0.5, 'unit': 'cup'}, {'name': 'grilled chicken', 'calories': 50.3, 'carbs': 0.0, 'protein': 10.0, 'fat': 1.2, 'quantity': 1.2000000000000002, 'unit': 'oz'}, {'name': 'strawberries', 'calories': 15.9, 'carbs': 3.8, 'protein': 0.3, 'fat': 0.1, 'quantity': 0.3, 'unit': 'cup, sliced'}, {'name': 'red onion', 'calories': 2.5, 'carbs': 0.6, 'protein': 0.1, 'fat': 0.0, 'quantity': 0.2, 'unit': 'wt. oz'}, {'name': 'cream cheese', 'calories': 20.3, 'carbs': 0.3, 'protein': 0.4, 'fat': 2.0, 'quantity': 0.4, 'unit': 'tbsp'}]""","""[\""corn on the cob\"", \""grilled chicken\"", \""strawberries\"", \""red onion\"", \""cream cheese\""]""",5,160.5,20.3,13.3,4.4
fsb_00515,fsb_00515.jpg,Corn And Potato Chowder,"""[{'name': 'corn', 'calories': 71.5, 'carbs': 15.6, 'protein': 2.5, 'fat': 1.1, 'quantity': 0.5, 'unit': 'cup cut'}, {'name': 'potato', 'calories': 56.7, 'carbs': 12.9, 'protein': 1.5, 'fat': 0.1, 'quantity': 0.5, 'unit': 'cup'}, {'name': 'cream', 'calories': 244.8, 'carbs': 2.0, 'protein': 2.0, 'fat': 26.0, 'quantity': 0.3, 'unit': 'cup'}, {'name': 'onion', 'calories': 18.5, 'carbs': 4.3, 'protein': 0.6, 'fat': 0.1, 'quantity': 0.2, 'unit': 'cup'}, {'name': 'butter', 'calories': 101.8, 'carbs': 0.0, 'protein': 0.1, 'fat': 11.5, 'quantity': 1, 'unit': 'tbsp'}]""","""[\""corn\"", \""potato\"", \""cream\"", \""onion\"", \""butter\""]""",5,493.3,34.8,6.7,38.8
fsb_00516,fsb_00516.jpg,Corn Fritters,"""[{'name': 'corn', 'calories': 71.5, 'carbs': 15.6, 'protein': 2.5, 'fat': 1.1, 'quantity': 0.5, 'unit': 'cup cut'}, {'name': 'flour', 'calories': 136.5, 'carbs': 28.6, 'protein': 3.9, 'fat': 0.4, 'quantity': 0.3, 'unit': 'cup'}, {'name': 'egg', 'calories': 71.5, 'carbs': 0.4, 'protein': 6.3, 'fat': 4.8, 'quantity': 1, 'unit': 'large'}, {'name': 'oil', 'calories': 247.5, 'carbs': 0.0, 'protein': 0.0, 'fat': 28.0, 'quantity': 2, 'unit': 'tbsp'}, {'name': 'green onion', 'calories': 3.8, 'carbs': 0.9, 'protein': 0.2, 'fat': 0.0, 'quantity': 2, 'unit': 'tbsp chopped'}]""","""[\""corn\"", \""flour\"", \""egg\"", \""oil\"", \""green onion\""]""",5,530.8,45.5,12.9,34.3
fsb_00517,fsb_00517.jpg,Cornbread,"""[{'name': 'cornmeal', 'calories': 220.8, 'carbs': 46.9, 'protein': 5.0, 'fat': 2.2, 'quantity': 0.5, 'unit': 'cup'}, {'name': 'flour', 'calories': 136.5, 'carbs': 28.6, 'protein': 3.9, 'fat': 0.4, 'quantity': 0.3, 'unit': 'cup'}, {'name': 'sugar', 'calories': 97.5, 'carbs': 25.2, 'protein': 0.0, 'fat': 0.0, 'quantity': 2, 'unit': 'tbsp'}, {'name': 'butter', 'calories': 203.6, 'carbs': 0.0, 'protein': 0.2, 'fat': 23.0, 'quantity': 2, 'unit': 'tbsp'}, {'name': 'milk', 'calories': 36.6, 'carbs': 3.5, 'protein': 2.4, 'fat': 1.4, 'quantity': 0.3, 'unit': 'cup'}, {'name': 'egg', 'calories': 71.5, 'carbs': 0.4, 'protein': 6.3, 'fat': 4.8, 'quantity': 1, 'unit': 'large'}]""","""[\""cornmeal\"", \""flour\"", \""sugar\"", \""butter\"", \""milk\"", \""egg\""]""",6,766.5,104.6,17.8,31.8
fsb_00518,fsb_00518.jpg,Corned Beef and Cabbage,"""[{'name': 'corned beef', 'calories': 213.3, 'carbs': 0.4, 'protein': 15.4, 'fat': 16.1, 'quantity': 3, 'unit': 'oz'}, {'name': 'cabbage', 'calories': 10.3, 'carbs': 2.5, 'protein': 0.6, 'fat': 0.0, 'quantity': 0.3, 'unit': 'cup, shredded'}, {'name': 'carrots', 'calories': 10.9, 'carbs': 2.6, 'protein': 0.2, 'fat': 0.1, 'quantity': 0.2, 'unit': 'cup'}, {'name': 'potatoes', 'calories': 34.0, 'carbs': 7.7, 'protein': 0.9, 'fat': 0.0, 'quantity': 0.3, 'unit': 'cup'}]""","""[\""corned beef\"", \""cabbage\"", \""carrots\"", \""potatoes\""]""",4,268.5,13.2,17.1,16.2
fsb_00519,fsb_00519.jpg,Berry Cottage Cheese Bowl,"""[{'name': 'cottage cheese', 'calories': 213.2, 'carbs': 7.4, 'protein': 24.2, 'fat': 9.4, 'quantity': 1, 'unit': 'cup'}, {'name': 'strawberries', 'calories': 11.5, 'carbs': 2.8, 'protein': 0.2, 'fat': 0.1, 'quantity': 3, 'unit': 'medium (1-1/4\"" dia)'}, {'name': 'raspberries', 'calories': 4.9, 'carbs': 1.1, 'protein': 0.1, 'fat': 0.1, 'quantity': 5, 'unit': 'raspberries'}, {'name': 'blueberries', 'calories': 3.1, 'carbs': 0.8, 'protein': 0.0, 'fat': 0.0, 'quantity': 4, 'unit': 'berry'}, {'name': 'cinnamon', 'calories': 6.4, 'carbs': 2.1, 'protein': 0.1, 'fat': 0.0, 'quantity': 1, 'unit': 'tsp'}]""","""[\""cottage cheese\"", \""strawberries\"", \""raspberries\"", \""blueberries\"", \""cinnamon\""]""",5,239.1,14.2,24.6,9.6
fsb_00520,fsb_00520.jpg,Berry Cottage Cheese Parfait,"""[{'name': 'cottage cheese', 'calories': 213.2, 'carbs': 7.4, 'protein': 24.2, 'fat': 9.4, 'quantity': 1, 'unit': 'cup'}, {'name': 'mixed berries', 'calories': 32.4, 'carbs': 7.7, 'protein': 0.7, 'fat': 0.3, 'quantity': 0.5, 'unit': 'cup'}, {'name': 'greek yogurt', 'calories': 16.7, 'carbs': 1.0, 'protein': 2.9, 'fat': 0.1, 'quantity': 1, 'unit': 'oz'}]""","""[\""cottage cheese\"", \""mixed berries\"", \""greek yogurt\""]""",3,262.3,16.1,27.8,9.8
fsb_00521,fsb_00521.jpg,Couscous with Vegetables and Chickpeas,"""[{'name': 'couscous', 'calories': 105.5, 'carbs': 21.9, 'protein': 3.6, 'fat': 0.2, 'quantity': 0.6, 'unit': 'cup, cooked'}, {'name': 'chickpeas', 'calories': 80.7, 'carbs': 13.5, 'protein': 4.4, 'fat': 1.3, 'quantity': 0.3, 'unit': 'cup'}, {'name': 'zucchini', 'calories': 5.9, 'carbs': 1.0, 'protein': 0.4, 'fat': 0.1, 'quantity': 0.3, 'unit': 'small'}, {'name': 'bell pepper', 'calories': 11.2, 'carbs': 2.7, 'protein': 0.4, 'fat': 0.1, 'quantity': 0.3, 'unit': 'cup, strips'}, {'name': 'raisins', 'calories': 41.9, 'carbs': 11.1, 'protein': 0.4, 'fat': 0.1, 'quantity': 1, 'unit': 'miniature box (.5 oz)'}, {'name': 'olive oil', 'calories': 39.8, 'carbs': 0.0, 'protein': 0.0, 'fat': 4.5, 'quantity': 1, 'unit': 'tsp'}]""","""[\""couscous\"", \""chickpeas\"", \""zucchini\"", \""bell pepper\"", \""raisins\"", \""olive oil\""]""",6,285.0,50.2,9.2,6.3
fsb_00522,fsb_00522.jpg,Crab and Avocado Salad,"""[{'name': 'imitation crab', 'calories': 95.0, 'carbs': 15.0, 'protein': 7.6, 'fat': 0.5, 'quantity': 100, 'unit': 'g'}, {'name': 'avocado', 'calories': 120.0, 'carbs': 6.4, 'protein': 1.5, 'fat': 11.0, 'quantity': 0.5, 'unit': 'cup, cubes'}, {'name': 'cherry tomatoes', 'calories': 16.1, 'carbs': 3.5, 'protein': 0.8, 'fat': 0.2, 'quantity': 0.6, 'unit': 'cup'}, {'name': 'lettuce', 'calories': 4.8, 'carbs': 0.9, 'protein': 0.3, 'fat': 0.1, 'quantity': 1, 'unit': 'wt. oz'}, {'name': 'olives', 'calories': 25.3, 'carbs': 1.4, 'protein': 0.2, 'fat': 2.3, 'quantity': 5, 'unit': 'large'}, {'name': 'italian dressing', 'calories': 70.6, 'carbs': 3.6, 'protein': 0.1, 'fat': 6.2, 'quantity': 2, 'unit': 'tbsp'}]""","""[\""imitation crab\"", \""avocado\"", \""cherry tomatoes\"", \""lettuce\"", \""olives\"", \""italian dressing\""]""",6,331.8,30.8,10.5,20.3
fsb_00523,fsb_00523.jpg,Crab Cake with Brussels Sprouts and Green Beans,"""[{'name': 'crab cake', 'calories': 193.2, 'carbs': 8.0, 'protein': 12.5, 'fat': 12.3, 'quantity': 0.8, 'unit': 'cup'}, {'name': 'brussels sprouts', 'calories': 42.3, 'carbs': 8.3, 'protein': 3.0, 'fat': 0.6, 'quantity': 5.6, 'unit': 'sprouts'}, {'name': 'green beans', 'calories': 21.9, 'carbs': 4.9, 'protein': 1.2, 'fat': 0.2, 'quantity': 0.5, 'unit': 'cup'}, {'name': 'onion', 'calories': 12.4, 'carbs': 2.9, 'protein': 0.4, 'fat': 0.1, 'quantity': 0.3, 'unit': 'medium'}]""","""[\""crab cake\"", \""brussels sprouts\"", \""green beans\"", \""onion\""]""",4,269.8,24.1,17.1,13.2
fsb_00524,fsb_00524.jpg,Crab Cake with Brussels Sprouts and Green Beans,"""[{'name': 'crab cake', 'calories': 193.2, 'carbs': 8.0, 'protein': 12.5, 'fat': 12.3, 'quantity': 0.8, 'unit': 'cup'}, {'name': 'brussels sprouts', 'calories': 36.3, 'carbs': 7.2, 'protein': 2.6, 'fat': 0.5, 'quantity': 4.8, 'unit': 'sprouts'}, {'name': 'green beans', 'calories': 17.5, 'carbs': 3.9, 'protein': 0.9, 'fat': 0.1, 'quantity': 0.4, 'unit': 'cup'}]""","""[\""crab cake\"", \""brussels sprouts\"", \""green beans\""]""",3,247.0,19.1,16.0,12.9
fsb_00525,fsb_00525.jpg,Crab Fried Rice,"""[{'name': 'white rice', 'calories': 205.4, 'carbs': 44.5, 'protein': 4.3, 'fat': 0.4, 'quantity': 1, 'unit': 'cup'}, {'name': 'crab meat', 'calories': 67.2, 'carbs': 0.0, 'protein': 14.5, 'fat': 0.6, 'quantity': 0.6, 'unit': 'cup (not packed)'}, {'name': 'egg', 'calories': 71.5, 'carbs': 0.4, 'protein': 6.3, 'fat': 4.8, 'quantity': 1, 'unit': 'large'}, {'name': 'green onion', 'calories': 3.8, 'carbs': 0.9, 'protein': 0.2, 'fat': 0.0, 'quantity': 2, 'unit': 'tbsp chopped'}, {'name': 'soy sauce', 'calories': 8.5, 'carbs': 0.8, 'protein': 1.3, 'fat': 0.1, 'quantity': 1, 'unit': 'tbsp'}, {'name': 'vegetable oil', 'calories': 120.2, 'carbs': 0.0, 'protein': 0.0, 'fat': 13.6, 'quantity': 1, 'unit': 'tbsp'}]""","""[\""white rice\"", \""crab meat\"", \""egg\"", \""green onion\"", \""soy sauce\"", \""vegetable oil\""]""",6,476.6,46.6,26.6,19.5
fsb_00526,fsb_00526.jpg,Crab Sandwich,"""[{'name': 'crab salad', 'calories': 88.5, 'carbs': 0.4, 'protein': 7.6, 'fat': 6.1, 'quantity': 2, 'unit': 'wt. oz'}, {'name': 'bread', 'calories': 77.1, 'carbs': 14.3, 'protein': 2.6, 'fat': 1.0, 'quantity': 1, 'unit': 'slice'}, {'name': 'mayonnaise', 'calories': 93.8, 'carbs': 0.1, 'protein': 0.1, 'fat': 10.3, 'quantity': 1, 'unit': 'tbsp'}]""","""[\""crab salad\"", \""bread\"", \""mayonnaise\""]""",3,259.4,14.8,10.3,17.4
fsb_00527,fsb_00527.jpg,Cream of Mushroom Soup,"""[{'name': 'mushrooms', 'calories': 22.0, 'carbs': 4.1, 'protein': 1.7, 'fat': 0.4, 'quantity': 0.5, 'unit': 'cup'}, {'name': 'cream', 'calories': 81.1, 'carbs': 0.7, 'protein': 0.7, 'fat': 8.6, 'quantity': 0.1, 'unit': 'cup'}, {'name': 'butter', 'calories': 101.8, 'carbs': 0.0, 'protein': 0.1, 'fat': 11.5, 'quantity': 1, 'unit': 'tbsp'}, {'name': 'onion', 'calories': 18.5, 'carbs': 4.3, 'protein': 0.6, 'fat': 0.1, 'quantity': 0.2, 'unit': 'cup'}, {'name': 'garlic', 'calories': 4.0, 'carbs': 0.9, 'protein': 0.2, 'fat': 0.0, 'quantity': 0.9, 'unit': 'clove'}, {'name': 'chicken broth', 'calories': 7.5, 'carbs': 0.5, 'protein': 0.8, 'fat': 0.3, 'quantity': 0.5, 'unit': 'cup'}, {'name': 'parsley', 'calories': 0.9, 'carbs': 0.2, 'protein': 0.1, 'fat': 0.0, 'quantity': 2, 'unit': 'tsp'}]""","""[\""mushrooms\"", \""cream\"", \""butter\"", \""onion\"", \""garlic\"", \""chicken broth\"", \""parsley\""]""",7,235.8,10.7,4.2,20.9
fsb_00528,fsb_00528.jpg,Creamy Cauliflower Soup,"""[{'name': 'cauliflower', 'calories': 28.5, 'carbs': 5.1, 'protein': 2.3, 'fat': 0.6, 'quantity': 1, 'unit': 'cup (1\"" pieces)'}, {'name': 'heavy cream', 'calories': 244.8, 'carbs': 2.0, 'protein': 2.0, 'fat': 26.0, 'quantity': 0.3, 'unit': 'cup'}, {'name': 'butter', 'calories': 101.8, 'carbs': 0.0, 'protein': 0.1, 'fat': 11.5, 'quantity': 1, 'unit': 'tbsp'}, {'name': 'onion', 'calories': 18.5, 'carbs': 4.3, 'protein': 0.6, 'fat': 0.1, 'quantity': 0.2, 'unit': 'cup'}, {'name': 'garlic', 'calories': 4.0, 'carbs': 0.9, 'protein': 0.2, 'fat': 0.0, 'quantity': 0.9, 'unit': 'clove'}, {'name': 'vegetable broth', 'calories': 6.6, 'carbs': 1.1, 'protein': 0.3, 'fat': 0.1, 'quantity': 0.5, 'unit': 'cup'}]""","""[\""cauliflower\"", \""heavy cream\"", \""butter\"", \""onion\"", \""garlic\"", \""vegetable broth\""]""",6,404.2,13.4,5.5,38.3
fsb_00529,fsb_00529.jpg,Creamy Chicken and Mushroom Pasta,"""[{'name': 'pasta', 'calories': 221.2, 'carbs': 43.2, 'protein': 8.1, 'fat': 1.3, 'quantity': 1, 'unit': 'cup'}, {'name': 'chicken', 'calories': 118.8, 'carbs': 0.0, 'protein': 12.9, 'fat': 7.1, 'quantity': 0.4, 'unit': 'cup'}, {'name': 'mushrooms', 'calories': 22.0, 'carbs': 4.1, 'protein': 1.7, 'fat': 0.4, 'quantity': 0.5, 'unit': 'cup'}, {'name': 'cream sauce', 'calories': 89.0, 'carbs': 5.1, 'protein': 2.1, 'fat': 6.8, 'quantity': 0.25, 'unit': 'cup'}, {'name': 'parmesan cheese', 'calories': 21.0, 'carbs': 0.7, 'protein': 1.4, 'fat': 1.4, 'quantity': 1, 'unit': 'tbsp'}]""","""[\""pasta\"", \""chicken\"", \""mushrooms\"", \""cream sauce\"", \""parmesan cheese\""]""",5,472.0,53.1,26.2,17.0
fsb_00530,fsb_00530.jpg,Creamy Mentaiko Pasta,"""[{'name': 'spaghetti', 'calories': 210.4, 'carbs': 42.3, 'protein': 7.4, 'fat': 0.9, 'quantity': 1, 'unit': 'cup'}, {'name': 'mentaiko', 'calories': 36.4, 'carbs': 1.4, 'protein': 3.9, 'fat': 1.2, 'quantity': 1, 'unit': 'wt. oz'}, {'name': 'cream sauce', 'calories': 177.9, 'carbs': 10.3, 'protein': 4.1, 'fat': 13.5, 'quantity': 0.5, 'unit': 'cup'}, {'name': 'nori', 'calories': 5.0, 'carbs': 0.7, 'protein': 0.8, 'fat': 0.0, 'quantity': 0.5, 'unit': 'wt. oz'}, {'name': 'parsley', 'calories': 1.0, 'carbs': 0.2, 'protein': 0.1, 'fat': 0.0, 'quantity': 0.7, 'unit': 'tbsp'}]""","""[\""spaghetti\"", \""mentaiko\"", \""cream sauce\"", \""nori\"", \""parsley\""]""",5,430.7,54.9,16.3,15.6
fsb_00531,fsb_00531.jpg,Creamy Mushroom Chowder with Couscous,"""[{'name': 'mushrooms', 'calories': 22.4, 'carbs': 4.2, 'protein': 1.7, 'fat': 0.4, 'quantity': 80, 'unit': 'g'}, {'name': 'couscous', 'calories': 87.9, 'carbs': 18.2, 'protein': 3.0, 'fat': 0.1, 'quantity': 0.5, 'unit': 'cup, cooked'}, {'name': 'spinach', 'calories': 8.3, 'carbs': 1.4, 'protein': 1.1, 'fat': 0.1, 'quantity': 0.2, 'unit': 'cup'}, {'name': 'croutons', 'calories': 37.2, 'carbs': 5.1, 'protein': 0.9, 'fat': 1.5, 'quantity': 0.2, 'unit': 'cup'}, {'name': 'cream', 'calories': 102.0, 'carbs': 0.8, 'protein': 0.9, 'fat': 10.8, 'quantity': 2, 'unit': 'tbsp'}, {'name': 'lemon', 'calories': 10.1, 'carbs': 3.2, 'protein': 0.4, 'fat': 0.1, 'quantity': 0.6, 'unit': 'NLEA serving'}, {'name': 'olive oil', 'calories': 119.3, 'carbs': 0.0, 'protein': 0.0, 'fat': 13.5, 'quantity': 1, 'unit': 'tbsp'}]""","""[\""mushrooms\"", \""couscous\"", \""spinach\"", \""croutons\"", \""cream\"", \""lemon\"", \""olive oil\""]""",7,387.2,32.9,8.0,26.5
fsb_00532,fsb_00532.jpg,Creamy Mushroom Farrotto,"""[{'name': 'farro', 'calories': 168.5, 'carbs': 35.3, 'protein': 7.3, 'fat': 1.1, 'quantity': 0.5, 'unit': 'cup'}, {'name': 'parmesan cheese', 'calories': 126.0, 'carbs': 4.2, 'protein': 8.5, 'fat': 8.4, 'quantity': 0.3, 'unit': 'cup'}, {'name': 'cremini mushrooms', 'calories': 24.9, 'carbs': 4.9, 'protein': 2.8, 'fat': 0.1, 'quantity': 4, 'unit': 'wt. oz'}, {'name': 'garlic', 'calories': 8.0, 'carbs': 1.8, 'protein': 0.3, 'fat': 0.0, 'quantity': 1.7999999999999998, 'unit': 'cloves'}, {'name': 'onion', 'calories': 41.4, 'carbs': 9.5, 'protein': 1.3, 'fat': 0.2, 'quantity': 1, 'unit': 'medium'}, {'name': 'vegetable stock', 'calories': 26.4, 'carbs': 4.5, 'protein': 1.0, 'fat': 0.3, 'quantity': 2, 'unit': 'cup'}, {'name': 'panko breadcrumbs', 'calories': 53.3, 'carbs': 9.7, 'protein': 1.8, 'fat': 0.7, 'quantity': 0.125, 'unit': 'cup'}, {'name': 'sour cream', 'calories': 71.3, 'carbs': 1.7, 'protein': 0.9, 'fat': 7.0, 'quantity': 3, 'unit': 'tbsp'}, {'name': 'olive oil', 'calories': 119.3, 'carbs': 0.0, 'protein': 0.0, 'fat': 13.5, 'quantity': 1, 'unit': 'tbsp'}]""","""[\""farro\"", \""parmesan cheese\"", \""cremini mushrooms\"", \""garlic\"", \""onion\"", \""vegetable stock\"", \""panko breadcrumbs\"", \""sour cream\"", \""olive oil\""]""",9,639.1,71.6,23.9,31.3
fsb_00533,fsb_00533.jpg,Creamy Mushroom Pasta,"""[{'name': 'pappardelle pasta', 'calories': 180.8, 'carbs': 34.4, 'protein': 7.1, 'fat': 1.4, 'quantity': 1, 'unit': 'cup'}, {'name': 'mushrooms', 'calories': 22.0, 'carbs': 4.1, 'protein': 1.7, 'fat': 0.4, 'quantity': 0.5, 'unit': 'cup'}, {'name': 'cream sauce', 'calories': 177.9, 'carbs': 10.3, 'protein': 4.1, 'fat': 13.5, 'quantity': 0.5, 'unit': 'cup'}, {'name': 'parmesan cheese', 'calories': 126.0, 'carbs': 4.2, 'protein': 8.5, 'fat': 8.4, 'quantity': 0.3, 'unit': 'cup'}]""","""[\""pappardelle pasta\"", \""mushrooms\"", \""cream sauce\"", \""parmesan cheese\""]""",4,506.7,53.0,21.4,23.7
fsb_00534,fsb_00534.jpg,Creamy Mushroom Pasta,"""[{'name': 'pasta', 'calories': 199.1, 'carbs': 38.9, 'protein': 7.3, 'fat': 1.2, 'quantity': 0.9, 'unit': 'cup'}, {'name': 'mushrooms', 'calories': 22.0, 'carbs': 4.1, 'protein': 1.7, 'fat': 0.4, 'quantity': 0.5, 'unit': 'cup'}, {'name': 'cream sauce', 'calories': 89.0, 'carbs': 5.1, 'protein': 2.1, 'fat': 6.8, 'quantity': 0.25, 'unit': 'cup'}, {'name': 'parmesan cheese', 'calories': 42.0, 'carbs': 1.4, 'protein': 2.8, 'fat': 2.8, 'quantity': 2, 'unit': 'tbsp'}, {'name': 'green onions', 'calories': 1.9, 'carbs': 0.4, 'protein': 0.1, 'fat': 0.0, 'quantity': 1, 'unit': 'tbsp chopped'}]""","""[\""pasta\"", \""mushrooms\"", \""cream sauce\"", \""parmesan cheese\"", \""green onions\""]""",5,354.0,49.9,14.0,11.2
fsb_00535,fsb_00535.jpg,Creamy Mushroom Pasta,"""[{'name': 'pasta', 'calories': 221.2, 'carbs': 43.2, 'protein': 8.1, 'fat': 1.3, 'quantity': 1, 'unit': 'cup'}, {'name': 'mushrooms', 'calories': 13.2, 'carbs': 2.5, 'protein': 1.0, 'fat': 0.2, 'quantity': 0.3, 'unit': 'cup'}, {'name': 'cream sauce', 'calories': 89.0, 'carbs': 5.1, 'protein': 2.1, 'fat': 6.8, 'quantity': 0.25, 'unit': 'cup'}, {'name': 'ham', 'calories': 60.5, 'carbs': 0.5, 'protein': 9.6, 'fat': 2.2, 'quantity': 0.3, 'unit': 'slice'}, {'name': 'spinach', 'calories': 4.1, 'carbs': 0.7, 'protein': 0.5, 'fat': 0.0, 'quantity': 0.1, 'unit': 'cup'}]""","""[\""pasta\"", \""mushrooms\"", \""cream sauce\"", \""ham\"", \""spinach\""]""",5,388.0,52.0,21.3,10.5
fsb_00536,fsb_00536.jpg,Creamy Spinach And Mushroom Spaghetti,"""[{'name': 'spaghetti', 'calories': 210.4, 'carbs': 42.3, 'protein': 7.4, 'fat': 0.9, 'quantity': 1, 'unit': 'cup'}, {'name': 'mushrooms', 'calories': 22.0, 'carbs': 4.1, 'protein': 1.7, 'fat': 0.4, 'quantity': 0.5, 'unit': 'cup'}, {'name': 'spinach', 'calories': 4.1, 'carbs': 0.7, 'protein': 0.5, 'fat': 0.0, 'quantity': 0.1, 'unit': 'cup'}, {'name': 'cream sauce', 'calories': 89.0, 'carbs': 5.1, 'protein': 2.1, 'fat': 6.8, 'quantity': 0.25, 'unit': 'cup'}, {'name': 'olive oil', 'calories': 119.3, 'carbs': 0.0, 'protein': 0.0, 'fat': 13.5, 'quantity': 1, 'unit': 'tablespoon'}, {'name': 'garlic', 'calories': 4.5, 'carbs': 1.0, 'protein': 0.2, 'fat': 0.0, 'quantity': 1, 'unit': 'clove'}, {'name': 'onion', 'calories': 41.4, 'carbs': 9.5, 'protein': 1.3, 'fat': 0.2, 'quantity': 1, 'unit': 'medium'}]""","""[\""spaghetti\"", \""mushrooms\"", \""spinach\"", \""cream sauce\"", \""olive oil\"", \""garlic\"", \""onion\""]""",7,490.7,62.7,13.2,21.8
fsb_00537,fsb_00537.jpg,Creamy Pasta with Smoked Salmon,"""[{'name': 'pasta', 'calories': 221.2, 'carbs': 43.2, 'protein': 8.1, 'fat': 1.3, 'quantity': 1, 'unit': 'cup'}, {'name': 'cream sauce', 'calories': 177.9, 'carbs': 10.3, 'protein': 4.1, 'fat': 13.5, 'quantity': 0.5, 'unit': 'cup'}, {'name': 'smoked salmon', 'calories': 69.6, 'carbs': 0.0, 'protein': 10.9, 'fat': 2.6, 'quantity': 2.0999999999999996, 'unit': 'oz'}]""","""[\""pasta\"", \""cream sauce\"", \""smoked salmon\""]""",3,468.7,53.5,23.1,17.4
fsb_00538,fsb_00538.jpg,Creamy Pasta with Vegetables and Beef,"""[{'name': 'pasta', 'calories': 199.1, 'carbs': 38.9, 'protein': 7.3, 'fat': 1.2, 'quantity': 0.9, 'unit': 'cup'}, {'name': 'beef', 'calories': 73.8, 'carbs': 0.0, 'protein': 7.4, 'fat': 4.7, 'quantity': 0.1, 'unit': 'piece, cooked, excluding refuse (yield from 1 lb raw meat with refuse)'}, {'name': 'broccoli', 'calories': 9.8, 'carbs': 2.0, 'protein': 0.7, 'fat': 0.1, 'quantity': 0.2, 'unit': 'stalk, small (5\"" long)'}, {'name': 'carrots', 'calories': 10.9, 'carbs': 2.6, 'protein': 0.2, 'fat': 0.1, 'quantity': 0.2, 'unit': 'cup'}, {'name': 'cream sauce', 'calories': 89.0, 'carbs': 5.1, 'protein': 2.1, 'fat': 6.8, 'quantity': 0.25, 'unit': 'cup'}, {'name': 'parmesan cheese', 'calories': 21.0, 'carbs': 0.7, 'protein': 1.4, 'fat': 1.4, 'quantity': 1, 'unit': 'tbsp'}]""","""[\""pasta\"", \""beef\"", \""broccoli\"", \""carrots\"", \""cream sauce\"", \""parmesan cheese\""]""",6,403.6,49.3,19.1,14.3
fsb_00539,fsb_00539.jpg,Creamy Penne Pasta with Shrimp,"""[{'name': 'penne pasta', 'calories': 199.1, 'carbs': 38.9, 'protein': 7.3, 'fat': 1.2, 'quantity': 0.9, 'unit': 'cup'}, {'name': 'shrimp', 'calories': 42.8, 'carbs': 0.5, 'protein': 8.2, 'fat': 0.6, 'quantity': 6, 'unit': 'large'}, {'name': 'cream sauce', 'calories': 177.9, 'carbs': 10.3, 'protein': 4.1, 'fat': 13.5, 'quantity': 0.5, 'unit': 'cup'}, {'name': 'parmesan cheese', 'calories': 42.0, 'carbs': 1.4, 'protein': 2.8, 'fat': 2.8, 'quantity': 2, 'unit': 'tbsp'}, {'name': 'olive oil', 'calories': 39.8, 'carbs': 0.0, 'protein': 0.0, 'fat': 4.5, 'quantity': 1, 'unit': 'tsp'}]""","""[\""penne pasta\"", \""shrimp\"", \""cream sauce\"", \""parmesan cheese\"", \""olive oil\""]""",5,501.6,51.1,22.4,22.6
fsb_00540,fsb_00540.jpg,Creamy Potato Soup,"""[{'name': 'potatoes', 'calories': 113.5, 'carbs': 25.8, 'protein': 3.0, 'fat': 0.2, 'quantity': 1, 'unit': 'cup'}, {'name': 'cream', 'calories': 81.1, 'carbs': 0.7, 'protein': 0.7, 'fat': 8.6, 'quantity': 0.1, 'unit': 'cup'}, {'name': 'butter', 'calories': 101.8, 'carbs': 0.0, 'protein': 0.1, 'fat': 11.5, 'quantity': 1, 'unit': 'tbsp'}, {'name': 'olive oil', 'calories': 39.8, 'carbs': 0.0, 'protein': 0.0, 'fat': 4.5, 'quantity': 1, 'unit': 'tsp'}]""","""[\""potatoes\"", \""cream\"", \""butter\"", \""olive oil\""]""",4,336.2,26.5,3.8,24.8
fsb_00541,fsb_00541.jpg,Creamy Salmon and Vegetable Dish,"""[{'name': 'salmon', 'calories': 206.0, 'carbs': 0.0, 'protein': 22.1, 'fat': 12.3, 'quantity': 100, 'unit': 'g'}, {'name': 'mushrooms', 'calories': 22.0, 'carbs': 4.1, 'protein': 1.7, 'fat': 0.4, 'quantity': 0.5, 'unit': 'cup'}, {'name': 'spinach', 'calories': 4.1, 'carbs': 0.7, 'protein': 0.5, 'fat': 0.0, 'quantity': 0.1, 'unit': 'cup'}, {'name': 'tomato', 'calories': 16.2, 'carbs': 3.5, 'protein': 0.8, 'fat': 0.2, 'quantity': 0.5, 'unit': 'cup, chopped or sliced'}, {'name': 'onion', 'calories': 9.2, 'carbs': 2.1, 'protein': 0.3, 'fat': 0.0, 'quantity': 0.1, 'unit': 'cup'}, {'name': 'cream', 'calories': 244.8, 'carbs': 2.0, 'protein': 2.0, 'fat': 26.0, 'quantity': 0.3, 'unit': 'cup'}, {'name': 'olive oil', 'calories': 119.3, 'carbs': 0.0, 'protein': 0.0, 'fat': 13.5, 'quantity': 1, 'unit': 'tablespoon'}]""","""[\""salmon\"", \""mushrooms\"", \""spinach\"", \""tomato\"", \""onion\"", \""cream\"", \""olive oil\""]""",7,621.6,12.4,27.4,52.4
fsb_00542,fsb_00542.jpg,Creamy Soup,"""[{'name': 'chicken broth', 'calories': 14.9, 'carbs': 1.1, 'protein': 1.6, 'fat': 0.5, 'quantity': 1, 'unit': 'cup'}, {'name': 'cream', 'calories': 81.6, 'carbs': 0.7, 'protein': 0.7, 'fat': 8.7, 'quantity': 0.1, 'unit': 'cup'}, {'name': 'butter', 'calories': 101.8, 'carbs': 0.0, 'protein': 0.1, 'fat': 11.5, 'quantity': 1, 'unit': 'tbsp'}, {'name': 'flour', 'calories': 28.4, 'carbs': 6.0, 'protein': 0.8, 'fat': 0.1, 'quantity': 1, 'unit': 'tbsp'}]""","""[\""chicken broth\"", \""cream\"", \""butter\"", \""flour\""]""",4,226.7,7.8,3.2,20.8
fsb_00543,fsb_00543.jpg,Creamy Spinach Pasta with Tomato Soup and Sausage,"""[{'name': 'penne pasta', 'calories': 199.1, 'carbs': 38.9, 'protein': 7.3, 'fat': 1.2, 'quantity': 0.9, 'unit': 'cup'}, {'name': 'cream sauce', 'calories': 177.9, 'carbs': 10.3, 'protein': 4.1, 'fat': 13.5, 'quantity': 0.5, 'unit': 'cup'}, {'name': 'spinach', 'calories': 8.3, 'carbs': 1.4, 'protein': 1.1, 'fat': 0.1, 'quantity': 0.2, 'unit': 'cup'}, {'name': 'tomato soup', 'calories': 84.8, 'carbs': 18.2, 'protein': 1.7, 'fat': 0.5, 'quantity': 1, 'unit': 'cup'}, {'name': 'sausage', 'calories': 148.3, 'carbs': 0.5, 'protein': 5.8, 'fat': 13.6, 'quantity': 3, 'unit': 'link, little (2\"" long x 3/4\"" dia)'}]""","""[\""penne pasta\"", \""cream sauce\"", \""spinach\"", \""tomato soup\"", \""sausage\""]""",5,618.4,69.3,20.0,28.9
fsb_00544,fsb_00544.jpg,Creamy Tomato Basil Pasta,"""[{'name': 'spaghetti', 'calories': 210.4, 'carbs': 42.3, 'protein': 7.4, 'fat': 0.9, 'quantity': 1, 'unit': 'cup'}, {'name': 'cherry tomatoes', 'calories': 16.1, 'carbs': 3.5, 'protein': 0.8, 'fat': 0.2, 'quantity': 0.6, 'unit': 'cup'}, {'name': 'basil', 'calories': 1.0, 'carbs': 0.1, 'protein': 0.1, 'fat': 0.0, 'quantity': 0.175, 'unit': 'cup leaves, whole'}, {'name': 'cream sauce', 'calories': 177.9, 'carbs': 10.3, 'protein': 4.1, 'fat': 13.5, 'quantity': 0.5, 'unit': 'cup'}, {'name': 'parmesan cheese', 'calories': 42.0, 'carbs': 1.4, 'protein': 2.8, 'fat': 2.8, 'quantity': 2, 'unit': 'tbsp'}]""","""[\""spaghetti\"", \""cherry tomatoes\"", \""basil\"", \""cream sauce\"", \""parmesan cheese\""]""",5,447.4,57.6,15.2,17.4
fsb_00545,fsb_00545.jpg,Creamy Barley Risotto,"""[{'name': 'tomato sauce', 'calories': 29.4, 'carbs': 6.5, 'protein': 1.5, 'fat': 0.4, 'quantity': 0.5, 'unit': 'cup'}, {'name': 'cream', 'calories': 81.1, 'carbs': 0.7, 'protein': 0.7, 'fat': 8.6, 'quantity': 0.1, 'unit': 'cup'}, {'name': 'barley', 'calories': 96.6, 'carbs': 22.2, 'protein': 1.8, 'fat': 0.3, 'quantity': 0.5, 'unit': 'cup'}]""","""[\""tomato sauce\"", \""cream\"", \""barley\""]""",3,207.1,29.4,4.0,9.3
fsb_00546,fsb_00546.jpg,Creamy Udon with Avocado and Tomato,"""[{'name': 'udon noodles', 'calories': 207.7, 'carbs': 41.8, 'protein': 7.3, 'fat': 0.8, 'quantity': 1, 'unit': 'cup'}, {'name': 'cream sauce', 'calories': 177.9, 'carbs': 10.3, 'protein': 4.1, 'fat': 13.5, 'quantity': 0.5, 'unit': 'cup'}, {'name': 'avocado', 'calories': 48.0, 'carbs': 2.6, 'protein': 0.6, 'fat': 4.4, 'quantity': 0.2, 'unit': 'cup, cubes'}, {'name': 'tomato', 'calories': 11.1, 'carbs': 2.4, 'protein': 0.5, 'fat': 0.1, 'quantity': 0.5, 'unit': 'medium whole (2-3/5\"" dia)'}, {'name': 'parmesan cheese', 'calories': 21.0, 'carbs': 0.7, 'protein': 1.4, 'fat': 1.4, 'quantity': 1, 'unit': 'tbsp'}, {'name': 'tortilla', 'calories': 104.0, 'carbs': 17.8, 'protein': 2.8, 'fat': 2.3, 'quantity': 1, 'unit': 'tortilla, medium (approx 6\"" dia)'}]""","""[\""udon noodles\"", \""cream sauce\"", \""avocado\"", \""tomato\"", \""parmesan cheese\"", \""tortilla\""]""",6,569.7,75.6,16.7,22.5
fsb_00547,fsb_00547.jpg,Creamy Udon with Vegetables and Tortilla,"""[{'name': 'udon noodles', 'calories': 207.7, 'carbs': 41.8, 'protein': 7.3, 'fat': 0.8, 'quantity': 1, 'unit': 'cup'}, {'name': 'cream sauce', 'calories': 177.9, 'carbs': 10.3, 'protein': 4.1, 'fat': 13.5, 'quantity': 0.5, 'unit': 'cup'}, {'name': 'avocado', 'calories': 48.0, 'carbs': 2.6, 'protein': 0.6, 'fat': 4.4, 'quantity': 0.2, 'unit': 'cup, cubes'}, {'name': 'cherry tomato', 'calories': 6.1, 'carbs': 1.3, 'protein': 0.3, 'fat': 0.1, 'quantity': 2, 'unit': 'cherry'}, {'name': 'parmesan cheese', 'calories': 21.0, 'carbs': 0.7, 'protein': 1.4, 'fat': 1.4, 'quantity': 1, 'unit': 'tbsp'}, {'name': 'tortilla', 'calories': 104.0, 'carbs': 17.8, 'protein': 2.8, 'fat': 2.3, 'quantity': 1, 'unit': 'tortilla, medium (approx 6\"" dia)'}, {'name': 'mayonnaise', 'calories': 93.8, 'carbs': 0.1, 'protein': 0.1, 'fat': 10.3, 'quantity': 1, 'unit': 'tbsp'}]""","""[\""udon noodles\"", \""cream sauce\"", \""avocado\"", \""cherry tomato\"", \""parmesan cheese\"", \""tortilla\"", \""mayonnaise\""]""",7,658.5,74.6,16.6,32.8
fsb_00548,fsb_00548.jpg,Crepes with Jam and Chocolate Spread,"""[{'name': 'crepe', 'calories': 211.6, 'carbs': 20.9, 'protein': 7.6, 'fat': 10.6, 'quantity': 2, 'unit': '8-inch crepe'}, {'name': 'strawberry jam', 'calories': 55.6, 'carbs': 13.8, 'protein': 0.1, 'fat': 0.0, 'quantity': 1, 'unit': 'tbsp'}, {'name': 'chocolate spread', 'calories': 107.4, 'carbs': 12.3, 'protein': 1.1, 'fat': 5.9, 'quantity': 0.7, 'unit': 'wt. oz'}]""","""[\""crepe\"", \""strawberry jam\"", \""chocolate spread\""]""",3,374.6,47.0,8.8,16.5
fsb_00549,fsb_00549.jpg,Crepes with Salad and Fries,"""[{'name': 'crepe', 'calories': 151.7, 'carbs': 15.0, 'protein': 5.4, 'fat': 7.6, 'quantity': 0.9, 'unit': '10-inch crepe'}, {'name': 'spinach', 'calories': 4.1, 'carbs': 0.7, 'protein': 0.5, 'fat': 0.0, 'quantity': 0.1, 'unit': 'cup'}, {'name': 'cheese', 'calories': 91.3, 'carbs': 0.7, 'protein': 5.2, 'fat': 7.5, 'quantity': 0.2, 'unit': 'cup, shredded'}, {'name': 'french fries', 'calories': 142.3, 'carbs': 18.9, 'protein': 1.6, 'fat': 6.7, 'quantity': 0.8, 'unit': 'cup'}, {'name': 'mixed greens', 'calories': 6.0, 'carbs': 1.3, 'protein': 0.4, 'fat': 0.1, 'quantity': 0.8999999999999999, 'unit': 'cups'}, {'name': 'carrot', 'calories': 10.9, 'carbs': 2.6, 'protein': 0.2, 'fat': 0.1, 'quantity': 0.2, 'unit': 'cup'}]""","""[\""crepe\"", \""spinach\"", \""cheese\"", \""french fries\"", \""mixed greens\"", \""carrot\""]""",6,406.3,39.2,13.3,22.0
fsb_00550,fsb_00550.jpg,Crab And Cheese Croissant Sandwich,"""[{'name': 'croissant', 'calories': 231.4, 'carbs': 26.1, 'protein': 4.7, 'fat': 12.0, 'quantity': 1, 'unit': 'croissant, medium'}, {'name': 'scrambled eggs', 'calories': 181.8, 'carbs': 2.0, 'protein': 12.2, 'fat': 13.4, 'quantity': 2, 'unit': 'large'}, {'name': 'cheese sauce', 'calories': 109.6, 'carbs': 4.3, 'protein': 4.2, 'fat': 8.4, 'quantity': 4, 'unit': 'tbsp'}, {'name': 'mixed salad', 'calories': 10.0, 'carbs': 2.1, 'protein': 0.6, 'fat': 0.1, 'quantity': 1.5, 'unit': 'cups'}, {'name': 'crab stuffing', 'calories': 368.4, 'carbs': 24.3, 'protein': 11.7, 'fat': 24.7, 'quantity': 1, 'unit': 'cup'}, {'name': 'shredded swiss cheese', 'calories': 410.4, 'carbs': 5.8, 'protein': 29.1, 'fat': 30.0, 'quantity': 1, 'unit': 'cup'}]""","""[\""croissant\"", \""scrambled eggs\"", \""cheese sauce\"", \""mixed salad\"", \""crab stuffing\"", \""shredded swiss cheese\""]""",6,1311.6,64.6,62.5,88.6
fsb_00551,fsb_00551.jpg,Croissant with Smoked Salmon and Cream Cheese,"""[{'name': 'croissant', 'calories': 462.8, 'carbs': 52.2, 'protein': 9.3, 'fat': 23.9, 'quantity': 2, 'unit': 'croissant, medium'}, {'name': 'smoked salmon', 'calories': 117.0, 'carbs': 0.0, 'protein': 18.3, 'fat': 4.3, 'quantity': 100, 'unit': 'g'}, {'name': 'cream cheese', 'calories': 50.8, 'carbs': 0.8, 'protein': 0.9, 'fat': 5.0, 'quantity': 1, 'unit': 'tbsp'}, {'name': 'butter', 'calories': 35.8, 'carbs': 0.0, 'protein': 0.0, 'fat': 4.1, 'quantity': 1, 'unit': 'pat (1\"" sq, 1/3\"" high)'}]""","""[\""croissant\"", \""smoked salmon\"", \""cream cheese\"", \""butter\""]""",4,666.4,53.0,28.5,37.3
fsb_00552,fsb_00552.jpg,Croissants with Butter and Milk,"""[{'name': 'croissant', 'calories': 462.8, 'carbs': 52.2, 'protein': 9.3, 'fat': 23.9, 'quantity': 2, 'unit': 'croissant, medium'}, {'name': 'butter', 'calories': 71.7, 'carbs': 0.0, 'protein': 0.1, 'fat': 8.1, 'quantity': 10, 'unit': 'g'}, {'name': 'milk', 'calories': 61.0, 'carbs': 5.9, 'protein': 4.0, 'fat': 2.4, 'quantity': 0.5, 'unit': 'cup'}]""","""[\""croissant\"", \""butter\"", \""milk\""]""",3,595.5,58.1,13.4,34.4
fsb_00553,fsb_00553.jpg,Crusted Fish with Roasted Vegetables and Pear Salad,"""[{'name': 'fish', 'calories': 222.7, 'carbs': 0.0, 'protein': 45.5, 'fat': 4.6, 'quantity': 2, 'unit': 'fillet'}, {'name': 'roasted potatoes', 'calories': 125.7, 'carbs': 16.2, 'protein': 1.9, 'fat': 6.0, 'quantity': 0.7, 'unit': 'cup'}, {'name': 'roasted carrots', 'calories': 54.4, 'carbs': 7.1, 'protein': 0.7, 'fat': 2.9, 'quantity': 0.5, 'unit': 'cup'}, {'name': 'mixed greens', 'calories': 10.0, 'carbs': 2.1, 'protein': 0.6, 'fat': 0.1, 'quantity': 1.5, 'unit': 'cups'}, {'name': 'pear', 'calories': 50.7, 'carbs': 13.6, 'protein': 0.3, 'fat': 0.1, 'quantity': 0.5, 'unit': 'medium'}]""","""[\""fish\"", \""roasted potatoes\"", \""roasted carrots\"", \""mixed greens\"", \""pear\""]""",5,463.5,39.0,49.0,13.7
fsb_00554,fsb_00554.jpg,Cuban Sandwich,"""[{'name': 'bread', 'calories': 77.1, 'carbs': 14.3, 'protein': 2.6, 'fat': 1.0, 'quantity': 1, 'unit': 'slice'}, {'name': 'roast pork', 'calories': 148.9, 'carbs': 0.0, 'protein': 11.9, 'fat': 10.9, 'quantity': 1.7999999999999998, 'unit': 'oz'}, {'name': 'ham', 'calories': 58.4, 'carbs': 0.4, 'protein': 9.3, 'fat': 2.1, 'quantity': 1, 'unit': 'medium slice'}, {'name': 'swiss cheese', 'calories': 110.0, 'carbs': 0.4, 'protein': 7.5, 'fat': 8.7, 'quantity': 1, 'unit': 'slice (1 oz)'}, {'name': 'pickles', 'calories': 5.0, 'carbs': 1.0, 'protein': 0.2, 'fat': 0.1, 'quantity': 6, 'unit': 'slice'}, {'name': 'mustard', 'calories': 3.1, 'carbs': 0.3, 'protein': 0.2, 'fat': 0.2, 'quantity': 1, 'unit': 'tsp'}, {'name': 'butter', 'calories': 50.9, 'carbs': 0.0, 'protein': 0.1, 'fat': 5.8, 'quantity': 0.5, 'unit': 'tbsp'}]""","""[\""bread\"", \""roast pork\"", \""ham\"", \""swiss cheese\"", \""pickles\"", \""mustard\"", \""butter\""]""",7,453.4,16.4,31.8,28.8
fsb_00555,fsb_00555.jpg,Curried Beef with Brown Rice,"""[{'name': 'beef', 'calories': 220.2, 'carbs': 0.0, 'protein': 22.2, 'fat': 14.1, 'quantity': 3, 'unit': 'oz'}, {'name': 'brown rice', 'calories': 218.4, 'carbs': 45.8, 'protein': 4.5, 'fat': 1.6, 'quantity': 1, 'unit': 'cup'}, {'name': 'curry sauce', 'calories': 62.2, 'carbs': 4.7, 'protein': 0.8, 'fat': 4.8, 'quantity': 0.25, 'unit': 'cup'}]""","""[\""beef\"", \""brown rice\"", \""curry sauce\""]""",3,500.8,50.5,27.5,20.5
fsb_00556,fsb_00556.jpg,Decaf Latte with Sugar-Free Vanilla Syrup,"""[{'name': 'espresso', 'calories': 10.7, 'carbs': 2.0, 'protein': 0.1, 'fat': 0.2, 'quantity': 4, 'unit': 'fl oz'}, {'name': 'milk', 'calories': 122.0, 'carbs': 11.7, 'protein': 8.1, 'fat': 4.8, 'quantity': 8, 'unit': 'fl oz'}, {'name': 'sugar free syrup', 'calories': 31.2, 'carbs': 7.3, 'protein': 0.5, 'fat': 0.0, 'quantity': 0.25, 'unit': 'cup'}]""","""[\""espresso\"", \""milk\"", \""sugar free syrup\""]""",3,163.9,21.0,8.7,5.0
fsb_00557,fsb_00557.jpg,Deli Sandwich with Pickles,"""[{'name': 'marble rye bread', 'calories': 165.8, 'carbs': 30.9, 'protein': 5.4, 'fat': 2.1, 'quantity': 2, 'unit': 'slice'}, {'name': 'turkey', 'calories': 96.4, 'carbs': 0.0, 'protein': 14.6, 'fat': 3.8, 'quantity': 1.7999999999999998, 'unit': 'oz'}, {'name': 'swiss cheese', 'calories': 110.0, 'carbs': 0.4, 'protein': 7.5, 'fat': 8.7, 'quantity': 1, 'unit': 'slice (1 oz)'}, {'name': 'lettuce', 'calories': 1.6, 'carbs': 0.3, 'protein': 0.1, 'fat': 0.0, 'quantity': 0.2, 'unit': 'cups shredded'}, {'name': 'tomato', 'calories': 5.4, 'carbs': 1.2, 'protein': 0.3, 'fat': 0.1, 'quantity': 2, 'unit': 'slice, thin/small'}, {'name': 'pickles', 'calories': 12.6, 'carbs': 2.5, 'protein': 0.5, 'fat': 0.3, 'quantity': 3, 'unit': 'spear'}]""","""[\""marble rye bread\"", \""turkey\"", \""swiss cheese\"", \""lettuce\"", \""tomato\"", \""pickles\""]""",6,391.8,35.3,28.4,15.0
fsb_00558,fsb_00558.jpg,Deli Sandwich,"""[{'name': 'bread', 'calories': 242.2, 'carbs': 45.0, 'protein': 8.1, 'fat': 3.0, 'quantity': 2, 'unit': 'slice (1.5 oz)'}, {'name': 'roast beef', 'calories': 195.6, 'carbs': 1.1, 'protein': 31.7, 'fat': 6.3, 'quantity': 6, 'unit': 'wt. oz'}, {'name': 'lettuce', 'calories': 1.6, 'carbs': 0.3, 'protein': 0.1, 'fat': 0.0, 'quantity': 0.2, 'unit': 'cups shredded'}, {'name': 'tomato', 'calories': 6.1, 'carbs': 1.3, 'protein': 0.3, 'fat': 0.1, 'quantity': 2, 'unit': 'cherry'}, {'name': 'mayonnaise', 'calories': 93.8, 'carbs': 0.1, 'protein': 0.1, 'fat': 10.3, 'quantity': 1, 'unit': 'tbsp'}]""","""[\""bread\"", \""roast beef\"", \""lettuce\"", \""tomato\"", \""mayonnaise\""]""",5,539.3,47.8,40.3,19.7
fsb_00559,fsb_00559.jpg,Dessert Plate,"""[{'name': 'cake', 'calories': 293.3, 'carbs': 42.2, 'protein': 2.2, 'fat': 13.4, 'quantity': 1, 'unit': 'cupcake'}, {'name': 'cannoli', 'calories': 233.3, 'carbs': 18.0, 'protein': 6.0, 'fat': 15.1, 'quantity': 1, 'unit': 'cannoli'}, {'name': 'raspberry', 'calories': 52.0, 'carbs': 11.9, 'protein': 1.2, 'fat': 0.6, 'quantity': 13, 'unit': 'tbsp'}, {'name': 'cream', 'calories': 102.0, 'carbs': 0.8, 'protein': 0.9, 'fat': 10.8, 'quantity': 2, 'unit': 'tbsp'}]""","""[\""cake\"", \""cannoli\"", \""raspberry\"", \""cream\""]""",4,680.6,72.9,10.3,39.9
fsb_00560,fsb_00560.jpg,Dessert Platter,"""[{'name': 'chocolate cake', 'calories': 224.1, 'carbs': 30.4, 'protein': 2.0, 'fat': 11.5, 'quantity': 0.9, 'unit': 'piece (1/8 of 18 oz cake)'}, {'name': 'cream puff', 'calories': 238.5, 'carbs': 26.7, 'protein': 3.1, 'fat': 13.2, 'quantity': 0.7, 'unit': 'eclair'}, {'name': 'creme brulee', 'calories': 165.4, 'carbs': 7.3, 'protein': 2.0, 'fat': 14.5, 'quantity': 0.3, 'unit': 'serving'}]""","""[\""chocolate cake\"", \""cream puff\"", \""creme brulee\""]""",3,628.0,64.4,7.1,39.2
fsb_00561,fsb_00561.jpg,Deviled Eggs,"""[{'name': 'eggs', 'calories': 320.3, 'carbs': 1.6, 'protein': 28.1, 'fat': 21.3, 'quantity': 4, 'unit': 'extra large'}, {'name': 'mayonnaise', 'calories': 187.7, 'carbs': 0.2, 'protein': 0.3, 'fat': 20.7, 'quantity': 2, 'unit': 'tbsp'}, {'name': 'mustard', 'calories': 3.1, 'carbs': 0.3, 'protein': 0.2, 'fat': 0.2, 'quantity': 1, 'unit': 'tsp'}, {'name': 'paprika', 'calories': 3.2, 'carbs': 0.6, 'protein': 0.2, 'fat': 0.1, 'quantity': 0.5, 'unit': 'tsp'}]""","""[\""eggs\"", \""mayonnaise\"", \""mustard\"", \""paprika\""]""",4,514.3,2.7,28.8,42.3
fsb_00562,fsb_00562.jpg,Diced Avocado with Salt and Pepper,"""[{'name': 'avocado', 'calories': 120.0, 'carbs': 6.4, 'protein': 1.5, 'fat': 11.0, 'quantity': 0.5, 'unit': 'cup, cubes'}, {'name': 'salt', 'calories': 0.0, 'carbs': 0.0, 'protein': 0.0, 'fat': 0.0, 'quantity': 0.25, 'unit': 'tsp'}, {'name': 'black pepper', 'calories': 1.2, 'carbs': 0.3, 'protein': 0.0, 'fat': 0.0, 'quantity': 0.2, 'unit': 'tsp, ground'}]""","""[\""avocado\"", \""salt\"", \""black pepper\""]""",3,121.2,6.7,1.5,11.0
fsb_00563,fsb_00563.jpg,Dim Sum and Noodle Soup,"""[{'name': 'shrimp dumpling', 'calories': 71.7, 'carbs': 10.6, 'protein': 5.0, 'fat': 0.7, 'quantity': 2, 'unit': 'dumpling'}, {'name': 'pork dumpling', 'calories': 60.6, 'carbs': 6.9, 'protein': 3.3, 'fat': 2.1, 'quantity': 0.9, 'unit': 'piece'}, {'name': 'vegetable dumpling', 'calories': 49.7, 'carbs': 7.3, 'protein': 2.4, 'fat': 1.2, 'quantity': 1, 'unit': 'dumpling'}, {'name': 'noodles', 'calories': 110.6, 'carbs': 21.6, 'protein': 4.1, 'fat': 0.7, 'quantity': 0.5, 'unit': 'cup'}, {'name': 'bok choy', 'calories': 4.1, 'carbs': 0.6, 'protein': 0.5, 'fat': 0.1, 'quantity': 0.2, 'unit': 'cup'}, {'name': 'broth', 'calories': 8.6, 'carbs': 0.8, 'protein': 0.6, 'fat': 0.3, 'quantity': 0.1, 'unit': 'cup'}]""","""[\""shrimp dumpling\"", \""pork dumpling\"", \""vegetable dumpling\"", \""noodles\"", \""bok choy\"", \""broth\""]""",6,305.3,47.8,15.9,5.1
fsb_00564,fsb_00564.jpg,Dim Sum Platter,"""[{'name': 'prawn toast', 'calories': 195.9, 'carbs': 10.3, 'protein': 13.6, 'fat': 11.3, 'quantity': 3, 'unit': 'wt. oz'}, {'name': 'spring roll', 'calories': 195.6, 'carbs': 25.4, 'protein': 4.9, 'fat': 8.2, 'quantity': 3, 'unit': 'wt. oz'}, {'name': 'shrimp dumpling', 'calories': 160.7, 'carbs': 23.8, 'protein': 11.1, 'fat': 1.5, 'quantity': 3, 'unit': 'wt. oz'}, {'name': 'spaghetti with sauce', 'calories': 542.1, 'carbs': 97.7, 'protein': 18.8, 'fat': 9.4, 'quantity': 2, 'unit': 'cups'}]""","""[\""prawn toast\"", \""spring roll\"", \""shrimp dumpling\"", \""spaghetti with sauce\""]""",4,1094.3,157.2,48.4,30.4
fsb_00565,fsb_00565.jpg,Dinner Plate,"""[{'name': 'roast beef', 'calories': 195.6, 'carbs': 1.1, 'protein': 31.7, 'fat': 6.3, 'quantity': 6, 'unit': 'wt. oz'}, {'name': 'boiled potatoes', 'calories': 123.3, 'carbs': 28.5, 'protein': 2.7, 'fat': 0.1, 'quantity': 5, 'unit': 'wt. oz'}, {'name': 'beets', 'calories': 37.4, 'carbs': 8.5, 'protein': 1.4, 'fat': 0.2, 'quantity': 0.5, 'unit': 'cup slices'}, {'name': 'red wine', 'calories': 125.0, 'carbs': 3.8, 'protein': 0.1, 'fat': 0.0, 'quantity': 1, 'unit': 'glass'}]""","""[\""roast beef\"", \""boiled potatoes\"", \""beets\"", \""red wine\""]""",4,481.3,41.9,35.9,6.6
fsb_00566,fsb_00566.jpg,Dumpling Soup,"""[{'name': 'dumplings', 'calories': 124.3, 'carbs': 21.0, 'protein': 3.4, 'fat': 2.9, 'quantity': 3, 'unit': 'small dumpling'}, {'name': 'broth', 'calories': 43.2, 'carbs': 4.2, 'protein': 3.0, 'fat': 1.4, 'quantity': 0.5, 'unit': 'cup'}, {'name': 'green onions', 'calories': 1.0, 'carbs': 0.2, 'protein': 0.1, 'fat': 0.0, 'quantity': 0.6, 'unit': 'small (3\"" long)'}, {'name': 'mushrooms', 'calories': 4.4, 'carbs': 0.8, 'protein': 0.3, 'fat': 0.1, 'quantity': 0.1, 'unit': 'cup'}]""","""[\""dumplings\"", \""broth\"", \""green onions\"", \""mushrooms\""]""",4,172.9,26.2,6.8,4.4
fsb_00567,fsb_00567.jpg,Egg And Arugula Sandwich,"""[{'name': 'white bread', 'calories': 159.6, 'carbs': 29.7, 'protein': 5.3, 'fat': 2.0, 'quantity': 2, 'unit': 'slice, large'}, {'name': 'eggs', 'calories': 71.5, 'carbs': 0.4, 'protein': 6.3, 'fat': 4.8, 'quantity': 1, 'unit': 'large'}, {'name': 'arugula', 'calories': 2.5, 'carbs': 0.4, 'protein': 0.3, 'fat': 0.1, 'quantity': 0.5, 'unit': 'cup'}, {'name': 'Extra Sharp Cheddar, Cracker Cut', 'calories': 35.0, 'carbs': 0.0, 'protein': 1.8, 'fat': 3.0, 'quantity': 1, 'unit': 'slices'}]""","""[\""white bread\"", \""eggs\"", \""arugula\"", \""Extra Sharp Cheddar, Cracker Cut\""]""",4,268.6,30.5,13.7,9.9
fsb_00568,fsb_00568.jpg,Egg and Avocado Salad,"""[{'name': 'boiled egg', 'calories': 155.0, 'carbs': 1.1, 'protein': 12.6, 'fat': 10.6, 'quantity': 2, 'unit': 'large'}, {'name': 'avocado', 'calories': 120.0, 'carbs': 6.4, 'protein': 1.5, 'fat': 11.0, 'quantity': 0.5, 'unit': 'cup, cubes'}, {'name': 'cherry tomatoes', 'calories': 16.1, 'carbs': 3.5, 'protein': 0.8, 'fat': 0.2, 'quantity': 0.6, 'unit': 'cup'}, {'name': 'flax seeds', 'calories': 55.0, 'carbs': 3.0, 'protein': 1.9, 'fat': 4.3, 'quantity': 1, 'unit': 'tbsp, whole'}]""","""[\""boiled egg\"", \""avocado\"", \""cherry tomatoes\"", \""flax seeds\""]""",4,346.1,14.0,16.8,26.1
fsb_00569,fsb_00569.jpg,Salmon Avocado Toast,"""[{'name': 'egg', 'calories': 71.5, 'carbs': 0.4, 'protein': 6.3, 'fat': 4.8, 'quantity': 1, 'unit': 'large'}, {'name': 'avocado', 'calories': 48.0, 'carbs': 2.6, 'protein': 0.6, 'fat': 4.4, 'quantity': 0.2, 'unit': 'cup, cubes'}, {'name': 'whole grain bread', 'calories': 80.6, 'carbs': 13.7, 'protein': 4.0, 'fat': 1.1, 'quantity': 1, 'unit': 'slice'}, {'name': 'salmon', 'calories': 140.3, 'carbs': 0.0, 'protein': 15.1, 'fat': 8.4, 'quantity': 0.3, 'unit': 'fillet'}, {'name': 'olive oil', 'calories': 39.8, 'carbs': 0.0, 'protein': 0.0, 'fat': 4.5, 'quantity': 1, 'unit': 'tsp'}]""","""[\""egg\"", \""avocado\"", \""whole grain bread\"", \""salmon\"", \""olive oil\""]""",5,380.2,16.7,26.0,23.2
fsb_00570,fsb_00570.jpg,Egg and Bacon Salad,"""[{'name': 'egg', 'calories': 160.2, 'carbs': 0.8, 'protein': 14.1, 'fat': 10.7, 'quantity': 2, 'unit': 'extra large'}, {'name': 'bacon', 'calories': 129.2, 'carbs': 0.5, 'protein': 9.4, 'fat': 9.7, 'quantity': 2.4000000000000004, 'unit': 'slices'}, {'name': 'avocado', 'calories': 48.0, 'carbs': 2.6, 'protein': 0.6, 'fat': 4.4, 'quantity': 0.2, 'unit': 'cup, cubes'}]""","""[\""egg\"", \""bacon\"", \""avocado\""]""",3,337.4,3.9,24.1,24.8
fsb_00571,fsb_00571.jpg,Egg and Bacon Sandwich,"""[{'name': 'bread', 'calories': 159.6, 'carbs': 29.7, 'protein': 5.3, 'fat': 2.0, 'quantity': 2, 'unit': 'slice, large'}, {'name': 'egg', 'calories': 71.5, 'carbs': 0.4, 'protein': 6.3, 'fat': 4.8, 'quantity': 1, 'unit': 'large'}, {'name': 'bacon', 'calories': 80.7, 'carbs': 0.3, 'protein': 5.9, 'fat': 6.1, 'quantity': 1.5, 'unit': 'slices'}, {'name': 'cheese', 'calories': 113.1, 'carbs': 0.9, 'protein': 6.4, 'fat': 9.3, 'quantity': 1, 'unit': 'slice (1 oz)'}]""","""[\""bread\"", \""egg\"", \""bacon\"", \""cheese\""]""",4,424.9,31.3,23.9,22.2
fsb_00572,fsb_00572.jpg,Egg and Cheese Bagel,"""[{'name': 'bagel', 'calories': 235.2, 'carbs': 46.7, 'protein': 9.4, 'fat': 1.2, 'quantity': 0.9, 'unit': 'bagel'}, {'name': 'egg', 'calories': 71.5, 'carbs': 0.4, 'protein': 6.3, 'fat': 4.8, 'quantity': 1, 'unit': 'large'}, {'name': 'cheddar cheese', 'calories': 113.1, 'carbs': 0.9, 'protein': 6.4, 'fat': 9.3, 'quantity': 1, 'unit': 'slice (1 oz)'}]""","""[\""bagel\"", \""egg\"", \""cheddar cheese\""]""",3,419.8,48.0,22.1,15.3
fsb_00573,fsb_00573.jpg,Egg and Cheese Breakfast Sandwich,"""[{'name': 'english muffin', 'calories': 133.9, 'carbs': 26.2, 'protein': 4.4, 'fat': 1.0, 'quantity': 1, 'unit': 'muffin'}, {'name': 'scrambled egg', 'calories': 90.9, 'carbs': 1.0, 'protein': 6.1, 'fat': 6.7, 'quantity': 1, 'unit': 'large'}, {'name': 'cheese', 'calories': 113.1, 'carbs': 0.9, 'protein': 6.4, 'fat': 9.3, 'quantity': 1, 'unit': 'slice (1 oz)'}, {'name': 'butter', 'calories': 50.9, 'carbs': 0.0, 'protein': 0.1, 'fat': 5.8, 'quantity': 0.5, 'unit': 'tbsp'}]""","""[\""english muffin\"", \""scrambled egg\"", \""cheese\"", \""butter\""]""",4,388.8,28.1,17.0,22.8
fsb_00574,fsb_00574.jpg,Egg and Cheese Flatbread,"""[{'name': 'flatbread', 'calories': 210.5, 'carbs': 42.6, 'protein': 7.0, 'fat': 0.9, 'quantity': 0.9, 'unit': 'flatbread'}, {'name': 'egg', 'calories': 143.0, 'carbs': 0.7, 'protein': 12.6, 'fat': 9.5, 'quantity': 2, 'unit': 'large'}, {'name': 'cheddar cheese', 'calories': 113.1, 'carbs': 0.9, 'protein': 6.4, 'fat': 9.3, 'quantity': 1, 'unit': 'slice (1 oz)'}, {'name': 'butter', 'calories': 33.9, 'carbs': 0.0, 'protein': 0.0, 'fat': 3.8, 'quantity': 1, 'unit': 'tsp'}]""","""[\""flatbread\"", \""egg\"", \""cheddar cheese\"", \""butter\""]""",4,500.5,44.2,26.0,23.5
fsb_00575,fsb_00575.jpg,Egg and Cheese with Toast and Peanut Butter,"""[{'name': 'fried egg', 'calories': 90.2, 'carbs': 0.4, 'protein': 6.3, 'fat': 6.8, 'quantity': 1, 'unit': 'large'}, {'name': 'cheddar cheese', 'calories': 113.1, 'carbs': 0.9, 'protein': 6.4, 'fat': 9.3, 'quantity': 1, 'unit': 'slice (1 oz)'}, {'name': 'bagel', 'calories': 138.6, 'carbs': 27.5, 'protein': 5.5, 'fat': 0.7, 'quantity': 0.5, 'unit': 'medium bagel'}, {'name': 'peanut butter', 'calories': 188.2, 'carbs': 7.7, 'protein': 7.0, 'fat': 15.9, 'quantity': 2, 'unit': 'tbsp'}]""","""[\""fried egg\"", \""cheddar cheese\"", \""bagel\"", \""peanut butter\""]""",4,530.1,36.5,25.2,32.7
fsb_00576,fsb_00576.jpg,Egg Salad Sandwich,"""[{'name': 'eggs', 'calories': 71.5, 'carbs': 0.4, 'protein': 6.3, 'fat': 4.8, 'quantity': 1, 'unit': 'large'}, {'name': 'cucumber', 'calories': 7.8, 'carbs': 1.9, 'protein': 0.3, 'fat': 0.1, 'quantity': 0.5, 'unit': 'cup slices'}, {'name': 'bread', 'calories': 77.1, 'carbs': 14.3, 'protein': 2.6, 'fat': 1.0, 'quantity': 1, 'unit': 'slice'}]""","""[\""eggs\"", \""cucumber\"", \""bread\""]""",3,156.4,16.6,9.2,5.9
fsb_00577,fsb_00577.jpg,Egg and Edamame Salad with Blueberries,"""[{'name': 'egg', 'calories': 80.1, 'carbs': 0.4, 'protein': 7.0, 'fat': 5.3, 'quantity': 1, 'unit': 'extra large'}, {'name': 'edamame', 'calories': 56.3, 'carbs': 4.1, 'protein': 5.5, 'fat': 2.4, 'quantity': 0.3, 'unit': 'cup'}, {'name': 'avocado', 'calories': 48.0, 'carbs': 2.6, 'protein': 0.6, 'fat': 4.4, 'quantity': 0.2, 'unit': 'cup, cubes'}, {'name': 'red pepper flakes', 'calories': 2.9, 'carbs': 0.5, 'protein': 0.1, 'fat': 0.2, 'quantity': 0.5, 'unit': 'tsp'}, {'name': 'blueberries', 'calories': 42.2, 'carbs': 10.7, 'protein': 0.5, 'fat': 0.2, 'quantity': 0.5, 'unit': 'cup'}]""","""[\""egg\"", \""edamame\"", \""avocado\"", \""red pepper flakes\"", \""blueberries\""]""",5,229.5,18.3,13.7,12.5
fsb_00578,fsb_00578.jpg,Ham And Havarti Omelette,"""[{'name': 'ham', 'calories': 186.3, 'carbs': 1.4, 'protein': 29.7, 'fat': 6.8, 'quantity': 1, 'unit': 'cup, diced'}, {'name': 'olive oil', 'calories': 59.7, 'carbs': 0.0, 'protein': 0.0, 'fat': 6.8, 'quantity': 0.5, 'unit': 'tablespoon'}, {'name': 'liquid egg white', 'calories': 8.0, 'carbs': 0.1, 'protein': 1.7, 'fat': 0.0, 'quantity': 1, 'unit': 'tbsp'}, {'name': 'basil fresh', 'calories': 0.1, 'carbs': 0.0, 'protein': 0.0, 'fat': 0.0, 'quantity': 1, 'unit': 'leaf'}, {'name': 'havarti', 'calories': 103.9, 'carbs': 0.8, 'protein': 6.5, 'fat': 8.3, 'quantity': 1, 'unit': 'slice (1 oz)'}]""","""[\""ham\"", \""olive oil\"", \""liquid egg white\"", \""basil fresh\"", \""havarti\""]""",5,358.0,2.3,37.9,21.9
fsb_00579,fsb_00579.jpg,Egg and Rice Plate with Salad and Beans,"""[{'name': 'fried egg', 'calories': 90.2, 'carbs': 0.4, 'protein': 6.3, 'fat': 6.8, 'quantity': 1, 'unit': 'large'}, {'name': 'white rice', 'calories': 102.7, 'carbs': 22.3, 'protein': 2.1, 'fat': 0.2, 'quantity': 0.5, 'unit': 'cup'}, {'name': 'avocado', 'calories': 120.0, 'carbs': 6.4, 'protein': 1.5, 'fat': 11.0, 'quantity': 0.5, 'unit': 'cup, cubes'}, {'name': 'mixed salad greens', 'calories': 10.0, 'carbs': 2.1, 'protein': 0.6, 'fat': 0.1, 'quantity': 1.5, 'unit': 'cups'}, {'name': 'beans', 'calories': 119.4, 'carbs': 26.8, 'protein': 6.0, 'fat': 0.5, 'quantity': 0.5, 'unit': 'cup'}, {'name': 'salad dressing', 'calories': 64.5, 'carbs': 0.9, 'protein': 0.2, 'fat': 6.7, 'quantity': 1, 'unit': 'tablespoons'}]""","""[\""fried egg\"", \""white rice\"", \""avocado\"", \""mixed salad greens\"", \""beans\"", \""salad dressing\""]""",6,506.8,58.9,16.7,25.3
fsb_00580,fsb_00580.jpg,Egg and Rye Sandwich,"""[{'name': 'hard boiled egg', 'calories': 77.5, 'carbs': 0.6, 'protein': 6.3, 'fat': 5.3, 'quantity': 1, 'unit': 'large'}, {'name': 'rye bread', 'calories': 165.8, 'carbs': 30.9, 'protein': 5.4, 'fat': 2.1, 'quantity': 2, 'unit': 'slice, regular'}, {'name': 'cheese', 'calories': 113.1, 'carbs': 0.9, 'protein': 6.4, 'fat': 9.3, 'quantity': 1, 'unit': 'slice (1 oz)'}, {'name': 'ham', 'calories': 58.4, 'carbs': 0.4, 'protein': 9.3, 'fat': 2.1, 'quantity': 2, 'unit': 'thin slice'}, {'name': 'cream cheese', 'calories': 50.8, 'carbs': 0.8, 'protein': 0.9, 'fat': 5.0, 'quantity': 1, 'unit': 'tbsp'}]""","""[\""hard boiled egg\"", \""rye bread\"", \""cheese\"", \""ham\"", \""cream cheese\""]""",5,465.6,33.6,28.3,23.8
fsb_00581,fsb_00581.jpg,Egg Bites with Yogurt and Juice,"""[{'name': 'egg', 'calories': 270.3, 'carbs': 1.4, 'protein': 23.7, 'fat': 18.0, 'quantity': 3, 'unit': 'jumbo'}, {'name': 'yogurt', 'calories': 154.3, 'carbs': 17.2, 'protein': 12.9, 'fat': 3.8, 'quantity': 1, 'unit': 'cup (8 fl oz)'}, {'name': 'juice', 'calories': 115.2, 'carbs': 28.1, 'protein': 0.3, 'fat': 0.0, 'quantity': 0.9, 'unit': 'cup'}]""","""[\""egg\"", \""yogurt\"", \""juice\""]""",3,539.8,46.7,36.9,21.8
fsb_00582,fsb_00582.jpg,Egg Bites,"""[{'name': 'eggs', 'calories': 143.0, 'carbs': 0.7, 'protein': 12.6, 'fat': 9.5, 'quantity': 2, 'unit': 'large'}, {'name': 'cheese', 'calories': 91.3, 'carbs': 0.7, 'protein': 5.2, 'fat': 7.5, 'quantity': 0.2, 'unit': 'cup, shredded'}, {'name': 'bacon', 'calories': 80.7, 'carbs': 0.3, 'protein': 5.9, 'fat': 6.1, 'quantity': 1.5, 'unit': 'slices'}]""","""[\""eggs\"", \""cheese\"", \""bacon\""]""",3,315.0,1.7,23.7,23.1
fsb_00583,fsb_00583.jpg,Egg Muffins,"""[{'name': 'egg', 'calories': 214.5, 'carbs': 1.1, 'protein': 18.8, 'fat': 14.3, 'quantity': 3, 'unit': 'large'}, {'name': 'cheese', 'calories': 91.3, 'carbs': 0.7, 'protein': 5.2, 'fat': 7.5, 'quantity': 0.2, 'unit': 'cup, shredded'}, {'name': 'ham', 'calories': 60.5, 'carbs': 0.5, 'protein': 9.6, 'fat': 2.2, 'quantity': 0.3, 'unit': 'slice'}, {'name': 'bell pepper', 'calories': 11.2, 'carbs': 2.7, 'protein': 0.4, 'fat': 0.1, 'quantity': 0.3, 'unit': 'cup, strips'}]""","""[\""egg\"", \""cheese\"", \""ham\"", \""bell pepper\""]""",4,377.5,5.0,34.0,24.1
fsb_00584,fsb_00584.jpg,Egg Salad Sandwich,"""[{'name': 'bread', 'calories': 159.6, 'carbs': 29.7, 'protein': 5.3, 'fat': 2.0, 'quantity': 2, 'unit': 'slice, large'}, {'name': 'eggs', 'calories': 160.2, 'carbs': 0.8, 'protein': 14.1, 'fat': 10.7, 'quantity': 2, 'unit': 'extra large'}, {'name': 'mayonnaise', 'calories': 187.7, 'carbs': 0.2, 'protein': 0.3, 'fat': 20.7, 'quantity': 2, 'unit': 'tbsp'}, {'name': 'pickles', 'calories': 8.4, 'carbs': 1.7, 'protein': 0.3, 'fat': 0.2, 'quantity': 2, 'unit': 'spear'}]""","""[\""bread\"", \""eggs\"", \""mayonnaise\"", \""pickles\""]""",4,515.9,32.4,20.0,33.6
fsb_00585,fsb_00585.jpg,Egg Salad Sandwich,"""[{'name': 'egg salad', 'calories': 212.4, 'carbs': 2.4, 'protein': 8.2, 'fat': 18.7, 'quantity': 100, 'unit': 'g'}, {'name': 'lettuce', 'calories': 1.7, 'carbs': 0.3, 'protein': 0.1, 'fat': 0.0, 'quantity': 10, 'unit': 'g'}, {'name': 'whole wheat bread', 'calories': 126.0, 'carbs': 21.4, 'protein': 6.2, 'fat': 1.8, 'quantity': 50, 'unit': 'g'}]""","""[\""egg salad\"", \""lettuce\"", \""whole wheat bread\""]""",3,340.1,24.1,14.5,20.5
fsb_00586,fsb_00586.jpg,Egg Salad with Crackers and Grapes,"""[{'name': 'egg salad', 'calories': 235.7, 'carbs': 2.7, 'protein': 9.1, 'fat': 20.7, 'quantity': 0.5, 'unit': 'cup'}, {'name': 'crackers', 'calories': 65.3, 'carbs': 7.8, 'protein': 0.8, 'fat': 3.4, 'quantity': 4, 'unit': 'cracker, round'}, {'name': 'grapes', 'calories': 10.1, 'carbs': 2.7, 'protein': 0.1, 'fat': 0.0, 'quantity': 3, 'unit': 'grapes'}]""","""[\""egg salad\"", \""crackers\"", \""grapes\""]""",3,311.1,13.2,10.0,24.1
fsb_00587,fsb_00587.jpg,Blueberry Cheese Toast,"""[{'name': 'whole grain bread', 'calories': 161.3, 'carbs': 27.3, 'protein': 8.0, 'fat': 2.2, 'quantity': 2, 'unit': 'slice'}, {'name': 'eggs', 'calories': 71.5, 'carbs': 0.4, 'protein': 6.3, 'fat': 4.8, 'quantity': 1, 'unit': 'large'}, {'name': 'cheese', 'calories': 68.7, 'carbs': 0.5, 'protein': 3.9, 'fat': 5.7, 'quantity': 1, 'unit': 'cubic inch'}, {'name': 'blueberries', 'calories': 42.2, 'carbs': 10.7, 'protein': 0.5, 'fat': 0.2, 'quantity': 0.5, 'unit': 'cup'}]""","""[\""whole grain bread\"", \""eggs\"", \""cheese\"", \""blueberries\""]""",4,343.7,38.9,18.7,12.9
fsb_00588,fsb_00588.jpg,Kiwi Egg Coffee Smoothie,"""[{'name': 'egg', 'calories': 160.2, 'carbs': 0.8, 'protein': 14.1, 'fat': 10.7, 'quantity': 2, 'unit': 'extra large'}, {'name': 'kiwi', 'calories': 42.1, 'carbs': 10.1, 'protein': 0.8, 'fat': 0.4, 'quantity': 1, 'unit': 'fruit (2\"" dia)'}, {'name': 'coffee with milk', 'calories': 29.7, 'carbs': 2.7, 'protein': 2.1, 'fat': 1.1, 'quantity': 0.9, 'unit': 'cup'}, {'name': 'extra virgin olive oil', 'calories': 39.8, 'carbs': 0.0, 'protein': 0.0, 'fat': 4.5, 'quantity': 1, 'unit': 'tsp'}]""","""[\""egg\"", \""kiwi\"", \""coffee with milk\"", \""extra virgin olive oil\""]""",4,271.8,13.6,17.0,16.7
fsb_00589,fsb_00589.jpg,Meatball Frittata,"""[{'name': 'egg white', 'calories': 17.2, 'carbs': 0.2, 'protein': 3.6, 'fat': 0.1, 'quantity': 1, 'unit': 'large'}, {'name': 'meatball', 'calories': 81.1, 'carbs': 2.3, 'protein': 4.1, 'fat': 6.3, 'quantity': 1, 'unit': 'medium meatballs'}, {'name': 'cherry tomatoes', 'calories': 30.6, 'carbs': 6.6, 'protein': 1.5, 'fat': 0.3, 'quantity': 10, 'unit': 'cherry'}]""","""[\""egg white\"", \""meatball\"", \""cherry tomatoes\""]""",3,128.9,9.1,9.2,6.7
fsb_00590,fsb_00590.jpg,Turkey And Cheese Frittata,"""[{'name': 'egg whites', 'calories': 51.5, 'carbs': 0.7, 'protein': 10.8, 'fat': 0.2, 'quantity': 3, 'unit': 'large'}, {'name': 'tomato', 'calories': 6.5, 'carbs': 1.4, 'protein': 0.3, 'fat': 0.1, 'quantity': 0.2, 'unit': 'cup, chopped or sliced'}, {'name': 'onion', 'calories': 9.2, 'carbs': 2.1, 'protein': 0.3, 'fat': 0.0, 'quantity': 0.1, 'unit': 'cup'}, {'name': 'cheese', 'calories': 91.3, 'carbs': 0.7, 'protein': 5.2, 'fat': 7.5, 'quantity': 0.2, 'unit': 'cup, shredded'}, {'name': 'olive oil', 'calories': 39.8, 'carbs': 0.0, 'protein': 0.0, 'fat': 4.5, 'quantity': 1, 'unit': 'tsp'}, {'name': 'turkey meat', 'calories': 45.0, 'carbs': 0.0, 'protein': 8.2, 'fat': 1.1, 'quantity': 1, 'unit': 'oz'}]""","""[\""egg whites\"", \""tomato\"", \""onion\"", \""cheese\"", \""olive oil\"", \""turkey meat\""]""",6,243.3,4.9,24.8,13.4
fsb_00591,fsb_00591.jpg,Eggplant in Soy Sauce,"""[{'name': 'eggplant', 'calories': 34.6, 'carbs': 8.6, 'protein': 0.8, 'fat': 0.2, 'quantity': 1, 'unit': 'cup (1\"" cubes)'}, {'name': 'soy sauce', 'calories': 17.0, 'carbs': 1.6, 'protein': 2.6, 'fat': 0.2, 'quantity': 2, 'unit': 'tbsp'}, {'name': 'garlic', 'calories': 8.0, 'carbs': 1.8, 'protein': 0.3, 'fat': 0.0, 'quantity': 1.7999999999999998, 'unit': 'cloves'}, {'name': 'chili flakes', 'calories': 2.9, 'carbs': 0.5, 'protein': 0.1, 'fat': 0.2, 'quantity': 0.5, 'unit': 'tsp'}]""","""[\""eggplant\"", \""soy sauce\"", \""garlic\"", \""chili flakes\""]""",4,62.5,12.5,3.8,0.6
fsb_00592,fsb_00592.jpg,Eggplant Parmesan with Spaghetti and Salad,"""[{'name': 'eggplant parmesan', 'calories': 302.5, 'carbs': 20.5, 'protein': 14.1, 'fat': 18.7, 'quantity': 1, 'unit': 'cup'}, {'name': 'spaghetti', 'calories': 210.4, 'carbs': 42.3, 'protein': 7.4, 'fat': 0.9, 'quantity': 1, 'unit': 'cup'}, {'name': 'marinara sauce', 'calories': 66.0, 'carbs': 9.8, 'protein': 1.8, 'fat': 2.1, 'quantity': 0.5, 'unit': 'cup'}, {'name': 'mixed greens', 'calories': 10.0, 'carbs': 2.1, 'protein': 0.6, 'fat': 0.1, 'quantity': 1.5, 'unit': 'cups'}, {'name': 'cucumber', 'calories': 5.2, 'carbs': 1.3, 'protein': 0.2, 'fat': 0.0, 'quantity': 5, 'unit': 'slice'}, {'name': 'tomato', 'calories': 6.5, 'carbs': 1.4, 'protein': 0.3, 'fat': 0.1, 'quantity': 0.2, 'unit': 'cup, chopped or sliced'}, {'name': 'olive oil', 'calories': 39.8, 'carbs': 0.0, 'protein': 0.0, 'fat': 4.5, 'quantity': 1, 'unit': 'tsp'}]""","""[\""eggplant parmesan\"", \""spaghetti\"", \""marinara sauce\"", \""mixed greens\"", \""cucumber\"", \""tomato\"", \""olive oil\""]""",7,640.4,77.4,24.4,26.4
fsb_00593,fsb_00593.jpg,Eggplant Rollatini with Salad,"""[{'name': 'eggplant', 'calories': 151.2, 'carbs': 37.7, 'protein': 3.6, 'fat': 1.0, 'quantity': 1, 'unit': 'small eggplant'}, {'name': 'mixed greens', 'calories': 10.0, 'carbs': 2.1, 'protein': 0.6, 'fat': 0.1, 'quantity': 1.5, 'unit': 'cups'}, {'name': 'tomato', 'calories': 11.1, 'carbs': 2.4, 'protein': 0.5, 'fat': 0.1, 'quantity': 0.5, 'unit': 'medium whole (2-3/5\"" dia)'}, {'name': 'carrot', 'calories': 10.9, 'carbs': 2.6, 'protein': 0.2, 'fat': 0.1, 'quantity': 0.2, 'unit': 'cup'}, {'name': 'olive salad', 'calories': 70.9, 'carbs': 1.2, 'protein': 0.2, 'fat': 7.6, 'quantity': 1, 'unit': 'tbsp'}]""","""[\""eggplant\"", \""mixed greens\"", \""tomato\"", \""carrot\"", \""olive salad\""]""",5,254.1,46.0,5.1,8.9
fsb_00594,fsb_00594.jpg,Eggplant with Minced Pork,"""[{'name': 'eggplant', 'calories': 34.6, 'carbs': 8.6, 'protein': 0.8, 'fat': 0.2, 'quantity': 1, 'unit': 'cup (1\"" cubes)'}, {'name': 'pork', 'calories': 176.4, 'carbs': 0.0, 'protein': 19.5, 'fat': 10.3, 'quantity': 0.3, 'unit': 'piece, cooked, excluding refuse (yield from 1 lb raw meat with refuse)'}, {'name': 'garlic', 'calories': 8.0, 'carbs': 1.8, 'protein': 0.3, 'fat': 0.0, 'quantity': 1.7999999999999998, 'unit': 'cloves'}, {'name': 'soy sauce', 'calories': 17.0, 'carbs': 1.6, 'protein': 2.6, 'fat': 0.2, 'quantity': 2, 'unit': 'tbsp'}, {'name': 'green onion', 'calories': 1.9, 'carbs': 0.4, 'protein': 0.1, 'fat': 0.0, 'quantity': 1, 'unit': 'tbsp chopped'}, {'name': 'vegetable oil', 'calories': 120.2, 'carbs': 0.0, 'protein': 0.0, 'fat': 13.6, 'quantity': 1, 'unit': 'tbsp'}]""","""[\""eggplant\"", \""pork\"", \""garlic\"", \""soy sauce\"", \""green onion\"", \""vegetable oil\""]""",6,358.1,12.4,23.3,24.3
fsb_00595,fsb_00595.jpg,Lupini Bean Salad With Egg,"""[{'name': 'egg', 'calories': 143.0, 'carbs': 0.7, 'protein': 12.6, 'fat': 9.5, 'quantity': 2, 'unit': 'large'}, {'name': 'lupini beans', 'calories': 28.8, 'carbs': 2.4, 'protein': 3.8, 'fat': 0.7, 'quantity': 7, 'unit': 'tsp'}, {'name': 'green olive', 'calories': 3.9, 'carbs': 0.1, 'protein': 0.0, 'fat': 0.4, 'quantity': 1, 'unit': 'olive'}]""","""[\""egg\"", \""lupini beans\"", \""green olive\""]""",3,175.7,3.2,16.4,10.6
fsb_00596,fsb_00596.jpg,Breakfast Sandwich,"""[{'name': 'fried egg', 'calories': 137.2, 'carbs': 0.6, 'protein': 9.5, 'fat': 10.4, 'quantity': 2, 'unit': 'small'}, {'name': 'whole wheat toast', 'calories': 76.5, 'carbs': 12.8, 'protein': 4.1, 'fat': 1.0, 'quantity': 1, 'unit': 'slice'}, {'name': 'breakfast sausage', 'calories': 74.8, 'carbs': 0.3, 'protein': 4.3, 'fat': 6.3, 'quantity': 1, 'unit': 'links'}]""","""[\""fried egg\"", \""whole wheat toast\"", \""breakfast sausage\""]""",3,288.5,13.7,17.9,17.7
fsb_00597,fsb_00597.jpg,Eggs Benedict With Tater Tots,"""[{'name': 'english muffin', 'calories': 133.9, 'carbs': 26.2, 'protein': 4.4, 'fat': 1.0, 'quantity': 1, 'unit': 'muffin'}, {'name': 'poached egg', 'calories': 71.5, 'carbs': 0.4, 'protein': 6.3, 'fat': 4.7, 'quantity': 1, 'unit': 'large'}, {'name': 'hollandaise sauce', 'calories': 132.3, 'carbs': 0.9, 'protein': 1.3, 'fat': 14.1, 'quantity': 1.6, 'unit': 'tbsp'}, {'name': 'smoked salmon', 'calories': 99.5, 'carbs': 0.0, 'protein': 15.5, 'fat': 3.7, 'quantity': 3, 'unit': 'oz'}, {'name': 'tater tots', 'calories': 16.1, 'carbs': 2.3, 'protein': 0.2, 'fat': 0.8, 'quantity': 1, 'unit': 'tots'}, {'name': 'salad mix', 'calories': 20.0, 'carbs': 4.2, 'protein': 1.2, 'fat': 0.2, 'quantity': 1, 'unit': 'serving'}, {'name': 'cherry tomato', 'calories': 6.1, 'carbs': 1.3, 'protein': 0.3, 'fat': 0.1, 'quantity': 2, 'unit': 'cherry'}, {'name': 'cucumber', 'calories': 2.1, 'carbs': 0.5, 'protein': 0.1, 'fat': 0.0, 'quantity': 2, 'unit': 'slice'}]""","""[\""english muffin\"", \""poached egg\"", \""hollandaise sauce\"", \""smoked salmon\"", \""tater tots\"", \""salad mix\"", \""cherry tomato\"", \""cucumber\""]""",8,481.5,35.8,29.3,24.6
fsb_00598,fsb_00598.jpg,Eggs with Cauliflower and Salad,"""[{'name': 'fried egg', 'calories': 180.3, 'carbs': 0.8, 'protein': 12.5, 'fat': 13.7, 'quantity': 2, 'unit': 'large'}, {'name': 'cauliflower', 'calories': 28.5, 'carbs': 5.1, 'protein': 2.3, 'fat': 0.6, 'quantity': 1, 'unit': 'cup (1\"" pieces)'}, {'name': 'lettuce', 'calories': 4.8, 'carbs': 0.9, 'protein': 0.3, 'fat': 0.1, 'quantity': 0.6, 'unit': 'cups shredded'}, {'name': 'cherry tomato', 'calories': 12.2, 'carbs': 2.6, 'protein': 0.6, 'fat': 0.1, 'quantity': 4, 'unit': 'cherry'}, {'name': 'radish', 'calories': 2.9, 'carbs': 0.6, 'protein': 0.1, 'fat': 0.0, 'quantity': 4, 'unit': 'medium (3/4\"" to 1\"" dia)'}, {'name': 'corn', 'calories': 27.2, 'carbs': 5.9, 'protein': 1.0, 'fat': 0.4, 'quantity': 1, 'unit': 'wt. oz'}, {'name': 'mayonnaise', 'calories': 93.8, 'carbs': 0.1, 'protein': 0.1, 'fat': 10.3, 'quantity': 1, 'unit': 'tbsp'}]""","""[\""fried egg\"", \""cauliflower\"", \""lettuce\"", \""cherry tomato\"", \""radish\"", \""corn\"", \""mayonnaise\""]""",7,349.7,16.0,16.9,25.2
fsb_00599,fsb_00599.jpg,Eggs with Vegetables and Cheese,"""[{'name': 'egg', 'calories': 143.0, 'carbs': 0.7, 'protein': 12.6, 'fat': 9.5, 'quantity': 2, 'unit': 'large'}, {'name': 'cheddar cheese', 'calories': 91.3, 'carbs': 0.7, 'protein': 5.2, 'fat': 7.5, 'quantity': 0.2, 'unit': 'cup, shredded'}, {'name': 'broccoli', 'calories': 14.7, 'carbs': 3.0, 'protein': 1.0, 'fat': 0.2, 'quantity': 0.3, 'unit': 'stalk, small (5\"" long)'}, {'name': 'mushrooms', 'calories': 4.4, 'carbs': 0.8, 'protein': 0.3, 'fat': 0.1, 'quantity': 0.1, 'unit': 'cup'}, {'name': 'olive oil', 'calories': 39.8, 'carbs': 0.0, 'protein': 0.0, 'fat': 4.5, 'quantity': 1, 'unit': 'tsp'}, {'name': 'coffee', 'calories': 1.9, 'carbs': 0.0, 'protein': 0.2, 'fat': 0.0, 'quantity': 0.8, 'unit': 'cup'}]""","""[\""egg\"", \""cheddar cheese\"", \""broccoli\"", \""mushrooms\"", \""olive oil\"", \""coffee\""]""",6,295.1,5.2,19.3,21.8
fsb_00600,fsb_00600.jpg,Eggs with Vegetables and Hummus,"""[{'name': 'eggs', 'calories': 143.0, 'carbs': 0.7, 'protein': 12.6, 'fat': 9.5, 'quantity': 2, 'unit': 'large'}, {'name': 'tomatoes', 'calories': 16.2, 'carbs': 3.5, 'protein': 0.8, 'fat': 0.2, 'quantity': 0.5, 'unit': 'cup, chopped or sliced'}, {'name': 'onions', 'calories': 9.2, 'carbs': 2.1, 'protein': 0.3, 'fat': 0.0, 'quantity': 0.1, 'unit': 'cup'}, {'name': 'bell peppers', 'calories': 11.2, 'carbs': 2.7, 'protein': 0.4, 'fat': 0.1, 'quantity': 0.3, 'unit': 'cup, strips'}, {'name': 'olive oil', 'calories': 119.3, 'carbs': 0.0, 'protein': 0.0, 'fat': 13.5, 'quantity': 1, 'unit': 'tablespoon'}, {'name': 'hummus', 'calories': 49.8, 'carbs': 4.3, 'protein': 2.4, 'fat': 2.9, 'quantity': 2, 'unit': 'tbsp'}]""","""[\""eggs\"", \""tomatoes\"", \""onions\"", \""bell peppers\"", \""olive oil\"", \""hummus\""]""",6,348.7,13.3,16.5,26.2
fsb_00601,fsb_00601.jpg,Elote-Style Corn & Potato Chowder,"""[{'name': 'corn', 'calories': 71.5, 'carbs': 15.6, 'protein': 2.5, 'fat': 1.1, 'quantity': 0.5, 'unit': 'cup cut'}, {'name': 'potato', 'calories': 160.9, 'carbs': 36.6, 'protein': 4.3, 'fat': 0.2, 'quantity': 1, 'unit': 'potato medium'}, {'name': 'cotija cheese', 'calories': 131.8, 'carbs': 1.4, 'protein': 7.2, 'fat': 10.8, 'quantity': 0.3, 'unit': 'cup'}, {'name': 'pepitas', 'calories': 84.7, 'carbs': 2.2, 'protein': 4.4, 'fat': 7.2, 'quantity': 2, 'unit': 'tbsp'}, {'name': 'cilantro', 'calories': 0.9, 'carbs': 0.1, 'protein': 0.1, 'fat': 0.0, 'quantity': 4, 'unit': 'tbsp'}, {'name': 'cream sauce', 'calories': 266.9, 'carbs': 15.4, 'protein': 6.2, 'fat': 20.3, 'quantity': 0.75, 'unit': 'cup'}, {'name': 'lime', 'calories': 20.1, 'carbs': 7.1, 'protein': 0.5, 'fat': 0.1, 'quantity': 1, 'unit': 'lime'}]""","""[\""corn\"", \""potato\"", \""cotija cheese\"", \""pepitas\"", \""cilantro\"", \""cream sauce\"", \""lime\""]""",7,736.8,78.4,25.2,39.7
fsb_00602,fsb_00602.jpg,Fettuccine Alfredo with Shredded Chicken,"""[{'name': 'fettuccine', 'calories': 211.5, 'carbs': 42.6, 'protein': 7.4, 'fat': 0.9, 'quantity': 1, 'unit': 'cup'}, {'name': 'alfredo sauce', 'calories': 161.2, 'carbs': 2.4, 'protein': 4.2, 'fat': 15.2, 'quantity': 0.15, 'unit': 'cup'}, {'name': 'shredded chicken', 'calories': 67.6, 'carbs': 0.0, 'protein': 10.1, 'fat': 2.7, 'quantity': 0.3, 'unit': 'cup'}]""","""[\""fettuccine\"", \""alfredo sauce\"", \""shredded chicken\""]""",3,440.3,45.0,21.7,18.8
fsb_00603,fsb_00603.jpg,Fettuccine with Tomato Cream Sauce,"""[{'name': 'fettuccine', 'calories': 211.5, 'carbs': 42.6, 'protein': 7.4, 'fat': 0.9, 'quantity': 1, 'unit': 'cup'}, {'name': 'tomato sauce', 'calories': 29.4, 'carbs': 6.5, 'protein': 1.5, 'fat': 0.4, 'quantity': 0.5, 'unit': 'cup'}, {'name': 'heavy cream', 'calories': 243.2, 'carbs': 2.0, 'protein': 2.0, 'fat': 25.8, 'quantity': 0.3, 'unit': 'cup'}, {'name': 'parmesan cheese', 'calories': 126.0, 'carbs': 4.2, 'protein': 8.5, 'fat': 8.4, 'quantity': 0.3, 'unit': 'cup'}, {'name': 'olive oil', 'calories': 119.3, 'carbs': 0.0, 'protein': 0.0, 'fat': 13.5, 'quantity': 1, 'unit': 'tbsp'}]""","""[\""fettuccine\"", \""tomato sauce\"", \""heavy cream\"", \""parmesan cheese\"", \""olive oil\""]""",5,729.4,55.3,19.4,49.0
fsb_00604,fsb_00604.jpg,Tomato And Fennel Salad,"""[{'name': 'tomato', 'calories': 32.4, 'carbs': 7.0, 'protein': 1.6, 'fat': 0.4, 'quantity': 1, 'unit': 'cup, chopped or sliced'}, {'name': 'fennel', 'calories': 13.5, 'carbs': 3.2, 'protein': 0.5, 'fat': 0.1, 'quantity': 0.5, 'unit': 'cup, sliced'}, {'name': 'dressing', 'calories': 116.1, 'carbs': 1.6, 'protein': 0.4, 'fat': 12.0, 'quantity': 1.8, 'unit': 'tablespoons'}]""","""[\""tomato\"", \""fennel\"", \""dressing\""]""",3,162.0,11.8,2.5,12.5
fsb_00605,fsb_00605.jpg,Fish Ball Soup,"""[{'name': 'fish balls', 'calories': 166.4, 'carbs': 3.0, 'protein': 14.2, 'fat': 10.4, 'quantity': 9, 'unit': 'tbsp'}, {'name': 'wontons', 'calories': 80.8, 'carbs': 10.7, 'protein': 4.4, 'fat': 1.9, 'quantity': 2, 'unit': 'piece'}, {'name': 'spinach', 'calories': 4.1, 'carbs': 0.7, 'protein': 0.5, 'fat': 0.0, 'quantity': 0.1, 'unit': 'cup'}, {'name': 'broth', 'calories': 17.3, 'carbs': 1.7, 'protein': 1.2, 'fat': 0.6, 'quantity': 0.2, 'unit': 'cup'}]""","""[\""fish balls\"", \""wontons\"", \""spinach\"", \""broth\""]""",4,268.6,16.1,20.3,12.9
fsb_00606,fsb_00606.jpg,Fish Curry with Rice,"""[{'name': 'white rice', 'calories': 205.4, 'carbs': 44.5, 'protein': 4.3, 'fat': 0.4, 'quantity': 1, 'unit': 'cup'}, {'name': 'fish curry', 'calories': 245.8, 'carbs': 4.9, 'protein': 28.6, 'fat': 12.0, 'quantity': 0.8, 'unit': 'serving'}, {'name': 'vegetable curry', 'calories': 93.9, 'carbs': 12.0, 'protein': 2.8, 'fat': 4.4, 'quantity': 0.5, 'unit': 'cup'}]""","""[\""white rice\"", \""fish curry\"", \""vegetable curry\""]""",3,545.1,61.4,35.7,16.8
fsb_00607,fsb_00607.jpg,Fish Tacos,"""[{'name': 'fried fish', 'calories': 389.3, 'carbs': 13.7, 'protein': 30.8, 'fat': 22.7, 'quantity': 6, 'unit': 'oz'}, {'name': 'tortilla', 'calories': 184.3, 'carbs': 31.5, 'protein': 4.9, 'fat': 4.0, 'quantity': 2, 'unit': 'oz'}, {'name': 'cabbage', 'calories': 10.3, 'carbs': 2.5, 'protein': 0.6, 'fat': 0.0, 'quantity': 0.3, 'unit': 'cup, shredded'}, {'name': 'tomato', 'calories': 6.5, 'carbs': 1.4, 'protein': 0.3, 'fat': 0.1, 'quantity': 0.2, 'unit': 'cup, chopped or sliced'}, {'name': 'mayonnaise', 'calories': 281.5, 'carbs': 0.2, 'protein': 0.4, 'fat': 31.0, 'quantity': 3, 'unit': 'tbsp'}, {'name': 'cilantro', 'calories': 0.9, 'carbs': 0.1, 'protein': 0.1, 'fat': 0.0, 'quantity': 4, 'unit': 'tbsp'}, {'name': 'lime', 'calories': 1.9, 'carbs': 0.7, 'protein': 0.0, 'fat': 0.0, 'quantity': 0.8, 'unit': 'wedge'}]""","""[\""fried fish\"", \""tortilla\"", \""cabbage\"", \""tomato\"", \""mayonnaise\"", \""cilantro\"", \""lime\""]""",7,874.7,50.1,37.1,57.8
fsb_00608,fsb_00608.jpg,Fish with Black Rice and Brussels Sprouts,"""[{'name': 'fish fillet', 'calories': 173.3, 'carbs': 0.0, 'protein': 37.7, 'fat': 1.4, 'quantity': 1, 'unit': 'fillet'}, {'name': 'black rice', 'calories': 164.3, 'carbs': 35.6, 'protein': 3.4, 'fat': 0.4, 'quantity': 0.8, 'unit': 'cup'}, {'name': 'brussels sprouts', 'calories': 28.1, 'carbs': 5.5, 'protein': 2.0, 'fat': 0.4, 'quantity': 0.5, 'unit': 'cup'}, {'name': 'olive oil', 'calories': 119.3, 'carbs': 0.0, 'protein': 0.0, 'fat': 13.5, 'quantity': 1, 'unit': 'tablespoon'}]""","""[\""fish fillet\"", \""black rice\"", \""brussels sprouts\"", \""olive oil\""]""",4,485.0,41.1,43.1,15.7
fsb_00609,fsb_00609.jpg,Fish with Spaghetti Squash and Celery,"""[{'name': 'fish fillet', 'calories': 185.3, 'carbs': 0.0, 'protein': 40.3, 'fat': 1.5, 'quantity': 6, 'unit': 'oz'}, {'name': 'spaghetti squash', 'calories': 41.9, 'carbs': 10.0, 'protein': 1.0, 'fat': 0.4, 'quantity': 1, 'unit': 'cup'}, {'name': 'capers', 'calories': 2.0, 'carbs': 0.4, 'protein': 0.2, 'fat': 0.1, 'quantity': 1, 'unit': 'tbsp'}, {'name': 'celery', 'calories': 6.0, 'carbs': 1.1, 'protein': 0.3, 'fat': 0.1, 'quantity': 5, 'unit': 'tbsp'}, {'name': 'ranch dressing', 'calories': 129.0, 'carbs': 1.8, 'protein': 0.4, 'fat': 13.4, 'quantity': 2, 'unit': 'tablespoons'}]""","""[\""fish fillet\"", \""spaghetti squash\"", \""capers\"", \""celery\"", \""ranch dressing\""]""",5,364.2,13.3,42.2,15.5
fsb_00610,fsb_00610.jpg,French Fries with Ketchup and Mayonnaise,"""[{'name': 'french fries', 'calories': 355.7, 'carbs': 47.2, 'protein': 3.9, 'fat': 16.8, 'quantity': 2, 'unit': 'cup'}, {'name': 'ketchup', 'calories': 34.3, 'carbs': 9.3, 'protein': 0.4, 'fat': 0.0, 'quantity': 2, 'unit': 'tbsp'}, {'name': 'mayonnaise', 'calories': 93.8, 'carbs': 0.1, 'protein': 0.1, 'fat': 10.3, 'quantity': 1, 'unit': 'tbsp'}]""","""[\""french fries\"", \""ketchup\"", \""mayonnaise\""]""",3,483.8,56.6,4.4,27.1
fsb_00611,fsb_00611.jpg,Vegetarian Spring Rolls,"""[{'name': 'rice paper', 'calories': 19.8, 'carbs': 4.3, 'protein': 0.3, 'fat': 0.1, 'quantity': 1, 'unit': 'small paper'}, {'name': 'lettuce', 'calories': 4.8, 'carbs': 0.9, 'protein': 0.3, 'fat': 0.1, 'quantity': 1, 'unit': 'wt. oz'}, {'name': 'bean sprouts', 'calories': 7.8, 'carbs': 1.6, 'protein': 0.8, 'fat': 0.0, 'quantity': 0.3, 'unit': 'cup'}, {'name': 'peanut sauce', 'calories': 92.5, 'carbs': 7.9, 'protein': 2.3, 'fat': 5.8, 'quantity': 2, 'unit': 'tbsp'}, {'name': 'peanuts', 'calories': 53.6, 'carbs': 1.9, 'protein': 2.2, 'fat': 4.5, 'quantity': 1, 'unit': 'tbsp'}]""","""[\""rice paper\"", \""lettuce\"", \""bean sprouts\"", \""peanut sauce\"", \""peanuts\""]""",5,178.5,16.6,5.9,10.5
fsb_00612,fsb_00612.jpg,Fried Chicken Bites with Roasted Potatoes and Vegetables,"""[{'name': 'fried chicken', 'calories': 228.7, 'carbs': 2.7, 'protein': 24.3, 'fat': 12.7, 'quantity': 3, 'unit': 'oz'}, {'name': 'roasted potatoes', 'calories': 200.5, 'carbs': 25.8, 'protein': 3.0, 'fat': 9.6, 'quantity': 5, 'unit': 'oz'}, {'name': 'broccolini', 'calories': 25.8, 'carbs': 5.1, 'protein': 1.6, 'fat': 0.4, 'quantity': 8, 'unit': 'stalks'}, {'name': 'pak choi', 'calories': 10.2, 'carbs': 1.5, 'protein': 1.3, 'fat': 0.1, 'quantity': 0.5, 'unit': 'cup'}, {'name': 'mayonnaise', 'calories': 93.8, 'carbs': 0.1, 'protein': 0.1, 'fat': 10.3, 'quantity': 1, 'unit': 'tbsp'}]""","""[\""fried chicken\"", \""roasted potatoes\"", \""broccolini\"", \""pak choi\"", \""mayonnaise\""]""",5,559.0,35.2,30.3,33.1
fsb_00613,fsb_00613.jpg,Breaded Chicken Breast,"""[{'name': 'boneless skinless chicken breast', 'calories': 198.0, 'carbs': 0.0, 'protein': 37.2, 'fat': 4.3, 'quantity': 1, 'unit': 'breast'}, {'name': 'breading', 'calories': 210.2, 'carbs': 35.2, 'protein': 8.4, 'fat': 3.6, 'quantity': 0.4, 'unit': 'cup'}, {'name': 'oil', 'calories': 123.8, 'carbs': 0.0, 'protein': 0.0, 'fat': 14.0, 'quantity': 1, 'unit': 'tbsp'}]""","""[\""boneless skinless chicken breast\"", \""breading\"", \""oil\""]""",3,532.0,35.2,45.6,21.9
fsb_00614,fsb_00614.jpg,Southern Fried Chicken Platter,"""[{'name': 'fried chicken', 'calories': 376.6, 'carbs': 4.4, 'protein': 40.0, 'fat': 20.9, 'quantity': 1, 'unit': 'piece'}, {'name': 'french fries', 'calories': 355.7, 'carbs': 47.2, 'protein': 3.9, 'fat': 16.8, 'quantity': 2, 'unit': 'cup'}, {'name': 'hush puppy', 'calories': 95.5, 'carbs': 13.0, 'protein': 2.2, 'fat': 3.8, 'quantity': 1, 'unit': 'oz'}, {'name': 'potato salad', 'calories': 357.5, 'carbs': 27.9, 'protein': 6.7, 'fat': 20.5, 'quantity': 1, 'unit': 'cup'}]""","""[\""fried chicken\"", \""french fries\"", \""hush puppy\"", \""potato salad\""]""",4,1185.3,92.5,52.8,62.0
fsb_00615,fsb_00615.jpg,Fried Chicken Nuggets,"""[{'name': 'chicken nuggets', 'calories': 393.0, 'carbs': 19.1, 'protein': 20.4, 'fat': 26.1, 'quantity': 8, 'unit': 'pieces'}, {'name': 'grilled chicken', 'calories': 113.7, 'carbs': 0.0, 'protein': 22.7, 'fat': 2.6, 'quantity': 0.4, 'unit': 'piece'}, {'name': 'lettuce', 'calories': 4.8, 'carbs': 0.9, 'protein': 0.3, 'fat': 0.1, 'quantity': 1, 'unit': 'wt. oz'}, {'name': 'cheese', 'calories': 91.3, 'carbs': 0.7, 'protein': 5.2, 'fat': 7.5, 'quantity': 0.2, 'unit': 'cup, shredded'}, {'name': 'tomato', 'calories': 6.5, 'carbs': 1.4, 'protein': 0.3, 'fat': 0.1, 'quantity': 0.2, 'unit': 'cup, chopped or sliced'}, {'name': 'carrots', 'calories': 10.9, 'carbs': 2.6, 'protein': 0.2, 'fat': 0.1, 'quantity': 0.2, 'unit': 'cup'}, {'name': 'salad dressing', 'calories': 116.1, 'carbs': 1.6, 'protein': 0.4, 'fat': 12.0, 'quantity': 1.8, 'unit': 'tablespoons'}]""","""[\""chicken nuggets\"", \""grilled chicken\"", \""lettuce\"", \""cheese\"", \""tomato\"", \""carrots\"", \""salad dressing\""]""",7,736.3,26.3,49.5,48.5
fsb_00616,fsb_00616.jpg,Fried Chicken Sandwich with Coleslaw,"""[{'name': 'brioche bun', 'calories': 264.7, 'carbs': 30.9, 'protein': 6.4, 'fat': 12.8, 'quantity': 1, 'unit': 'piece'}, {'name': 'fried chicken breast', 'calories': 364.0, 'carbs': 12.6, 'protein': 34.8, 'fat': 18.5, 'quantity': 1, 'unit': 'piece'}, {'name': 'coleslaw', 'calories': 52.2, 'carbs': 4.1, 'protein': 0.3, 'fat': 3.9, 'quantity': 0.15, 'unit': 'cup'}, {'name': 'mayonnaise', 'calories': 93.8, 'carbs': 0.1, 'protein': 0.1, 'fat': 10.3, 'quantity': 1, 'unit': 'tbsp'}, {'name': 'barbecue sauce', 'calories': 29.2, 'carbs': 6.9, 'protein': 0.1, 'fat': 0.1, 'quantity': 1, 'unit': 'tbsp'}]""","""[\""brioche bun\"", \""fried chicken breast\"", \""coleslaw\"", \""mayonnaise\"", \""barbecue sauce\""]""",5,803.9,54.6,41.7,45.6
fsb_00617,fsb_00617.jpg,Fried Chicken Sandwich with Coleslaw,"""[{'name': 'brioche bun', 'calories': 264.7, 'carbs': 30.9, 'protein': 6.4, 'fat': 12.8, 'quantity': 1, 'unit': 'piece'}, {'name': 'fried chicken', 'calories': 301.3, 'carbs': 3.5, 'protein': 32.0, 'fat': 16.7, 'quantity': 0.8, 'unit': 'piece'}, {'name': 'coleslaw', 'calories': 52.2, 'carbs': 4.1, 'protein': 0.3, 'fat': 3.9, 'quantity': 0.15, 'unit': 'cup'}, {'name': 'pickles', 'calories': 5.0, 'carbs': 1.0, 'protein': 0.2, 'fat': 0.1, 'quantity': 6, 'unit': 'slice'}, {'name': 'mayonnaise', 'calories': 93.8, 'carbs': 0.1, 'protein': 0.1, 'fat': 10.3, 'quantity': 1, 'unit': 'tbsp'}]""","""[\""brioche bun\"", \""fried chicken\"", \""coleslaw\"", \""pickles\"", \""mayonnaise\""]""",5,717.0,39.6,39.0,43.8
fsb_00618,fsb_00618.jpg,Fried Chicken Wing,"""[{'name': 'chicken wing', 'calories': 92.8, 'carbs': 2.8, 'protein': 4.8, 'fat': 6.9, 'quantity': 1, 'unit': 'wt. oz'}, {'name': 'breading', 'calories': 105.1, 'carbs': 17.6, 'protein': 4.2, 'fat': 1.8, 'quantity': 0.2, 'unit': 'cup'}, {'name': 'oil', 'calories': 123.8, 'carbs': 0.0, 'protein': 0.0, 'fat': 14.0, 'quantity': 1, 'unit': 'tbsp'}]""","""[\""chicken wing\"", \""breading\"", \""oil\""]""",3,321.7,20.4,9.0,22.7
fsb_00619,fsb_00619.jpg,Fried Chicken with Caesar Salad,"""[{'name': 'fried chicken', 'calories': 263.6, 'carbs': 3.1, 'protein': 28.0, 'fat': 14.6, 'quantity': 0.7, 'unit': 'piece'}, {'name': 'romaine lettuce', 'calories': 8.0, 'carbs': 1.5, 'protein': 0.6, 'fat': 0.1, 'quantity': 1, 'unit': 'cups shredded'}, {'name': 'caesar dressing', 'calories': 159.3, 'carbs': 1.0, 'protein': 0.6, 'fat': 17.0, 'quantity': 2, 'unit': 'tbsp'}, {'name': 'croutons', 'calories': 37.2, 'carbs': 5.1, 'protein': 0.9, 'fat': 1.5, 'quantity': 0.2, 'unit': 'cup'}, {'name': 'parmesan cheese', 'calories': 21.0, 'carbs': 0.7, 'protein': 1.4, 'fat': 1.4, 'quantity': 1, 'unit': 'tbsp'}]""","""[\""fried chicken\"", \""romaine lettuce\"", \""caesar dressing\"", \""croutons\"", \""parmesan cheese\""]""",5,489.1,11.4,31.5,34.6
fsb_00620,fsb_00620.jpg,Fried Chicken with Mac and Cheese,"""[{'name': 'fried chicken', 'calories': 376.6, 'carbs': 4.4, 'protein': 40.0, 'fat': 20.9, 'quantity': 1, 'unit': 'piece'}, {'name': 'mac and cheese', 'calories': 150.5, 'carbs': 19.0, 'protein': 3.9, 'fat': 6.6, 'quantity': 0.4, 'unit': 'cup'}, {'name': 'barbecue sauce', 'calories': 58.5, 'carbs': 13.9, 'protein': 0.3, 'fat': 0.2, 'quantity': 2, 'unit': 'tbsp'}]""","""[\""fried chicken\"", \""mac and cheese\"", \""barbecue sauce\""]""",3,585.6,37.3,44.2,27.7
fsb_00621,fsb_00621.jpg,Fried Chicken with Potato Salad and Crackers,"""[{'name': 'fried chicken', 'calories': 263.6, 'carbs': 3.1, 'protein': 28.0, 'fat': 14.6, 'quantity': 0.7, 'unit': 'piece'}, {'name': 'potato salad', 'calories': 178.8, 'carbs': 14.0, 'protein': 3.4, 'fat': 10.2, 'quantity': 0.5, 'unit': 'cup'}, {'name': 'saltine crackers', 'calories': 50.2, 'carbs': 8.9, 'protein': 1.1, 'fat': 1.0, 'quantity': 4, 'unit': 'cracker square'}, {'name': 'mayonnaise', 'calories': 93.8, 'carbs': 0.1, 'protein': 0.1, 'fat': 10.3, 'quantity': 1, 'unit': 'tbsp'}]""","""[\""fried chicken\"", \""potato salad\"", \""saltine crackers\"", \""mayonnaise\""]""",4,586.4,26.1,32.6,36.1
fsb_00622,fsb_00622.jpg,Egg Muffin,"""[{'name': 'english muffin', 'calories': 133.9, 'carbs': 26.2, 'protein': 4.4, 'fat': 1.0, 'quantity': 1, 'unit': 'muffin'}, {'name': 'fried egg', 'calories': 180.3, 'carbs': 0.8, 'protein': 12.5, 'fat': 13.7, 'quantity': 2, 'unit': 'large'}, {'name': 'butter', 'calories': 33.9, 'carbs': 0.0, 'protein': 0.0, 'fat': 3.8, 'quantity': 1, 'unit': 'tsp'}, {'name': 'bacon', 'calories': 53.8, 'carbs': 0.2, 'protein': 3.9, 'fat': 4.0, 'quantity': 1, 'unit': 'slices'}]""","""[\""english muffin\"", \""fried egg\"", \""butter\"", \""bacon\""]""",4,401.9,27.2,20.8,22.5
fsb_00623,fsb_00623.jpg,Fried Egg on Toast with Cheese,"""[{'name': 'bread', 'calories': 77.1, 'carbs': 14.3, 'protein': 2.6, 'fat': 1.0, 'quantity': 1, 'unit': 'slice'}, {'name': 'egg', 'calories': 71.5, 'carbs': 0.4, 'protein': 6.3, 'fat': 4.8, 'quantity': 1, 'unit': 'large'}, {'name': 'cheese', 'calories': 113.1, 'carbs': 0.9, 'protein': 6.4, 'fat': 9.3, 'quantity': 1, 'unit': 'slice (1 oz)'}, {'name': 'butter', 'calories': 50.9, 'carbs': 0.0, 'protein': 0.1, 'fat': 5.8, 'quantity': 0.5, 'unit': 'tbsp'}]""","""[\""bread\"", \""egg\"", \""cheese\"", \""butter\""]""",4,312.6,15.6,15.4,20.9
fsb_00624,fsb_00624.jpg,Fried Egg on Toast with Coffee,"""[{'name': 'fried egg', 'calories': 90.2, 'carbs': 0.4, 'protein': 6.3, 'fat': 6.8, 'quantity': 1, 'unit': 'large'}, {'name': 'whole wheat toast', 'calories': 76.5, 'carbs': 12.8, 'protein': 4.1, 'fat': 1.0, 'quantity': 1, 'unit': 'slice'}, {'name': 'butter', 'calories': 50.9, 'carbs': 0.0, 'protein': 0.1, 'fat': 5.8, 'quantity': 0.5, 'unit': 'tbsp'}, {'name': 'cappuccino', 'calories': 59.9, 'carbs': 6.0, 'protein': 3.8, 'fat': 2.3, 'quantity': 1, 'unit': 'cup'}]""","""[\""fried egg\"", \""whole wheat toast\"", \""butter\"", \""cappuccino\""]""",4,277.5,19.2,14.3,15.9
fsb_00625,fsb_00625.jpg,Fried Egg with Liver and Potatoes,"""[{'name': 'fried egg', 'calories': 90.2, 'carbs': 0.4, 'protein': 6.3, 'fat': 6.8, 'quantity': 1, 'unit': 'large'}, {'name': 'beef liver', 'calories': 64.9, 'carbs': 1.7, 'protein': 9.9, 'fat': 1.8, 'quantity': 0.4, 'unit': 'slice (3 oz)'}, {'name': 'potatoes', 'calories': 68.1, 'carbs': 15.5, 'protein': 1.8, 'fat': 0.1, 'quantity': 0.6, 'unit': 'cup'}, {'name': 'butter', 'calories': 33.9, 'carbs': 0.0, 'protein': 0.0, 'fat': 3.8, 'quantity': 1, 'unit': 'tsp'}]""","""[\""fried egg\"", \""beef liver\"", \""potatoes\"", \""butter\""]""",4,257.1,17.6,18.0,12.5
fsb_00626,fsb_00626.jpg,Eggplant Frittata,"""[{'name': 'eggplant', 'calories': 198.1, 'carbs': 49.4, 'protein': 4.7, 'fat': 1.3, 'quantity': 1, 'unit': 'medium eggplant'}, {'name': 'egg', 'calories': 71.5, 'carbs': 0.4, 'protein': 6.3, 'fat': 4.8, 'quantity': 1, 'unit': 'large'}, {'name': 'oil', 'calories': 123.8, 'carbs': 0.0, 'protein': 0.0, 'fat': 14.0, 'quantity': 1, 'unit': 'tbsp'}]""","""[\""eggplant\"", \""egg\"", \""oil\""]""",3,393.4,49.8,11.0,20.1
fsb_00627,fsb_00627.jpg,Fried Eggs on Rye Bread with Kiwi,"""[{'name': 'egg', 'calories': 143.0, 'carbs': 0.7, 'protein': 12.6, 'fat': 9.5, 'quantity': 2, 'unit': 'large'}, {'name': 'rye bread', 'calories': 165.8, 'carbs': 30.9, 'protein': 5.4, 'fat': 2.1, 'quantity': 2, 'unit': 'slice, regular'}, {'name': 'kiwi', 'calories': 42.1, 'carbs': 10.1, 'protein': 0.8, 'fat': 0.4, 'quantity': 1, 'unit': 'fruit (2\"" dia)'}]""","""[\""egg\"", \""rye bread\"", \""kiwi\""]""",3,350.9,41.7,18.8,12.0
fsb_00628,fsb_00628.jpg,Raspberry Apple Bagel Bake,"""[{'name': 'egg', 'calories': 143.0, 'carbs': 0.7, 'protein': 12.6, 'fat': 9.5, 'quantity': 2, 'unit': 'large'}, {'name': 'raspberries', 'calories': 32.0, 'carbs': 7.3, 'protein': 0.7, 'fat': 0.4, 'quantity': 0.5, 'unit': 'cup'}, {'name': 'apple', 'calories': 47.3, 'carbs': 12.6, 'protein': 0.2, 'fat': 0.2, 'quantity': 0.5, 'unit': 'medium (3\"" dia)'}, {'name': 'water', 'calories': 0.0, 'carbs': 0.0, 'protein': 0.0, 'fat': 0.0, 'quantity': 1, 'unit': 'cup'}, {'name': 'everything bagel', 'calories': 277.2, 'carbs': 55.0, 'protein': 11.1, 'fat': 1.4, 'quantity': 1, 'unit': 'medium bagel'}, {'name': 'garlic herb cream cheese', 'calories': 41.3, 'carbs': 0.8, 'protein': 0.8, 'fat': 4.0, 'quantity': 1, 'unit': 'tbsp'}]""","""[\""egg\"", \""raspberries\"", \""apple\"", \""water\"", \""everything bagel\"", \""garlic herb cream cheese\""]""",6,540.8,76.4,25.4,15.5
fsb_00629,fsb_00629.jpg,Eggs On Toast,"""[{'name': 'eggs', 'calories': 143.0, 'carbs': 0.7, 'protein': 12.6, 'fat': 9.5, 'quantity': 2, 'unit': 'large'}, {'name': 'ketchup', 'calories': 11.5, 'carbs': 3.1, 'protein': 0.1, 'fat': 0.0, 'quantity': 2, 'unit': 'tsp'}, {'name': 'white bread', 'calories': 97.9, 'carbs': 18.2, 'protein': 3.3, 'fat': 1.2, 'quantity': 1, 'unit': 'slice (1.3 oz)'}, {'name': 'butter', 'calories': 50.9, 'carbs': 0.0, 'protein': 0.1, 'fat': 5.8, 'quantity': 0.5, 'unit': 'tbsp'}]""","""[\""eggs\"", \""ketchup\"", \""white bread\"", \""butter\""]""",4,303.3,22.0,16.1,16.5
fsb_00630,fsb_00630.jpg,Fried Empanada,"""[{'name': 'empanada dough', 'calories': 126.2, 'carbs': 14.5, 'protein': 0.8, 'fat': 7.2, 'quantity': 1, 'unit': 'oz'}, {'name': 'ground beef', 'calories': 81.1, 'carbs': 0.0, 'protein': 8.0, 'fat': 5.2, 'quantity': 0.2, 'unit': 'portion ( yield from 1/2 lb raw meat )'}, {'name': 'onion', 'calories': 18.5, 'carbs': 4.3, 'protein': 0.6, 'fat': 0.1, 'quantity': 0.2, 'unit': 'cup'}, {'name': 'olive oil', 'calories': 119.3, 'carbs': 0.0, 'protein': 0.0, 'fat': 13.5, 'quantity': 1, 'unit': 'tablespoon'}]""","""[\""empanada dough\"", \""ground beef\"", \""onion\"", \""olive oil\""]""",4,345.1,18.8,9.4,26.0
fsb_00631,fsb_00631.jpg,Fried Green Beans with Dipping Sauces,"""[{'name': 'green beans', 'calories': 43.8, 'carbs': 9.8, 'protein': 2.4, 'fat': 0.3, 'quantity': 1, 'unit': 'cup'}, {'name': 'cake batter', 'calories': 41.8, 'carbs': 5.4, 'protein': 0.6, 'fat': 2.2, 'quantity': 1, 'unit': 'tbsp'}, {'name': 'oil', 'calories': 123.8, 'carbs': 0.0, 'protein': 0.0, 'fat': 14.0, 'quantity': 1, 'unit': 'tbsp'}, {'name': 'ranch dressing', 'calories': 129.0, 'carbs': 1.8, 'protein': 0.4, 'fat': 13.4, 'quantity': 2, 'unit': 'tablespoons'}, {'name': 'sweet chili sauce', 'calories': 69.8, 'carbs': 17.5, 'protein': 0.0, 'fat': 0.0, 'quantity': 2, 'unit': 'tbsp'}]""","""[\""green beans\"", \""cake batter\"", \""oil\"", \""ranch dressing\"", \""sweet chili sauce\""]""",5,408.2,34.5,3.4,29.9
fsb_00632,fsb_00632.jpg,Fried Noodles with Egg and Vegetables,"""[{'name': 'fried noodles', 'calories': 229.5, 'carbs': 31.6, 'protein': 5.7, 'fat': 8.9, 'quantity': 0.8, 'unit': 'cup'}, {'name': 'boiled egg', 'calories': 68.2, 'carbs': 0.5, 'protein': 5.5, 'fat': 4.7, 'quantity': 1, 'unit': 'medium'}, {'name': 'bean sprouts', 'calories': 26.0, 'carbs': 5.2, 'protein': 2.5, 'fat': 0.1, 'quantity': 1, 'unit': 'cup'}, {'name': 'fried tofu', 'calories': 105.3, 'carbs': 3.5, 'protein': 7.3, 'fat': 7.9, 'quantity': 3, 'unit': 'piece'}, {'name': 'chili sauce', 'calories': 15.7, 'carbs': 3.4, 'protein': 0.4, 'fat': 0.1, 'quantity': 1, 'unit': 'tbsp'}]""","""[\""fried noodles\"", \""boiled egg\"", \""bean sprouts\"", \""fried tofu\"", \""chili sauce\""]""",5,444.7,44.2,21.4,21.7
fsb_00633,fsb_00633.jpg,Spicy Grilled Fish,"""[{'name': 'fish', 'calories': 111.4, 'carbs': 0.0, 'protein': 22.8, 'fat': 2.3, 'quantity': 1, 'unit': 'fillet'}, {'name': 'oil', 'calories': 123.8, 'carbs': 0.0, 'protein': 0.0, 'fat': 14.0, 'quantity': 1, 'unit': 'tbsp'}, {'name': 'chili powder', 'calories': 7.6, 'carbs': 1.3, 'protein': 0.4, 'fat': 0.4, 'quantity': 1, 'unit': 'tsp'}, {'name': 'salt and pepper', 'calories': 2.9, 'carbs': 0.7, 'protein': 0.1, 'fat': 0.0, 'quantity': 1, 'unit': 'tsp'}, {'name': 'garlic powder', 'calories': 10.3, 'carbs': 2.3, 'protein': 0.5, 'fat': 0.0, 'quantity': 1, 'unit': 'tsp'}]""","""[\""fish\"", \""oil\"", \""chili powder\"", \""salt and pepper\"", \""garlic powder\""]""",5,256.0,4.3,23.8,16.7
fsb_00634,fsb_00634.jpg,Fried Pork Chop with Potatoes and Egg Roll,"""[{'name': 'pork chop', 'calories': 295.3, 'carbs': 0.0, 'protein': 36.2, 'fat': 15.6, 'quantity': 0.9, 'unit': 'chop without refuse'}, {'name': 'fried potatoes', 'calories': 106.7, 'carbs': 14.2, 'protein': 1.2, 'fat': 5.0, 'quantity': 0.6, 'unit': 'cup'}, {'name': 'egg roll', 'calories': 200.2, 'carbs': 21.9, 'protein': 6.6, 'fat': 9.6, 'quantity': 0.9, 'unit': 'piece'}]""","""[\""pork chop\"", \""fried potatoes\"", \""egg roll\""]""",3,602.2,36.1,44.0,30.2
fsb_00635,fsb_00635.jpg,Fried Rice with Beef and Vegetables,"""[{'name': 'white rice', 'calories': 205.4, 'carbs': 44.5, 'protein': 4.3, 'fat': 0.4, 'quantity': 1, 'unit': 'cup'}, {'name': 'beef', 'calories': 73.8, 'carbs': 0.0, 'protein': 7.4, 'fat': 4.7, 'quantity': 0.1, 'unit': 'piece, cooked, excluding refuse (yield from 1 lb raw meat with refuse)'}, {'name': 'peas', 'calories': 26.9, 'carbs': 5.0, 'protein': 1.7, 'fat': 0.1, 'quantity': 0.2, 'unit': 'cup'}, {'name': 'carrots', 'calories': 10.9, 'carbs': 2.6, 'protein': 0.2, 'fat': 0.1, 'quantity': 0.2, 'unit': 'cup'}, {'name': 'soy sauce', 'calories': 8.5, 'carbs': 0.8, 'protein': 1.3, 'fat': 0.1, 'quantity': 1, 'unit': 'tbsp'}, {'name': 'oil', 'calories': 41.3, 'carbs': 0.0, 'protein': 0.0, 'fat': 4.7, 'quantity': 1, 'unit': 'tsp'}]""","""[\""white rice\"", \""beef\"", \""peas\"", \""carrots\"", \""soy sauce\"", \""oil\""]""",6,366.8,52.9,14.9,10.1
fsb_00636,fsb_00636.jpg,Fried Rice with Egg Roll,"""[{'name': 'fried rice', 'calories': 238.4, 'carbs': 44.9, 'protein': 5.5, 'fat': 4.1, 'quantity': 1, 'unit': 'cup'}, {'name': 'chicken', 'calories': 118.8, 'carbs': 0.0, 'protein': 12.9, 'fat': 7.1, 'quantity': 0.4, 'unit': 'cup'}, {'name': 'vegetables', 'calories': 17.7, 'carbs': 3.6, 'protein': 0.8, 'fat': 0.0, 'quantity': 0.15, 'unit': 'cup'}, {'name': 'egg roll', 'calories': 155.8, 'carbs': 17.0, 'protein': 5.2, 'fat': 7.4, 'quantity': 0.7, 'unit': 'piece'}]""","""[\""fried rice\"", \""chicken\"", \""vegetables\"", \""egg roll\""]""",4,530.7,65.5,24.4,18.6
fsb_00637,fsb_00637.jpg,Fried Rice with Salad,"""[{'name': 'fried rice', 'calories': 238.4, 'carbs': 44.9, 'protein': 5.5, 'fat': 4.1, 'quantity': 1, 'unit': 'cup'}, {'name': 'egg', 'calories': 71.5, 'carbs': 0.4, 'protein': 6.3, 'fat': 4.8, 'quantity': 1, 'unit': 'large'}, {'name': 'vegetable oil', 'calories': 120.2, 'carbs': 0.0, 'protein': 0.0, 'fat': 13.6, 'quantity': 1, 'unit': 'tbsp'}, {'name': 'mixed salad', 'calories': 10.0, 'carbs': 2.1, 'protein': 0.6, 'fat': 0.1, 'quantity': 0.5, 'unit': 'serving'}, {'name': 'tomato', 'calories': 6.1, 'carbs': 1.3, 'protein': 0.3, 'fat': 0.1, 'quantity': 2, 'unit': 'cherry'}, {'name': 'cucumber', 'calories': 4.2, 'carbs': 1.0, 'protein': 0.2, 'fat': 0.0, 'quantity': 4, 'unit': 'slice'}, {'name': 'lime', 'calories': 1.9, 'carbs': 0.7, 'protein': 0.0, 'fat': 0.0, 'quantity': 0.8, 'unit': 'wedge'}]""","""[\""fried rice\"", \""egg\"", \""vegetable oil\"", \""mixed salad\"", \""tomato\"", \""cucumber\"", \""lime\""]""",7,452.3,50.4,12.9,22.7
fsb_00638,fsb_00638.jpg,Fried Rice with Vegetables,"""[{'name': 'brown rice', 'calories': 218.4, 'carbs': 45.8, 'protein': 4.5, 'fat': 1.6, 'quantity': 1, 'unit': 'cup'}, {'name': 'mixed vegetables', 'calories': 40.8, 'carbs': 8.8, 'protein': 2.1, 'fat': 0.4, 'quantity': 0.9, 'unit': 'cup'}, {'name': 'egg', 'calories': 71.5, 'carbs': 0.4, 'protein': 6.3, 'fat': 4.8, 'quantity': 1, 'unit': 'large'}, {'name': 'soy sauce', 'calories': 8.5, 'carbs': 0.8, 'protein': 1.3, 'fat': 0.1, 'quantity': 1, 'unit': 'tbsp'}, {'name': 'olive oil', 'calories': 39.8, 'carbs': 0.0, 'protein': 0.0, 'fat': 4.5, 'quantity': 1, 'unit': 'tsp'}]""","""[\""brown rice\"", \""mixed vegetables\"", \""egg\"", \""soy sauce\"", \""olive oil\""]""",5,379.0,55.8,14.2,11.4
fsb_00639,fsb_00639.jpg,Fried Rice with Vegetables,"""[{'name': 'rice', 'calories': 205.4, 'carbs': 44.5, 'protein': 4.3, 'fat': 0.4, 'quantity': 1, 'unit': 'cup'}, {'name': 'mixed vegetables', 'calories': 40.8, 'carbs': 8.8, 'protein': 2.1, 'fat': 0.4, 'quantity': 0.9, 'unit': 'cup'}, {'name': 'soy sauce', 'calories': 8.5, 'carbs': 0.8, 'protein': 1.3, 'fat': 0.1, 'quantity': 1, 'unit': 'tbsp'}, {'name': 'egg', 'calories': 71.5, 'carbs': 0.4, 'protein': 6.3, 'fat': 4.8, 'quantity': 1, 'unit': 'large'}, {'name': 'oil', 'calories': 123.8, 'carbs': 0.0, 'protein': 0.0, 'fat': 14.0, 'quantity': 1, 'unit': 'tbsp'}, {'name': 'soup', 'calories': 59.5, 'carbs': 7.4, 'protein': 2.9, 'fat': 1.9, 'quantity': 1, 'unit': 'cup'}, {'name': 'mushrooms', 'calories': 4.4, 'carbs': 0.8, 'protein': 0.3, 'fat': 0.1, 'quantity': 0.1, 'unit': 'cup'}, {'name': 'tofu', 'calories': 41.2, 'carbs': 0.6, 'protein': 5.0, 'fat': 2.6, 'quantity': 0.2, 'unit': 'cup'}, {'name': 'bamboo shoots', 'calories': 5.0, 'carbs': 0.8, 'protein': 0.5, 'fat': 0.1, 'quantity': 0.2, 'unit': 'cup'}]""","""[\""rice\"", \""mixed vegetables\"", \""soy sauce\"", \""egg\"", \""oil\"", \""soup\"", \""mushrooms\"", \""tofu\"", \""bamboo shoots\""]""",9,560.1,64.1,22.7,24.4
fsb_00640,fsb_00640.jpg,Fried Salmon Roll with Rice and Salad,"""[{'name': 'salmon roll', 'calories': 296.5, 'carbs': 22.7, 'protein': 22.0, 'fat': 12.5, 'quantity': 6, 'unit': 'wt. oz'}, {'name': 'white rice', 'calories': 205.4, 'carbs': 44.5, 'protein': 4.3, 'fat': 0.4, 'quantity': 1, 'unit': 'cup'}, {'name': 'mixed salad', 'calories': 20.0, 'carbs': 4.2, 'protein': 1.2, 'fat': 0.2, 'quantity': 1, 'unit': 'serving'}]""","""[\""salmon roll\"", \""white rice\"", \""mixed salad\""]""",3,521.9,71.4,27.5,13.1
fsb_00641,fsb_00641.jpg,Shrimp And Hushpuppies,"""[{'name': 'fried shrimp', 'calories': 37.6, 'carbs': 2.7, 'protein': 1.5, 'fat': 2.3, 'quantity': 1, 'unit': 'piece'}, {'name': 'hushpuppy', 'calories': 95.5, 'carbs': 13.0, 'protein': 2.2, 'fat': 3.8, 'quantity': 1, 'unit': 'oz'}, {'name': 'cocktail sauce', 'calories': 37.2, 'carbs': 8.5, 'protein': 0.4, 'fat': 0.3, 'quantity': 2, 'unit': 'tbsp'}]""","""[\""fried shrimp\"", \""hushpuppy\"", \""cocktail sauce\""]""",3,170.3,24.2,4.1,6.4
fsb_00642,fsb_00642.jpg,Fried Spring Roll,"""[{'name': 'spring roll wrapper', 'calories': 56.1, 'carbs': 12.3, 'protein': 0.9, 'fat': 0.2, 'quantity': 1, 'unit': 'large paper'}, {'name': 'vegetable', 'calories': 47.3, 'carbs': 9.5, 'protein': 2.1, 'fat': 0.1, 'quantity': 0.4, 'unit': 'cup'}, {'name': 'oil', 'calories': 123.8, 'carbs': 0.0, 'protein': 0.0, 'fat': 14.0, 'quantity': 1, 'unit': 'tbsp'}]""","""[\""spring roll wrapper\"", \""vegetable\"", \""oil\""]""",3,227.2,21.8,3.0,14.3
fsb_00643,fsb_00643.jpg,Fried Spring Rolls with Dipping Sauce,"""[{'name': 'spring roll wrapper', 'calories': 112.2, 'carbs': 24.6, 'protein': 1.8, 'fat': 0.4, 'quantity': 2, 'unit': 'large paper'}, {'name': 'pork', 'calories': 119.0, 'carbs': 0.0, 'protein': 13.2, 'fat': 6.9, 'quantity': 50, 'unit': 'g'}, {'name': 'noodles', 'calories': 44.2, 'carbs': 8.6, 'protein': 1.6, 'fat': 0.3, 'quantity': 0.2, 'unit': 'cup'}, {'name': 'carrot', 'calories': 10.9, 'carbs': 2.6, 'protein': 0.2, 'fat': 0.1, 'quantity': 0.2, 'unit': 'cup'}, {'name': 'mushrooms', 'calories': 4.4, 'carbs': 0.8, 'protein': 0.3, 'fat': 0.1, 'quantity': 0.1, 'unit': 'cup'}, {'name': 'vegetable oil', 'calories': 120.2, 'carbs': 0.0, 'protein': 0.0, 'fat': 13.6, 'quantity': 1, 'unit': 'tbsp'}, {'name': 'sauce', 'calories': 33.0, 'carbs': 4.9, 'protein': 0.9, 'fat': 1.1, 'quantity': 4, 'unit': 'tbsp'}]""","""[\""spring roll wrapper\"", \""pork\"", \""noodles\"", \""carrot\"", \""mushrooms\"", \""vegetable oil\"", \""sauce\""]""",7,443.9,41.5,18.0,22.5
fsb_00644,fsb_00644.jpg,Frosted Donut with Sprinkles,"""[{'name': 'donut', 'calories': 252.6, 'carbs': 28.8, 'protein': 3.7, 'fat': 13.6, 'quantity': 1, 'unit': 'doughnut, medium'}, {'name': 'frosting', 'calories': 146.5, 'carbs': 23.3, 'protein': 0.4, 'fat': 6.5, 'quantity': 1.8, 'unit': 'tbsp'}, {'name': 'sprinkles', 'calories': 17.4, 'carbs': 2.3, 'protein': 0.0, 'fat': 0.9, 'quantity': 0.3, 'unit': 'tbsp'}]""","""[\""donut\"", \""frosting\"", \""sprinkles\""]""",3,416.5,54.4,4.1,21.0
fsb_00645,fsb_00645.jpg,Frosted Sugar Cookies,"""[{'name': 'sugar cookie', 'calories': 293.4, 'carbs': 39.4, 'protein': 2.8, 'fat': 13.9, 'quantity': 2, 'unit': 'medium (3\"" diameter)'}, {'name': 'frosting', 'calories': 146.5, 'carbs': 23.3, 'protein': 0.4, 'fat': 6.5, 'quantity': 1.8, 'unit': 'tbsp'}, {'name': 'sprinkles', 'calories': 50.8, 'carbs': 6.8, 'protein': 0.0, 'fat': 2.7, 'quantity': 0.8, 'unit': 'tbsp'}]""","""[\""sugar cookie\"", \""frosting\"", \""sprinkles\""]""",3,490.7,69.5,3.2,23.1
fsb_00646,fsb_00646.jpg,Fruit and Cake Dessert,"""[{'name': 'strawberries', 'calories': 26.6, 'carbs': 6.4, 'protein': 0.6, 'fat': 0.2, 'quantity': 0.5, 'unit': 'cup, sliced'}, {'name': 'blueberries', 'calories': 21.1, 'carbs': 5.4, 'protein': 0.3, 'fat': 0.1, 'quantity': 0.25, 'unit': 'cup'}, {'name': 'vanilla cake', 'calories': 110.8, 'carbs': 15.9, 'protein': 0.8, 'fat': 5.1, 'quantity': 1, 'unit': 'oz'}, {'name': 'whipped cream', 'calories': 15.4, 'carbs': 0.7, 'protein': 0.2, 'fat': 1.3, 'quantity': 2, 'unit': 'tbsp'}]""","""[\""strawberries\"", \""blueberries\"", \""vanilla cake\"", \""whipped cream\""]""",4,173.9,28.4,1.9,6.7
fsb_00647,fsb_00647.jpg,Fruit and Cereal Bowl,"""[{'name': 'plum', 'calories': 27.8, 'carbs': 6.9, 'protein': 0.4, 'fat': 0.2, 'quantity': 0.4, 'unit': 'NLEA serving'}, {'name': 'strawberries', 'calories': 11.5, 'carbs': 2.8, 'protein': 0.2, 'fat': 0.1, 'quantity': 3, 'unit': 'medium (1-1/4\"" dia)'}, {'name': 'cornflakes', 'calories': 60.0, 'carbs': 14.1, 'protein': 1.3, 'fat': 0.1, 'quantity': 0.6, 'unit': 'cup'}, {'name': 'honey', 'calories': 63.8, 'carbs': 17.3, 'protein': 0.1, 'fat': 0.0, 'quantity': 1, 'unit': 'tbsp'}, {'name': 'yogurt', 'calories': 77.2, 'carbs': 8.6, 'protein': 6.4, 'fat': 1.9, 'quantity': 0.5, 'unit': 'cup (8 fl oz)'}]""","""[\""plum\"", \""strawberries\"", \""cornflakes\"", \""honey\"", \""yogurt\""]""",5,240.3,49.7,8.4,2.3
fsb_00648,fsb_00648.jpg,Fruit and Cheese Plate,"""[{'name': 'green grapes', 'calories': 33.8, 'carbs': 8.9, 'protein': 0.4, 'fat': 0.1, 'quantity': 10, 'unit': 'grapes'}, {'name': 'cherry tomatoes', 'calories': 15.3, 'carbs': 3.3, 'protein': 0.7, 'fat': 0.2, 'quantity': 5, 'unit': 'cherry'}, {'name': 'blueberries', 'calories': 21.1, 'carbs': 5.4, 'protein': 0.3, 'fat': 0.1, 'quantity': 0.25, 'unit': 'cup'}, {'name': 'apple', 'calories': 28.3, 'carbs': 7.5, 'protein': 0.1, 'fat': 0.1, 'quantity': 0.5, 'unit': 'cup slices'}, {'name': 'cheese', 'calories': 114.5, 'carbs': 0.9, 'protein': 6.5, 'fat': 9.4, 'quantity': 1, 'unit': 'oz'}]""","""[\""green grapes\"", \""cherry tomatoes\"", \""blueberries\"", \""apple\"", \""cheese\""]""",5,213.0,26.0,8.0,9.9
fsb_00649,fsb_00649.jpg,Fruit and Cottage Cheese Bowl,"""[{'name': 'cantaloupe', 'calories': 27.2, 'carbs': 6.5, 'protein': 0.7, 'fat': 0.2, 'quantity': 0.5, 'unit': 'cup, cubes'}, {'name': 'honeydew', 'calories': 31.9, 'carbs': 8.0, 'protein': 0.5, 'fat': 0.1, 'quantity': 0.5, 'unit': 'cup, balls'}, {'name': 'grapes', 'calories': 31.3, 'carbs': 8.2, 'protein': 0.3, 'fat': 0.1, 'quantity': 0.3, 'unit': 'cup'}, {'name': 'cottage cheese', 'calories': 106.6, 'carbs': 3.7, 'protein': 12.1, 'fat': 4.7, 'quantity': 0.5, 'unit': 'cup'}]""","""[\""cantaloupe\"", \""honeydew\"", \""grapes\"", \""cottage cheese\""]""",4,197.0,26.4,13.6,5.1
fsb_00650,fsb_00650.jpg,Fruit and Cottage Cheese Plate,"""[{'name': 'cantaloupe', 'calories': 27.2, 'carbs': 6.5, 'protein': 0.7, 'fat': 0.2, 'quantity': 0.5, 'unit': 'cup, cubes'}, {'name': 'strawberries', 'calories': 24.3, 'carbs': 5.8, 'protein': 0.5, 'fat': 0.2, 'quantity': 0.5, 'unit': 'cup, halves'}, {'name': 'pineapple', 'calories': 41.2, 'carbs': 10.8, 'protein': 0.4, 'fat': 0.1, 'quantity': 0.5, 'unit': 'cup, chunks'}, {'name': 'blueberries', 'calories': 42.2, 'carbs': 10.7, 'protein': 0.5, 'fat': 0.2, 'quantity': 0.5, 'unit': 'cup'}, {'name': 'cottage cheese', 'calories': 106.6, 'carbs': 3.7, 'protein': 12.1, 'fat': 4.7, 'quantity': 0.5, 'unit': 'cup'}]""","""[\""cantaloupe\"", \""strawberries\"", \""pineapple\"", \""blueberries\"", \""cottage cheese\""]""",5,241.5,37.5,14.2,5.4
fsb_00651,fsb_00651.jpg,Fruit Salad,"""[{'name': 'strawberries', 'calories': 5.8, 'carbs': 1.4, 'protein': 0.1, 'fat': 0.1, 'quantity': 1, 'unit': 'large (1-3/8\"" dia)'}, {'name': 'raspberries', 'calories': 3.0, 'carbs': 0.7, 'protein': 0.1, 'fat': 0.0, 'quantity': 3, 'unit': 'raspberries'}, {'name': 'orange', 'calories': 24.3, 'carbs': 6.2, 'protein': 0.5, 'fat': 0.1, 'quantity': 0.3, 'unit': 'cup sections, without membranes'}]""","""[\""strawberries\"", \""raspberries\"", \""orange\""]""",3,33.1,8.3,0.7,0.2
fsb_00652,fsb_00652.jpg,Fruit and Heart of Palm Plate,"""[{'name': 'passion fruit', 'calories': 34.9, 'carbs': 8.4, 'protein': 0.8, 'fat': 0.3, 'quantity': 2, 'unit': 'fruit without refuse'}, {'name': 'pineapple', 'calories': 56.0, 'carbs': 14.7, 'protein': 0.6, 'fat': 0.1, 'quantity': 2, 'unit': 'slice, thin (3-1/2\"" dia x 1/2\"" thick)'}, {'name': 'papaya', 'calories': 24.4, 'carbs': 6.1, 'protein': 0.3, 'fat': 0.1, 'quantity': 2, 'unit': 'oz'}, {'name': 'grapefruit', 'calories': 23.8, 'carbs': 6.0, 'protein': 0.4, 'fat': 0.1, 'quantity': 2, 'unit': 'oz'}, {'name': 'heart of palm', 'calories': 37.0, 'carbs': 6.1, 'protein': 3.3, 'fat': 0.8, 'quantity': 4, 'unit': 'piece'}]""","""[\""passion fruit\"", \""pineapple\"", \""papaya\"", \""grapefruit\"", \""heart of palm\""]""",5,176.1,41.3,5.4,1.4
fsb_00653,fsb_00653.jpg,Fruit and Salad Plate,"""[{'name': 'strawberries', 'calories': 11.5, 'carbs': 2.8, 'protein': 0.2, 'fat': 0.1, 'quantity': 3, 'unit': 'medium (1-1/4\"" dia)'}, {'name': 'blueberries', 'calories': 21.1, 'carbs': 5.4, 'protein': 0.3, 'fat': 0.1, 'quantity': 0.25, 'unit': 'cup'}, {'name': 'dried cranberries', 'calories': 61.6, 'carbs': 16.6, 'protein': 0.0, 'fat': 0.2, 'quantity': 2, 'unit': 'tbsp'}, {'name': 'lettuce', 'calories': 4.8, 'carbs': 0.9, 'protein': 0.3, 'fat': 0.1, 'quantity': 0.6, 'unit': 'cups shredded'}, {'name': 'cherry tomatoes', 'calories': 6.1, 'carbs': 1.3, 'protein': 0.3, 'fat': 0.1, 'quantity': 2, 'unit': 'cherry'}, {'name': 'boiled egg', 'calories': 34.1, 'carbs': 0.2, 'protein': 2.8, 'fat': 2.3, 'quantity': 0.5, 'unit': 'medium'}]""","""[\""strawberries\"", \""blueberries\"", \""dried cranberries\"", \""lettuce\"", \""cherry tomatoes\"", \""boiled egg\""]""",6,139.2,27.2,3.9,2.9
fsb_00654,fsb_00654.jpg,Fruit Yogurt Parfait,"""[{'name': 'greek yogurt', 'calories': 16.7, 'carbs': 1.0, 'protein': 2.9, 'fat': 0.1, 'quantity': 1, 'unit': 'oz'}, {'name': 'blueberries', 'calories': 21.1, 'carbs': 5.4, 'protein': 0.3, 'fat': 0.1, 'quantity': 0.25, 'unit': 'cup'}, {'name': 'mandarin oranges', 'calories': 31.0, 'carbs': 7.8, 'protein': 0.5, 'fat': 0.2, 'quantity': 0.3, 'unit': 'cup, sections'}]""","""[\""greek yogurt\"", \""blueberries\"", \""mandarin oranges\""]""",3,68.8,14.2,3.7,0.4
fsb_00655,fsb_00655.jpg,Fruit and Yogurt Bowl,"""[{'name': 'watermelon', 'calories': 23.1, 'carbs': 5.8, 'protein': 0.5, 'fat': 0.1, 'quantity': 0.5, 'unit': 'cup, balls'}, {'name': 'blueberries', 'calories': 21.1, 'carbs': 5.4, 'protein': 0.3, 'fat': 0.1, 'quantity': 0.25, 'unit': 'cup'}, {'name': 'yogurt', 'calories': 77.2, 'carbs': 8.6, 'protein': 6.4, 'fat': 1.9, 'quantity': 0.5, 'unit': 'cup (8 fl oz)'}]""","""[\""watermelon\"", \""blueberries\"", \""yogurt\""]""",3,121.4,19.8,7.2,2.1
fsb_00656,fsb_00656.jpg,Berry Protein Smoothie,"""[{'name': 'strawberry', 'calories': 5.8, 'carbs': 1.4, 'protein': 0.1, 'fat': 0.1, 'quantity': 1, 'unit': 'large'}, {'name': 'blueberries', 'calories': 42.2, 'carbs': 10.7, 'protein': 0.5, 'fat': 0.2, 'quantity': 0.5, 'unit': 'cup'}, {'name': 'protein powder', 'calories': 112.6, 'carbs': 2.0, 'protein': 25.0, 'fat': 0.5, 'quantity': 1, 'unit': 'scoop'}]""","""[\""strawberry\"", \""blueberries\"", \""protein powder\""]""",3,160.6,14.1,25.6,0.8
fsb_00657,fsb_00657.jpg,Fruit Bowl,"""[{'name': 'mango', 'calories': 100.8, 'carbs': 25.2, 'protein': 1.4, 'fat': 0.6, 'quantity': 0.5, 'unit': 'fruit without refuse'}, {'name': 'blueberries', 'calories': 42.2, 'carbs': 10.7, 'protein': 0.5, 'fat': 0.2, 'quantity': 0.5, 'unit': 'cup'}, {'name': 'orange', 'calories': 34.3, 'carbs': 8.8, 'protein': 0.6, 'fat': 0.1, 'quantity': 0.5, 'unit': 'fruit (2-7/8\"" dia)'}]""","""[\""mango\"", \""blueberries\"", \""orange\""]""",3,177.3,44.7,2.5,0.9
fsb_00658,fsb_00658.jpg,Fruit Plate,"""[{'name': 'blueberries', 'calories': 42.2, 'carbs': 10.7, 'protein': 0.5, 'fat': 0.2, 'quantity': 0.5, 'unit': 'cup'}, {'name': 'pomegranate seeds', 'calories': 36.1, 'carbs': 8.1, 'protein': 0.7, 'fat': 0.5, 'quantity': 0.25, 'unit': 'cup arils (seed/juice sacs)'}, {'name': 'plum', 'calories': 20.8, 'carbs': 5.2, 'protein': 0.3, 'fat': 0.1, 'quantity': 0.3, 'unit': 'NLEA serving'}]""","""[\""blueberries\"", \""pomegranate seeds\"", \""plum\""]""",3,99.1,24.0,1.5,0.8
fsb_00659,fsb_00659.jpg,Fruit Plate,"""[{'name': 'pineapple', 'calories': 56.0, 'carbs': 14.7, 'protein': 0.6, 'fat': 0.1, 'quantity': 2, 'unit': 'slice, thin (3-1/2\"" dia x 1/2\"" thick)'}, {'name': 'melon', 'calories': 30.1, 'carbs': 7.2, 'protein': 0.7, 'fat': 0.2, 'quantity': 0.5, 'unit': 'cup, balls'}, {'name': 'watermelon', 'calories': 23.1, 'carbs': 5.8, 'protein': 0.5, 'fat': 0.1, 'quantity': 0.5, 'unit': 'cup, balls'}]""","""[\""pineapple\"", \""melon\"", \""watermelon\""]""",3,109.2,27.7,1.8,0.4
fsb_00660,fsb_00660.jpg,Fruit Salad with Ice Cream,"""[{'name': 'vanilla ice cream', 'calories': 136.6, 'carbs': 15.6, 'protein': 2.3, 'fat': 7.3, 'quantity': 0.5, 'unit': 'cup'}, {'name': 'pear', 'calories': 50.7, 'carbs': 13.6, 'protein': 0.3, 'fat': 0.1, 'quantity': 0.5, 'unit': 'medium'}, {'name': 'apple', 'calories': 47.3, 'carbs': 12.6, 'protein': 0.2, 'fat': 0.2, 'quantity': 0.5, 'unit': 'medium (3\"" dia)'}, {'name': 'persimmon', 'calories': 58.8, 'carbs': 15.6, 'protein': 0.5, 'fat': 0.2, 'quantity': 0.5, 'unit': 'fruit (2-1/2\"" dia)'}]""","""[\""vanilla ice cream\"", \""pear\"", \""apple\"", \""persimmon\""]""",4,293.4,57.4,3.3,7.8
fsb_00661,fsb_00661.jpg,Fruit Salad with Whipped Cream,"""[{'name': 'peach', 'calories': 34.1, 'carbs': 8.3, 'protein': 0.8, 'fat': 0.2, 'quantity': 0.5, 'unit': 'large (2-3/4\"" dia)'}, {'name': 'cherry', 'calories': 5.2, 'carbs': 1.3, 'protein': 0.1, 'fat': 0.0, 'quantity': 1, 'unit': 'cherry'}, {'name': 'whipped cream', 'calories': 92.5, 'carbs': 4.5, 'protein': 1.2, 'fat': 8.0, 'quantity': 0.6, 'unit': 'cup'}]""","""[\""peach\"", \""cherry\"", \""whipped cream\""]""",3,131.8,14.1,2.1,8.2
fsb_00662,fsb_00662.jpg,Fruit And Yogurt Parfait,"""[{'name': 'mandarin orange', 'calories': 103.3, 'carbs': 26.0, 'protein': 1.6, 'fat': 0.6, 'quantity': 1, 'unit': 'cup, sections'}, {'name': 'grape', 'calories': 3.4, 'carbs': 0.9, 'protein': 0.0, 'fat': 0.0, 'quantity': 1, 'unit': 'grapes'}, {'name': 'yogurt', 'calories': 77.2, 'carbs': 8.6, 'protein': 6.4, 'fat': 1.9, 'quantity': 0.5, 'unit': 'cup (8 fl oz)'}, {'name': 'walnuts', 'calories': 54.9, 'carbs': 1.2, 'protein': 1.3, 'fat': 5.5, 'quantity': 0.3, 'unit': 'cup, in shell, edible yield (7 nuts)'}, {'name': 'strawberry', 'calories': 5.8, 'carbs': 1.4, 'protein': 0.1, 'fat': 0.1, 'quantity': 1, 'unit': 'large'}, {'name': 'plain greek yogurt', 'calories': 16.7, 'carbs': 1.0, 'protein': 2.9, 'fat': 0.1, 'quantity': 1, 'unit': 'oz'}, {'name': 'chocolate chip', 'calories': 806.4, 'carbs': 107.4, 'protein': 7.1, 'fat': 50.4, 'quantity': 1, 'unit': 'cup'}]""","""[\""mandarin orange\"", \""grape\"", \""yogurt\"", \""walnuts\"", \""strawberry\"", \""plain greek yogurt\"", \""chocolate chip\""]""",7,1067.7,146.5,19.4,58.6
fsb_00663,fsb_00663.jpg,Fruit Salad,"""[{'name': 'apple', 'calories': 28.3, 'carbs': 7.5, 'protein': 0.1, 'fat': 0.1, 'quantity': 0.5, 'unit': 'cup slices'}, {'name': 'grapes', 'calories': 52.1, 'carbs': 13.7, 'protein': 0.5, 'fat': 0.1, 'quantity': 0.5, 'unit': 'cup'}, {'name': 'blueberries', 'calories': 21.1, 'carbs': 5.4, 'protein': 0.3, 'fat': 0.1, 'quantity': 0.25, 'unit': 'cup'}, {'name': 'mandarin orange', 'calories': 31.0, 'carbs': 7.8, 'protein': 0.5, 'fat': 0.2, 'quantity': 0.3, 'unit': 'cup, sections'}]""","""[\""apple\"", \""grapes\"", \""blueberries\"", \""mandarin orange\""]""",4,132.5,34.4,1.4,0.5
fsb_00664,fsb_00664.jpg,Fruit Salad,"""[{'name': 'apple', 'calories': 28.3, 'carbs': 7.5, 'protein': 0.1, 'fat': 0.1, 'quantity': 0.5, 'unit': 'cup slices'}, {'name': 'orange', 'calories': 40.4, 'carbs': 10.3, 'protein': 0.8, 'fat': 0.1, 'quantity': 0.5, 'unit': 'cup sections, without membranes'}, {'name': 'strawberries', 'calories': 24.3, 'carbs': 5.8, 'protein': 0.5, 'fat': 0.2, 'quantity': 0.5, 'unit': 'cup, halves'}, {'name': 'blueberries', 'calories': 21.1, 'carbs': 5.4, 'protein': 0.3, 'fat': 0.1, 'quantity': 0.25, 'unit': 'cup'}, {'name': 'honeydew', 'calories': 30.6, 'carbs': 7.7, 'protein': 0.5, 'fat': 0.1, 'quantity': 0.5, 'unit': 'cup, diced (approx 20 pieces per cup)'}]""","""[\""apple\"", \""orange\"", \""strawberries\"", \""blueberries\"", \""honeydew\""]""",5,144.7,36.7,2.2,0.6
fsb_00665,fsb_00665.jpg,Fruit Salad,"""[{'name': 'apple', 'calories': 28.3, 'carbs': 7.5, 'protein': 0.1, 'fat': 0.1, 'quantity': 0.5, 'unit': 'cup slices'}, {'name': 'raspberries', 'calories': 12.8, 'carbs': 2.9, 'protein': 0.3, 'fat': 0.2, 'quantity': 0.2, 'unit': 'cup'}, {'name': 'blueberries', 'calories': 21.1, 'carbs': 5.4, 'protein': 0.3, 'fat': 0.1, 'quantity': 0.25, 'unit': 'cup'}]""","""[\""apple\"", \""raspberries\"", \""blueberries\""]""",3,62.2,15.8,0.7,0.4
fsb_00666,fsb_00666.jpg,Fruit Salad,"""[{'name': 'cantaloupe', 'calories': 16.3, 'carbs': 3.9, 'protein': 0.4, 'fat': 0.1, 'quantity': 0.3, 'unit': 'cup, cubes'}, {'name': 'honeydew', 'calories': 9.0, 'carbs': 2.3, 'protein': 0.1, 'fat': 0.0, 'quantity': 0.2, 'unit': 'wedge (1/8 of 5-1/4\"" dia melon)'}, {'name': 'watermelon', 'calories': 9.1, 'carbs': 2.3, 'protein': 0.2, 'fat': 0.0, 'quantity': 0.2, 'unit': 'cup, diced'}, {'name': 'pineapple', 'calories': 20.6, 'carbs': 5.4, 'protein': 0.2, 'fat': 0.0, 'quantity': 0.25, 'unit': 'cup, chunks'}]""","""[\""cantaloupe\"", \""honeydew\"", \""watermelon\"", \""pineapple\""]""",4,55.0,13.9,0.9,0.1
fsb_00667,fsb_00667.jpg,Fruit Salad,"""[{'name': 'cantaloupe', 'calories': 27.2, 'carbs': 6.5, 'protein': 0.7, 'fat': 0.2, 'quantity': 0.5, 'unit': 'cup, cubes'}, {'name': 'watermelon', 'calories': 23.1, 'carbs': 5.8, 'protein': 0.5, 'fat': 0.1, 'quantity': 0.5, 'unit': 'cup, balls'}, {'name': 'honeydew', 'calories': 31.9, 'carbs': 8.0, 'protein': 0.5, 'fat': 0.1, 'quantity': 0.5, 'unit': 'cup, balls'}, {'name': 'pineapple', 'calories': 20.6, 'carbs': 5.4, 'protein': 0.2, 'fat': 0.0, 'quantity': 0.25, 'unit': 'cup, chunks'}, {'name': 'grapefruit', 'calories': 19.4, 'carbs': 4.9, 'protein': 0.4, 'fat': 0.1, 'quantity': 0.3, 'unit': 'NLEA serving'}]""","""[\""cantaloupe\"", \""watermelon\"", \""honeydew\"", \""pineapple\"", \""grapefruit\""]""",5,122.2,30.6,2.3,0.5
fsb_00668,fsb_00668.jpg,Fruit Salad,"""[{'name': 'papaya', 'calories': 31.2, 'carbs': 7.8, 'protein': 0.3, 'fat': 0.2, 'quantity': 0.5, 'unit': 'cup 1\"" pieces'}, {'name': 'pineapple', 'calories': 41.2, 'carbs': 10.8, 'protein': 0.4, 'fat': 0.1, 'quantity': 0.5, 'unit': 'cup, chunks'}, {'name': 'grapes', 'calories': 13.5, 'carbs': 3.5, 'protein': 0.1, 'fat': 0.0, 'quantity': 4, 'unit': 'grapes'}]""","""[\""papaya\"", \""pineapple\"", \""grapes\""]""",3,85.9,22.1,0.8,0.3
fsb_00669,fsb_00669.jpg,Fruit Salad,"""[{'name': 'pineapple', 'calories': 20.6, 'carbs': 5.4, 'protein': 0.2, 'fat': 0.0, 'quantity': 0.25, 'unit': 'cup, chunks'}, {'name': 'cantaloupe', 'calories': 16.3, 'carbs': 3.9, 'protein': 0.4, 'fat': 0.1, 'quantity': 0.3, 'unit': 'cup, cubes'}, {'name': 'honeydew', 'calories': 9.0, 'carbs': 2.3, 'protein': 0.1, 'fat': 0.0, 'quantity': 0.2, 'unit': 'wedge (1/8 of 5-1/4\"" dia melon)'}, {'name': 'watermelon', 'calories': 13.9, 'carbs': 3.5, 'protein': 0.3, 'fat': 0.1, 'quantity': 0.3, 'unit': 'cup, balls'}]""","""[\""pineapple\"", \""cantaloupe\"", \""honeydew\"", \""watermelon\""]""",4,59.8,15.1,1.0,0.2
fsb_00670,fsb_00670.jpg,Fruit Salad,"""[{'name': 'strawberries', 'calories': 11.5, 'carbs': 2.8, 'protein': 0.2, 'fat': 0.1, 'quantity': 2, 'unit': 'large (1-3/8\"" dia)'}, {'name': 'blueberries', 'calories': 21.1, 'carbs': 5.4, 'protein': 0.3, 'fat': 0.1, 'quantity': 0.25, 'unit': 'cup'}, {'name': 'green grapes', 'calories': 16.9, 'carbs': 4.4, 'protein': 0.2, 'fat': 0.0, 'quantity': 5, 'unit': 'grapes'}, {'name': 'pineapple', 'calories': 20.6, 'carbs': 5.4, 'protein': 0.2, 'fat': 0.0, 'quantity': 0.25, 'unit': 'cup, chunks'}]""","""[\""strawberries\"", \""blueberries\"", \""green grapes\"", \""pineapple\""]""",4,70.1,18.0,0.9,0.2
fsb_00671,fsb_00671.jpg,Fruit Salad,"""[{'name': 'watermelon', 'calories': 46.2, 'carbs': 11.6, 'protein': 0.9, 'fat': 0.2, 'quantity': 1, 'unit': 'cup, balls'}, {'name': 'strawberries', 'calories': 11.5, 'carbs': 2.8, 'protein': 0.2, 'fat': 0.1, 'quantity': 3, 'unit': 'medium (1-1/4\"" dia)'}, {'name': 'green grapes', 'calories': 33.8, 'carbs': 8.9, 'protein': 0.4, 'fat': 0.1, 'quantity': 10, 'unit': 'grapes'}, {'name': 'red grapes', 'calories': 33.8, 'carbs': 8.9, 'protein': 0.4, 'fat': 0.1, 'quantity': 10, 'unit': 'grapes'}, {'name': 'pineapple', 'calories': 41.2, 'carbs': 10.8, 'protein': 0.4, 'fat': 0.1, 'quantity': 0.5, 'unit': 'cup, chunks'}, {'name': 'honeydew melon', 'calories': 31.9, 'carbs': 8.0, 'protein': 0.5, 'fat': 0.1, 'quantity': 0.5, 'unit': 'cup, balls'}]""","""[\""watermelon\"", \""strawberries\"", \""green grapes\"", \""red grapes\"", \""pineapple\"", \""honeydew melon\""]""",6,198.4,51.0,2.8,0.7
fsb_00672,fsb_00672.jpg,Fruit Snack Box,"""[{'name': 'apricot', 'calories': 33.6, 'carbs': 7.8, 'protein': 1.0, 'fat': 0.3, 'quantity': 2, 'unit': 'apricot'}, {'name': 'strawberry', 'calories': 5.8, 'carbs': 1.4, 'protein': 0.1, 'fat': 0.1, 'quantity': 1, 'unit': 'large (1-3/8\"" dia)'}, {'name': 'raspberry', 'calories': 32.0, 'carbs': 7.3, 'protein': 0.7, 'fat': 0.4, 'quantity': 8, 'unit': 'tbsp'}, {'name': 'fig', 'calories': 47.4, 'carbs': 12.3, 'protein': 0.5, 'fat': 0.2, 'quantity': 1, 'unit': 'large (2-1/2\"" dia)'}, {'name': 'date', 'calories': 64.0, 'carbs': 17.0, 'protein': 0.6, 'fat': 0.1, 'quantity': 0.8, 'unit': 'wt. oz'}]""","""[\""apricot\"", \""strawberry\"", \""raspberry\"", \""fig\"", \""date\""]""",5,182.8,45.8,2.9,1.1
fsb_00673,fsb_00673.jpg,Garden Salad with Croutons,"""[{'name': 'romaine lettuce', 'calories': 8.0, 'carbs': 1.5, 'protein': 0.6, 'fat': 0.1, 'quantity': 1, 'unit': 'cups shredded'}, {'name': 'tomato', 'calories': 6.5, 'carbs': 1.4, 'protein': 0.3, 'fat': 0.1, 'quantity': 0.2, 'unit': 'cup, chopped or sliced'}, {'name': 'shredded cheese', 'calories': 114.1, 'carbs': 0.9, 'protein': 6.5, 'fat': 9.4, 'quantity': 0.25, 'unit': 'cup'}, {'name': 'croutons', 'calories': 37.2, 'carbs': 5.1, 'protein': 0.9, 'fat': 1.5, 'quantity': 0.2, 'unit': 'cup'}]""","""[\""romaine lettuce\"", \""tomato\"", \""shredded cheese\"", \""croutons\""]""",4,165.8,8.9,8.3,11.1
fsb_00674,fsb_00674.jpg,Garden Salad with Red Wine,"""[{'name': 'lettuce', 'calories': 4.8, 'carbs': 0.9, 'protein': 0.3, 'fat': 0.1, 'quantity': 1, 'unit': 'wt. oz'}, {'name': 'tomato', 'calories': 16.2, 'carbs': 3.5, 'protein': 0.8, 'fat': 0.2, 'quantity': 0.5, 'unit': 'cup, chopped or sliced'}, {'name': 'red onion', 'calories': 9.2, 'carbs': 2.1, 'protein': 0.3, 'fat': 0.0, 'quantity': 0.1, 'unit': 'cup'}, {'name': 'olive oil', 'calories': 119.3, 'carbs': 0.0, 'protein': 0.0, 'fat': 13.5, 'quantity': 1, 'unit': 'tablespoon'}, {'name': 'red wine', 'calories': 125.0, 'carbs': 3.8, 'protein': 0.1, 'fat': 0.0, 'quantity': 5, 'unit': 'fl oz'}]""","""[\""lettuce\"", \""tomato\"", \""red onion\"", \""olive oil\"", \""red wine\""]""",5,274.5,10.3,1.5,13.8
fsb_00675,fsb_00675.jpg,Garden Salad,"""[{'name': 'lettuce', 'calories': 4.8, 'carbs': 0.9, 'protein': 0.3, 'fat': 0.1, 'quantity': 1, 'unit': 'wt. oz'}, {'name': 'tomato', 'calories': 16.2, 'carbs': 3.5, 'protein': 0.8, 'fat': 0.2, 'quantity': 0.5, 'unit': 'cup, chopped or sliced'}, {'name': 'carrot', 'calories': 10.9, 'carbs': 2.6, 'protein': 0.2, 'fat': 0.1, 'quantity': 0.2, 'unit': 'cup'}]""","""[\""lettuce\"", \""tomato\"", \""carrot\""]""",3,31.9,7.0,1.3,0.4
fsb_00676,fsb_00676.jpg,Caesar Salad,"""[{'name': 'romaine lettuce', 'calories': 8.0, 'carbs': 1.5, 'protein': 0.6, 'fat': 0.1, 'quantity': 1, 'unit': 'cups shredded'}, {'name': 'croutons', 'calories': 37.2, 'carbs': 5.1, 'protein': 0.9, 'fat': 1.5, 'quantity': 0.2, 'unit': 'cup'}, {'name': 'black olives', 'calories': 25.3, 'carbs': 1.4, 'protein': 0.2, 'fat': 2.3, 'quantity': 5, 'unit': 'large'}, {'name': 'green olives', 'calories': 23.5, 'carbs': 0.6, 'protein': 0.2, 'fat': 2.5, 'quantity': 6, 'unit': 'olive'}]""","""[\""romaine lettuce\"", \""croutons\"", \""black olives\"", \""green olives\""]""",4,94.0,8.6,1.9,6.4
fsb_00677,fsb_00677.jpg,Garden Vegetable Tempura Fritters,"""[{'name': 'tempura chicken', 'calories': 332.6, 'carbs': 31.8, 'protein': 38.1, 'fat': 4.3, 'quantity': 1, 'unit': 'serving'}, {'name': 'white rice', 'calories': 102.7, 'carbs': 22.3, 'protein': 2.1, 'fat': 0.2, 'quantity': 0.5, 'unit': 'cup'}, {'name': 'cucumber', 'calories': 7.8, 'carbs': 1.9, 'protein': 0.3, 'fat': 0.1, 'quantity': 0.5, 'unit': 'cup slices'}, {'name': 'ponzu sauce', 'calories': 32.7, 'carbs': 6.8, 'protein': 1.1, 'fat': 0.1, 'quantity': 3, 'unit': 'tbsp'}, {'name': 'spicy mayo', 'calories': 79.0, 'carbs': 1.0, 'protein': 0.2, 'fat': 8.2, 'quantity': 1, 'unit': 'tbsp'}]""","""[\""tempura chicken\"", \""white rice\"", \""cucumber\"", \""ponzu sauce\"", \""spicy mayo\""]""",5,554.8,63.8,41.8,12.9
fsb_00678,fsb_00678.jpg,Glass Noodle Salad with Shrimp,"""[{'name': 'noodles', 'calories': 88.5, 'carbs': 17.3, 'protein': 3.2, 'fat': 0.5, 'quantity': 0.4, 'unit': 'cup'}, {'name': 'shrimp', 'calories': 7.1, 'carbs': 0.1, 'protein': 1.4, 'fat': 0.1, 'quantity': 1, 'unit': 'large'}, {'name': 'ground pork', 'calories': 73.1, 'carbs': 0.0, 'protein': 6.3, 'fat': 5.1, 'quantity': 0.2, 'unit': 'cup'}, {'name': 'peanuts', 'calories': 53.6, 'carbs': 1.9, 'protein': 2.2, 'fat': 4.5, 'quantity': 1, 'unit': 'tbsp'}, {'name': 'red onion', 'calories': 18.5, 'carbs': 4.3, 'protein': 0.6, 'fat': 0.1, 'quantity': 0.2, 'unit': 'cup'}, {'name': 'red chili', 'calories': 5.7, 'carbs': 1.2, 'protein': 0.3, 'fat': 0.1, 'quantity': 0.5, 'unit': 'wt. oz'}]""","""[\""noodles\"", \""shrimp\"", \""ground pork\"", \""peanuts\"", \""red onion\"", \""red chili\""]""",6,246.5,24.8,14.0,10.4
fsb_00679,fsb_00679.jpg,Vegetable Noodle Stir-Fry,"""[{'name': 'pasta', 'calories': 195.9, 'carbs': 38.3, 'protein': 7.2, 'fat': 1.2, 'quantity': 1, 'unit': 'cup spaghetti not packed'}, {'name': 'egg', 'calories': 71.5, 'carbs': 0.4, 'protein': 6.3, 'fat': 4.8, 'quantity': 1, 'unit': 'large'}, {'name': 'garlic', 'calories': 12.7, 'carbs': 2.8, 'protein': 0.5, 'fat': 0.0, 'quantity': 1, 'unit': 'tbsp'}, {'name': 'vegetables', 'calories': 17.7, 'carbs': 3.6, 'protein': 0.8, 'fat': 0.0, 'quantity': 0.15, 'unit': 'cup'}, {'name': 'fried shallots', 'calories': 43.2, 'carbs': 1.1, 'protein': 0.2, 'fat': 4.4, 'quantity': 2, 'unit': 'tbsp'}]""","""[\""pasta\"", \""egg\"", \""garlic\"", \""vegetables\"", \""fried shallots\""]""",5,341.0,46.2,15.0,10.4
fsb_00680,fsb_00680.jpg,Golden Milk,"""[{'name': 'milk', 'calories': 122.0, 'carbs': 11.7, 'protein': 8.1, 'fat': 4.8, 'quantity': 1, 'unit': 'cup'}, {'name': 'turmeric', 'calories': 9.4, 'carbs': 2.0, 'protein': 0.3, 'fat': 0.1, 'quantity': 1, 'unit': 'tsp'}, {'name': 'honey', 'calories': 63.8, 'carbs': 17.3, 'protein': 0.1, 'fat': 0.0, 'quantity': 1, 'unit': 'tbsp'}, {'name': 'coconut oil', 'calories': 40.1, 'carbs': 0.0, 'protein': 0.0, 'fat': 4.5, 'quantity': 1, 'unit': 'tsp'}]""","""[\""milk\"", \""turmeric\"", \""honey\"", \""coconut oil\""]""",4,235.3,31.0,8.5,9.4
fsb_00681,fsb_00681.jpg,Gourmet Plate with Soup,"""[{'name': 'beef', 'calories': 88.1, 'carbs': 0.0, 'protein': 8.9, 'fat': 5.6, 'quantity': 1.2000000000000002, 'unit': 'oz'}, {'name': 'chicken', 'calories': 56.1, 'carbs': 0.0, 'protein': 6.1, 'fat': 3.3, 'quantity': 0.8999999999999999, 'unit': 'oz'}, {'name': 'mozzarella', 'calories': 90.0, 'carbs': 0.7, 'protein': 6.7, 'fat': 6.7, 'quantity': 30, 'unit': 'g'}, {'name': 'mixed vegetables', 'calories': 40.8, 'carbs': 8.8, 'protein': 2.1, 'fat': 0.4, 'quantity': 0.9, 'unit': 'cup'}, {'name': 'cream soup', 'calories': 113.4, 'carbs': 9.0, 'protein': 3.0, 'fat': 7.3, 'quantity': 0.5, 'unit': 'cup (4 fl oz)'}, {'name': 'white wine', 'calories': 120.5, 'carbs': 3.8, 'protein': 0.1, 'fat': 0.0, 'quantity': 5, 'unit': 'fl oz'}]""","""[\""beef\"", \""chicken\"", \""mozzarella\"", \""mixed vegetables\"", \""cream soup\"", \""white wine\""]""",6,508.9,22.3,26.9,23.3
fsb_00682,fsb_00682.jpg,Granola Bowl with Berries and Almond Butter,"""[{'name': 'granola', 'calories': 208.8, 'carbs': 23.0, 'protein': 5.8, 'fat': 10.4, 'quantity': 0.35, 'unit': 'cup'}, {'name': 'strawberries', 'calories': 24.3, 'carbs': 5.8, 'protein': 0.5, 'fat': 0.2, 'quantity': 0.5, 'unit': 'cup, halves'}, {'name': 'blueberries', 'calories': 21.1, 'carbs': 5.4, 'protein': 0.3, 'fat': 0.1, 'quantity': 0.25, 'unit': 'cup'}, {'name': 'banana', 'calories': 52.5, 'carbs': 13.5, 'protein': 0.6, 'fat': 0.2, 'quantity': 0.5, 'unit': 'medium (7\"" to 7-7/8\"" long)'}, {'name': 'almond butter', 'calories': 196.5, 'carbs': 6.0, 'protein': 6.7, 'fat': 17.8, 'quantity': 2, 'unit': 'tbsp'}]""","""[\""granola\"", \""strawberries\"", \""blueberries\"", \""banana\"", \""almond butter\""]""",5,503.2,53.7,13.9,28.7
fsb_00683,fsb_00683.jpg,Berry Granola Parfait,"""[{'name': 'granola', 'calories': 298.3, 'carbs': 32.9, 'protein': 8.3, 'fat': 14.8, 'quantity': 0.5, 'unit': 'cup'}, {'name': 'peanut butter', 'calories': 188.2, 'carbs': 7.7, 'protein': 7.0, 'fat': 15.9, 'quantity': 2, 'unit': 'tbsp'}, {'name': 'raspberries', 'calories': 3.0, 'carbs': 0.7, 'protein': 0.1, 'fat': 0.0, 'quantity': 3, 'unit': 'raspberries'}, {'name': 'blackberries', 'calories': 2.8, 'carbs': 0.6, 'protein': 0.1, 'fat': 0.0, 'quantity': 1, 'unit': 'blackberry'}, {'name': 'vanilla yogurt', 'calories': 96.5, 'carbs': 15.7, 'protein': 5.6, 'fat': 1.4, 'quantity': 0.5, 'unit': 'container (8 oz)'}]""","""[\""granola\"", \""peanut butter\"", \""raspberries\"", \""blackberries\"", \""vanilla yogurt\""]""",5,588.8,57.6,21.1,32.1
fsb_00684,fsb_00684.jpg,Grapes and Cashews Snack,"""[{'name': 'red grapes', 'calories': 67.6, 'carbs': 17.7, 'protein': 0.7, 'fat': 0.2, 'quantity': 20, 'unit': 'grapes'}, {'name': 'cashews', 'calories': 235.9, 'carbs': 13.4, 'protein': 6.3, 'fat': 19.0, 'quantity': 0.3, 'unit': 'cup, halves and whole'}, {'name': 'white chocolate chips', 'calories': 53.9, 'carbs': 5.9, 'protein': 0.6, 'fat': 3.2, 'quantity': 10, 'unit': 'g'}]""","""[\""red grapes\"", \""cashews\"", \""white chocolate chips\""]""",3,357.4,37.0,7.6,22.4
fsb_00685,fsb_00685.jpg,Greek Salad,"""[{'name': 'romaine lettuce', 'calories': 8.0, 'carbs': 1.5, 'protein': 0.6, 'fat': 0.1, 'quantity': 1, 'unit': 'cups shredded'}, {'name': 'cucumber', 'calories': 7.8, 'carbs': 1.9, 'protein': 0.3, 'fat': 0.1, 'quantity': 0.5, 'unit': 'cup slices'}, {'name': 'cherry tomatoes', 'calories': 12.2, 'carbs': 2.6, 'protein': 0.6, 'fat': 0.1, 'quantity': 4, 'unit': 'cherry'}, {'name': 'feta cheese', 'calories': 118.8, 'carbs': 1.8, 'protein': 6.4, 'fat': 9.6, 'quantity': 0.3, 'unit': 'cup, crumbled'}, {'name': 'pepperoncini', 'calories': 4.8, 'carbs': 1.2, 'protein': 0.2, 'fat': 0.0, 'quantity': 0.8, 'unit': 'wt. oz'}, {'name': 'avocado', 'calories': 48.0, 'carbs': 2.6, 'protein': 0.6, 'fat': 4.4, 'quantity': 0.2, 'unit': 'cup, cubes'}, {'name': 'greek dressing', 'calories': 97.0, 'carbs': 1.2, 'protein': 0.1, 'fat': 10.5, 'quantity': 2, 'unit': 'tbsp'}]""","""[\""romaine lettuce\"", \""cucumber\"", \""cherry tomatoes\"", \""feta cheese\"", \""pepperoncini\"", \""avocado\"", \""greek dressing\""]""",7,296.6,12.8,8.8,24.8
fsb_00686,fsb_00686.jpg,Greek Salad,"""[{'name': 'romaine lettuce', 'calories': 8.0, 'carbs': 1.5, 'protein': 0.6, 'fat': 0.1, 'quantity': 1, 'unit': 'cups shredded'}, {'name': 'cucumber', 'calories': 7.8, 'carbs': 1.9, 'protein': 0.3, 'fat': 0.1, 'quantity': 0.5, 'unit': 'cup slices'}, {'name': 'tomato', 'calories': 16.2, 'carbs': 3.5, 'protein': 0.8, 'fat': 0.2, 'quantity': 0.5, 'unit': 'cup, chopped or sliced'}, {'name': 'red onion', 'calories': 9.2, 'carbs': 2.1, 'protein': 0.3, 'fat': 0.0, 'quantity': 0.1, 'unit': 'cup'}, {'name': 'feta cheese', 'calories': 118.8, 'carbs': 1.8, 'protein': 6.4, 'fat': 9.6, 'quantity': 0.3, 'unit': 'cup, crumbled'}, {'name': 'kalamata olives', 'calories': 55.9, 'carbs': 1.4, 'protein': 0.2, 'fat': 5.8, 'quantity': 0.2, 'unit': 'cup'}, {'name': 'croutons', 'calories': 37.2, 'carbs': 5.1, 'protein': 0.9, 'fat': 1.5, 'quantity': 0.2, 'unit': 'cup'}]""","""[\""romaine lettuce\"", \""cucumber\"", \""tomato\"", \""red onion\"", \""feta cheese\"", \""kalamata olives\"", \""croutons\""]""",7,253.1,17.3,9.5,17.3
fsb_00687,fsb_00687.jpg,Greek Salad,"""[{'name': 'tomato', 'calories': 16.2, 'carbs': 3.5, 'protein': 0.8, 'fat': 0.2, 'quantity': 0.5, 'unit': 'cup, chopped or sliced'}, {'name': 'cucumber', 'calories': 7.8, 'carbs': 1.9, 'protein': 0.3, 'fat': 0.1, 'quantity': 0.5, 'unit': 'cup slices'}, {'name': 'feta cheese', 'calories': 118.8, 'carbs': 1.8, 'protein': 6.4, 'fat': 9.6, 'quantity': 0.3, 'unit': 'cup, crumbled'}, {'name': 'olives', 'calories': 25.3, 'carbs': 1.4, 'protein': 0.2, 'fat': 2.3, 'quantity': 5, 'unit': 'large'}, {'name': 'avocado', 'calories': 48.0, 'carbs': 2.6, 'protein': 0.6, 'fat': 4.4, 'quantity': 0.2, 'unit': 'cup, cubes'}, {'name': 'lettuce', 'calories': 4.8, 'carbs': 0.9, 'protein': 0.3, 'fat': 0.1, 'quantity': 0.6, 'unit': 'cups shredded'}, {'name': 'tortilla', 'calories': 143.3, 'carbs': 24.5, 'protein': 3.8, 'fat': 3.1, 'quantity': 0.9, 'unit': 'tortilla (approx 7-8\"" dia)'}, {'name': 'chicken breast', 'calories': 69.3, 'carbs': 0.0, 'protein': 13.0, 'fat': 1.5, 'quantity': 0.3, 'unit': 'cup'}, {'name': 'bell pepper', 'calories': 11.2, 'carbs': 2.7, 'protein': 0.4, 'fat': 0.1, 'quantity': 0.3, 'unit': 'cup, strips'}, {'name': 'cheese', 'calories': 91.3, 'carbs': 0.7, 'protein': 5.2, 'fat': 7.5, 'quantity': 0.2, 'unit': 'cup, shredded'}, {'name': 'french fries', 'calories': 142.3, 'carbs': 18.9, 'protein': 1.6, 'fat': 6.7, 'quantity': 0.8, 'unit': 'cup'}]""","""[\""tomato\"", \""cucumber\"", \""feta cheese\"", \""olives\"", \""avocado\"", \""lettuce\"", \""tortilla\"", \""chicken breast\"", \""bell pepper\"", \""cheese\"", \""french fries\""]""",11,678.3,58.9,32.6,35.6
fsb_00688,fsb_00688.jpg,Greek Salad,"""[{'name': 'tomato', 'calories': 16.2, 'carbs': 3.5, 'protein': 0.8, 'fat': 0.2, 'quantity': 0.5, 'unit': 'cup, chopped or sliced'}, {'name': 'cucumber', 'calories': 7.8, 'carbs': 1.9, 'protein': 0.3, 'fat': 0.1, 'quantity': 0.5, 'unit': 'cup slices'}, {'name': 'red onion', 'calories': 9.2, 'carbs': 2.1, 'protein': 0.3, 'fat': 0.0, 'quantity': 0.1, 'unit': 'cup'}, {'name': 'feta cheese', 'calories': 118.8, 'carbs': 1.8, 'protein': 6.4, 'fat': 9.6, 'quantity': 0.3, 'unit': 'cup, crumbled'}, {'name': 'black olives', 'calories': 25.3, 'carbs': 1.4, 'protein': 0.2, 'fat': 2.3, 'quantity': 5, 'unit': 'large'}, {'name': 'green bell pepper', 'calories': 6.4, 'carbs': 1.5, 'protein': 0.2, 'fat': 0.0, 'quantity': 0.2, 'unit': 'pepper'}, {'name': 'olive oil', 'calories': 119.3, 'carbs': 0.0, 'protein': 0.0, 'fat': 13.5, 'quantity': 1, 'unit': 'tbsp'}]""","""[\""tomato\"", \""cucumber\"", \""red onion\"", \""feta cheese\"", \""black olives\"", \""green bell pepper\"", \""olive oil\""]""",7,303.0,12.2,8.2,25.7
fsb_00689,fsb_00689.jpg,Green Bean Stir-Fry With Rice,"""[{'name': 'green beans', 'calories': 43.8, 'carbs': 9.8, 'protein': 2.4, 'fat': 0.3, 'quantity': 1, 'unit': 'cup'}, {'name': 'white rice', 'calories': 205.4, 'carbs': 44.5, 'protein': 4.3, 'fat': 0.4, 'quantity': 1, 'unit': 'cup'}, {'name': 'soy sauce', 'calories': 8.5, 'carbs': 0.8, 'protein': 1.3, 'fat': 0.1, 'quantity': 1, 'unit': 'tbsp'}, {'name': 'olive oil', 'calories': 39.8, 'carbs': 0.0, 'protein': 0.0, 'fat': 4.5, 'quantity': 1, 'unit': 'tsp'}]""","""[\""green beans\"", \""white rice\"", \""soy sauce\"", \""olive oil\""]""",4,297.5,55.1,8.0,5.3
fsb_00690,fsb_00690.jpg,Ground Meat And Pumpkin Stir-Fry,"""[{'name': 'green beans', 'calories': 21.9, 'carbs': 4.9, 'protein': 1.2, 'fat': 0.2, 'quantity': 0.5, 'unit': 'cup'}, {'name': 'ground meat', 'calories': 81.1, 'carbs': 0.0, 'protein': 8.0, 'fat': 5.2, 'quantity': 0.2, 'unit': 'portion ( yield from 1/2 lb raw meat )'}, {'name': 'pumpkin', 'calories': 14.7, 'carbs': 3.6, 'protein': 0.5, 'fat': 0.1, 'quantity': 0.3, 'unit': 'cup'}]""","""[\""green beans\"", \""ground meat\"", \""pumpkin\""]""",3,117.7,8.5,9.7,5.5
fsb_00691,fsb_00691.jpg,Green Beans with Rice and Black Beans,"""[{'name': 'green beans', 'calories': 43.8, 'carbs': 9.8, 'protein': 2.4, 'fat': 0.3, 'quantity': 1, 'unit': 'cup'}, {'name': 'white rice', 'calories': 102.7, 'carbs': 22.3, 'protein': 2.1, 'fat': 0.2, 'quantity': 0.5, 'unit': 'cup'}, {'name': 'black beans', 'calories': 68.1, 'carbs': 12.2, 'protein': 4.6, 'fat': 0.3, 'quantity': 0.3, 'unit': 'cup'}]""","""[\""green beans\"", \""white rice\"", \""black beans\""]""",3,214.6,44.3,9.1,0.8
fsb_00692,fsb_00692.jpg,Green Curry Spaghetti,"""[{'name': 'spaghetti', 'calories': 210.4, 'carbs': 42.3, 'protein': 7.4, 'fat': 0.9, 'quantity': 1, 'unit': 'cup'}, {'name': 'chicken', 'calories': 118.8, 'carbs': 0.0, 'protein': 12.9, 'fat': 7.1, 'quantity': 0.4, 'unit': 'cup'}, {'name': 'green curry', 'calories': 164.2, 'carbs': 8.4, 'protein': 12.2, 'fat': 9.8, 'quantity': 0.5, 'unit': 'cup'}, {'name': 'bell pepper', 'calories': 11.2, 'carbs': 2.7, 'protein': 0.4, 'fat': 0.1, 'quantity': 0.3, 'unit': 'cup, strips'}, {'name': 'eggplant', 'calories': 13.9, 'carbs': 3.5, 'protein': 0.3, 'fat': 0.1, 'quantity': 0.4, 'unit': 'cup (1\"" cubes)'}, {'name': 'basil', 'calories': 1.2, 'carbs': 0.1, 'protein': 0.2, 'fat': 0.0, 'quantity': 10, 'unit': 'leaves'}]""","""[\""spaghetti\"", \""chicken\"", \""green curry\"", \""bell pepper\"", \""eggplant\"", \""basil\""]""",6,519.7,57.0,33.4,18.0
fsb_00693,fsb_00693.jpg,Green Curry with Noodles,"""[{'name': 'chicken', 'calories': 176.0, 'carbs': 0.0, 'protein': 19.2, 'fat': 10.5, 'quantity': 80, 'unit': 'g'}, {'name': 'green curry', 'calories': 164.2, 'carbs': 8.4, 'protein': 12.2, 'fat': 9.8, 'quantity': 0.5, 'unit': 'cup'}, {'name': 'eggplant', 'calories': 10.5, 'carbs': 2.6, 'protein': 0.2, 'fat': 0.1, 'quantity': 30, 'unit': 'g'}, {'name': 'basil', 'calories': 2.3, 'carbs': 0.3, 'protein': 0.3, 'fat': 0.1, 'quantity': 10, 'unit': 'g'}, {'name': 'spaghetti', 'calories': 210.4, 'carbs': 42.3, 'protein': 7.4, 'fat': 0.9, 'quantity': 1, 'unit': 'cup'}]""","""[\""chicken\"", \""green curry\"", \""eggplant\"", \""basil\"", \""spaghetti\""]""",5,563.4,53.6,39.3,21.4
fsb_00694,fsb_00694.jpg,Green Curry with Noodles,"""[{'name': 'spaghetti', 'calories': 210.4, 'carbs': 42.3, 'protein': 7.4, 'fat': 0.9, 'quantity': 1, 'unit': 'cup'}, {'name': 'chicken', 'calories': 118.8, 'carbs': 0.0, 'protein': 12.9, 'fat': 7.1, 'quantity': 0.4, 'unit': 'cup'}, {'name': 'coconut milk', 'calories': 178.1, 'carbs': 2.5, 'protein': 1.8, 'fat': 19.3, 'quantity': 0.4, 'unit': 'cup'}, {'name': 'eggplant', 'calories': 10.4, 'carbs': 2.6, 'protein': 0.2, 'fat': 0.1, 'quantity': 0.3, 'unit': 'cup (1\"" cubes)'}, {'name': 'green curry paste', 'calories': 49.1, 'carbs': 11.0, 'protein': 1.6, 'fat': 0.4, 'quantity': 3, 'unit': 'tbsp'}, {'name': 'red bell pepper', 'calories': 10.4, 'carbs': 2.5, 'protein': 0.3, 'fat': 0.1, 'quantity': 0.2, 'unit': 'cup'}, {'name': 'green beans', 'calories': 8.8, 'carbs': 2.0, 'protein': 0.5, 'fat': 0.1, 'quantity': 0.2, 'unit': 'cup'}]""","""[\""spaghetti\"", \""chicken\"", \""coconut milk\"", \""eggplant\"", \""green curry paste\"", \""red bell pepper\"", \""green beans\""]""",7,586.0,62.9,24.7,28.0
fsb_00695,fsb_00695.jpg,Green Curry with Rice,"""[{'name': 'white rice', 'calories': 102.7, 'carbs': 22.3, 'protein': 2.1, 'fat': 0.2, 'quantity': 0.5, 'unit': 'cup'}, {'name': 'green curry', 'calories': 65.7, 'carbs': 3.4, 'protein': 4.9, 'fat': 3.9, 'quantity': 0.2, 'unit': 'cup'}, {'name': 'chicken', 'calories': 56.1, 'carbs': 0.0, 'protein': 6.1, 'fat': 3.3, 'quantity': 0.8999999999999999, 'unit': 'oz'}, {'name': 'eggplant', 'calories': 5.0, 'carbs': 1.2, 'protein': 0.1, 'fat': 0.0, 'quantity': 0.5, 'unit': 'wt. oz'}, {'name': 'coconut milk', 'calories': 59.1, 'carbs': 0.8, 'protein': 0.6, 'fat': 6.4, 'quantity': 2, 'unit': 'tbsp'}]""","""[\""white rice\"", \""green curry\"", \""chicken\"", \""eggplant\"", \""coconut milk\""]""",5,288.6,27.7,13.8,13.8
fsb_00696,fsb_00696.jpg,Green Curry with Rice,"""[{'name': 'white rice', 'calories': 102.7, 'carbs': 22.3, 'protein': 2.1, 'fat': 0.2, 'quantity': 0.5, 'unit': 'cup'}, {'name': 'green curry', 'calories': 197.0, 'carbs': 10.1, 'protein': 14.6, 'fat': 11.8, 'quantity': 0.6, 'unit': 'cup'}, {'name': 'chicken', 'calories': 118.8, 'carbs': 0.0, 'protein': 12.9, 'fat': 7.1, 'quantity': 0.4, 'unit': 'cup'}, {'name': 'coconut milk', 'calories': 178.1, 'carbs': 2.5, 'protein': 1.8, 'fat': 19.3, 'quantity': 0.4, 'unit': 'cup'}, {'name': 'mixed vegetables', 'calories': 45.3, 'carbs': 9.7, 'protein': 2.4, 'fat': 0.5, 'quantity': 1, 'unit': 'cup'}]""","""[\""white rice\"", \""green curry\"", \""chicken\"", \""coconut milk\"", \""mixed vegetables\""]""",5,641.9,44.6,33.8,38.9
fsb_00697,fsb_00697.jpg,Green Salad with Egg,"""[{'name': 'mixed greens', 'calories': 10.0, 'carbs': 2.1, 'protein': 0.6, 'fat': 0.1, 'quantity': 1.5, 'unit': 'cups'}, {'name': 'boiled egg', 'calories': 68.2, 'carbs': 0.5, 'protein': 5.5, 'fat': 4.7, 'quantity': 1, 'unit': 'medium'}, {'name': 'sesame seeds', 'calories': 15.1, 'carbs': 0.7, 'protein': 0.5, 'fat': 1.3, 'quantity': 1, 'unit': 'tsp'}, {'name': 'olive oil', 'calories': 119.3, 'carbs': 0.0, 'protein': 0.0, 'fat': 13.5, 'quantity': 1, 'unit': 'tbsp'}]""","""[\""mixed greens\"", \""boiled egg\"", \""sesame seeds\"", \""olive oil\""]""",4,212.6,3.3,6.6,19.6
fsb_00698,fsb_00698.jpg,Green Smoothie,"""[{'name': 'spinach', 'calories': 8.3, 'carbs': 1.4, 'protein': 1.1, 'fat': 0.1, 'quantity': 0.2, 'unit': 'cup'}, {'name': 'banana', 'calories': 105.0, 'carbs': 27.0, 'protein': 1.3, 'fat': 0.4, 'quantity': 1, 'unit': 'medium (7\"" to 7-7/8\"" long)'}, {'name': 'almond milk', 'calories': 28.0, 'carbs': 4.0, 'protein': 0.5, 'fat': 1.2, 'quantity': 0.5, 'unit': 'cup'}, {'name': 'greek yogurt', 'calories': 53.5, 'carbs': 3.3, 'protein': 9.2, 'fat': 0.4, 'quantity': 0.4, 'unit': 'cup'}, {'name': 'honey', 'calories': 63.8, 'carbs': 17.3, 'protein': 0.1, 'fat': 0.0, 'quantity': 1, 'unit': 'tbsp'}]""","""[\""spinach\"", \""banana\"", \""almond milk\"", \""greek yogurt\"", \""honey\""]""",5,258.6,53.0,12.2,2.1
fsb_00699,fsb_00699.jpg,Green Mango Smoothie,"""[{'name': 'spinach', 'calories': 41.4, 'carbs': 6.8, 'protein': 5.3, 'fat': 0.5, 'quantity': 1, 'unit': 'cup'}, {'name': 'banana', 'calories': 105.0, 'carbs': 27.0, 'protein': 1.3, 'fat': 0.4, 'quantity': 1, 'unit': 'medium (7\"" to 7-7/8\"" long)'}, {'name': 'almond milk', 'calories': 28.0, 'carbs': 4.0, 'protein': 0.5, 'fat': 1.2, 'quantity': 0.5, 'unit': 'cup'}, {'name': 'mango', 'calories': 201.6, 'carbs': 50.3, 'protein': 2.8, 'fat': 1.3, 'quantity': 1, 'unit': 'fruit without refuse'}, {'name': 'chia seed', 'calories': 58.3, 'carbs': 5.1, 'protein': 2.0, 'fat': 3.7, 'quantity': 1, 'unit': 'tbsp'}, {'name': 'orange', 'calories': 68.6, 'carbs': 17.6, 'protein': 1.3, 'fat': 0.2, 'quantity': 1, 'unit': 'fruit (2-7/8\"" dia)'}, {'name': 'non fat vanilla yogurt', 'calories': 191.1, 'carbs': 41.7, 'protein': 7.2, 'fat': 0.0, 'quantity': 1, 'unit': 'cup (8 fl oz)'}]""","""[\""spinach\"", \""banana\"", \""almond milk\"", \""mango\"", \""chia seed\"", \""orange\"", \""non fat vanilla yogurt\""]""",7,694.0,152.5,20.4,7.3
fsb_00700,fsb_00700.jpg,Green Vegetable Soup,"""[{'name': 'spinach', 'calories': 41.4, 'carbs': 6.8, 'protein': 5.3, 'fat': 0.5, 'quantity': 1, 'unit': 'cup'}, {'name': 'broccoli', 'calories': 27.3, 'carbs': 5.6, 'protein': 1.9, 'fat': 0.3, 'quantity': 0.5, 'unit': 'cup, chopped'}, {'name': 'vegetable broth', 'calories': 13.2, 'carbs': 2.2, 'protein': 0.5, 'fat': 0.2, 'quantity': 1, 'unit': 'cup'}, {'name': 'olive oil', 'calories': 119.3, 'carbs': 0.0, 'protein': 0.0, 'fat': 13.5, 'quantity': 1, 'unit': 'tbsp'}, {'name': 'lettuce', 'calories': 4.8, 'carbs': 0.9, 'protein': 0.3, 'fat': 0.1, 'quantity': 1, 'unit': 'wt. oz'}, {'name': 'cherry tomatoes', 'calories': 15.3, 'carbs': 3.3, 'protein': 0.7, 'fat': 0.2, 'quantity': 5, 'unit': 'cherry'}, {'name': 'quinoa', 'calories': 55.5, 'carbs': 9.9, 'protein': 2.0, 'fat': 0.9, 'quantity': 0.25, 'unit': 'cup'}, {'name': 'chickpeas', 'calories': 80.7, 'carbs': 13.5, 'protein': 4.4, 'fat': 1.3, 'quantity': 0.3, 'unit': 'cup'}, {'name': 'red kidney beans', 'calories': 45.0, 'carbs': 8.1, 'protein': 3.1, 'fat': 0.2, 'quantity': 0.2, 'unit': 'cup'}, {'name': 'corn', 'calories': 28.6, 'carbs': 6.3, 'protein': 1.0, 'fat': 0.4, 'quantity': 0.2, 'unit': 'cup cut'}, {'name': 'onion', 'calories': 7.0, 'carbs': 1.6, 'protein': 0.2, 'fat': 0.0, 'quantity': 2, 'unit': 'slice, thin'}, {'name': 'ranch dressing', 'calories': 129.0, 'carbs': 1.8, 'protein': 0.4, 'fat': 13.4, 'quantity': 2, 'unit': 'tablespoons'}]""","""[\""spinach\"", \""broccoli\"", \""vegetable broth\"", \""olive oil\"", \""lettuce\"", \""cherry tomatoes\"", \""quinoa\"", \""chickpeas\"", \""red kidney beans\"", \""corn\"", \""onion\"", \""ranch dressing\""]""",12,567.1,60.0,19.8,31.0
fsb_00701,fsb_00701.jpg,Grilled Beef Wrap,"""[{'name': 'beef', 'calories': 132.1, 'carbs': 0.0, 'protein': 13.3, 'fat': 8.5, 'quantity': 1.7999999999999998, 'unit': 'oz'}, {'name': 'tortilla', 'calories': 143.3, 'carbs': 24.5, 'protein': 3.8, 'fat': 3.1, 'quantity': 0.9, 'unit': 'tortilla (approx 7-8\"" dia)'}, {'name': 'bell pepper', 'calories': 11.2, 'carbs': 2.7, 'protein': 0.4, 'fat': 0.1, 'quantity': 0.3, 'unit': 'cup, strips'}, {'name': 'cheese', 'calories': 57.3, 'carbs': 0.4, 'protein': 3.2, 'fat': 4.7, 'quantity': 0.5, 'unit': 'oz'}, {'name': 'tomato', 'calories': 6.5, 'carbs': 1.4, 'protein': 0.3, 'fat': 0.1, 'quantity': 0.2, 'unit': 'cup, chopped or sliced'}]""","""[\""beef\"", \""tortilla\"", \""bell pepper\"", \""cheese\"", \""tomato\""]""",5,350.4,29.0,21.0,16.5
fsb_00702,fsb_00702.jpg,Grilled Cheese Sandwich with Bacon,"""[{'name': 'whole grain bread', 'calories': 161.3, 'carbs': 27.3, 'protein': 8.0, 'fat': 2.2, 'quantity': 2, 'unit': 'slice'}, {'name': 'cheddar cheese', 'calories': 137.4, 'carbs': 1.1, 'protein': 7.8, 'fat': 11.3, 'quantity': 2, 'unit': 'cubic inch'}, {'name': 'bacon', 'calories': 80.7, 'carbs': 0.3, 'protein': 5.9, 'fat': 6.1, 'quantity': 1.5, 'unit': 'slices'}, {'name': 'butter', 'calories': 101.8, 'carbs': 0.0, 'protein': 0.1, 'fat': 11.5, 'quantity': 1, 'unit': 'tbsp'}]""","""[\""whole grain bread\"", \""cheddar cheese\"", \""bacon\"", \""butter\""]""",4,481.2,28.7,21.8,31.1
fsb_00703,fsb_00703.jpg,Cheese Fries Sandwich,"""[{'name': 'bread', 'calories': 159.6, 'carbs': 29.7, 'protein': 5.3, 'fat': 2.0, 'quantity': 2, 'unit': 'slice, large'}, {'name': 'cheese', 'calories': 226.2, 'carbs': 1.7, 'protein': 12.8, 'fat': 18.7, 'quantity': 2, 'unit': 'slice (1 oz)'}, {'name': 'butter', 'calories': 101.8, 'carbs': 0.0, 'protein': 0.1, 'fat': 11.5, 'quantity': 1, 'unit': 'tbsp'}, {'name': 'lettuce', 'calories': 1.0, 'carbs': 0.2, 'protein': 0.1, 'fat': 0.0, 'quantity': 1, 'unit': 'leaf inner'}, {'name': 'french fries', 'calories': 355.7, 'carbs': 47.2, 'protein': 3.9, 'fat': 16.8, 'quantity': 2, 'unit': 'cup'}, {'name': 'hot sauce', 'calories': 1.0, 'carbs': 0.2, 'protein': 0.0, 'fat': 0.0, 'quantity': 1, 'unit': 'tsp'}]""","""[\""bread\"", \""cheese\"", \""butter\"", \""lettuce\"", \""french fries\"", \""hot sauce\""]""",6,845.3,79.0,22.2,49.0
fsb_00704,fsb_00704.jpg,Grilled Cheese Sandwich with Pickles and Goldfish Crackers,"""[{'name': 'grilled cheese sandwich', 'calories': 182.9, 'carbs': 14.2, 'protein': 5.9, 'fat': 11.4, 'quantity': 0.5, 'unit': 'sandwich'}, {'name': 'pickles', 'calories': 12.6, 'carbs': 2.5, 'protein': 0.5, 'fat': 0.3, 'quantity': 3, 'unit': 'spear'}, {'name': 'goldfish crackers', 'calories': 145.3, 'carbs': 21.1, 'protein': 3.7, 'fat': 5.1, 'quantity': 0.6, 'unit': 'cup'}]""","""[\""grilled cheese sandwich\"", \""pickles\"", \""goldfish crackers\""]""",3,340.8,37.8,10.1,16.8
fsb_00705,fsb_00705.jpg,Grilled Cheese Sandwich with Smoothie,"""[{'name': 'bread', 'calories': 77.1, 'carbs': 14.3, 'protein': 2.6, 'fat': 1.0, 'quantity': 1, 'unit': 'slice'}, {'name': 'cheese', 'calories': 113.1, 'carbs': 0.9, 'protein': 6.4, 'fat': 9.3, 'quantity': 1, 'unit': 'slice (1 oz)'}, {'name': 'butter', 'calories': 101.8, 'carbs': 0.0, 'protein': 0.1, 'fat': 11.5, 'quantity': 1, 'unit': 'tbsp'}, {'name': 'strawberry smoothie', 'calories': 145.7, 'carbs': 27.3, 'protein': 5.1, 'fat': 1.1, 'quantity': 0.8, 'unit': 'cup'}]""","""[\""bread\"", \""cheese\"", \""butter\"", \""strawberry smoothie\""]""",4,437.7,42.5,14.2,22.9
fsb_00706,fsb_00706.jpg,Grilled Cheese Sandwich with Tomato Soup,"""[{'name': 'bread', 'calories': 159.6, 'carbs': 29.7, 'protein': 5.3, 'fat': 2.0, 'quantity': 2, 'unit': 'slice, large'}, {'name': 'cheddar cheese', 'calories': 137.4, 'carbs': 1.1, 'protein': 7.8, 'fat': 11.3, 'quantity': 2, 'unit': 'cubic inch'}, {'name': 'butter', 'calories': 101.8, 'carbs': 0.0, 'protein': 0.1, 'fat': 11.5, 'quantity': 1, 'unit': 'tbsp'}, {'name': 'tomato soup', 'calories': 84.8, 'carbs': 18.2, 'protein': 1.7, 'fat': 0.5, 'quantity': 1, 'unit': 'cup'}]""","""[\""bread\"", \""cheddar cheese\"", \""butter\"", \""tomato soup\""]""",4,483.6,49.0,14.9,25.3
fsb_00707,fsb_00707.jpg,Grilled Cheese Sandwich,"""[{'name': 'bread', 'calories': 159.6, 'carbs': 29.7, 'protein': 5.3, 'fat': 2.0, 'quantity': 2, 'unit': 'slice, large'}, {'name': 'cheese', 'calories': 113.1, 'carbs': 0.9, 'protein': 6.4, 'fat': 9.3, 'quantity': 1, 'unit': 'slice (1 oz)'}, {'name': 'butter', 'calories': 101.8, 'carbs': 0.0, 'protein': 0.1, 'fat': 11.5, 'quantity': 1, 'unit': 'tbsp'}]""","""[\""bread\"", \""cheese\"", \""butter\""]""",3,374.5,30.6,11.8,22.8
fsb_00708,fsb_00708.jpg,Grilled Cheese Sandwich,"""[{'name': 'white bread', 'calories': 159.6, 'carbs': 29.7, 'protein': 5.3, 'fat': 2.0, 'quantity': 2, 'unit': 'slice, large'}, {'name': 'cheese', 'calories': 113.1, 'carbs': 0.9, 'protein': 6.4, 'fat': 9.3, 'quantity': 1, 'unit': 'slice (1 oz)'}, {'name': 'butter', 'calories': 101.8, 'carbs': 0.0, 'protein': 0.1, 'fat': 11.5, 'quantity': 1, 'unit': 'tbsp'}]""","""[\""white bread\"", \""cheese\"", \""butter\""]""",3,374.5,30.6,11.8,22.8
fsb_00709,fsb_00709.jpg,Grilled Chicken and Fish with Rice and Seaweed,"""[{'name': 'grilled chicken', 'calories': 227.3, 'carbs': 0.0, 'protein': 45.3, 'fat': 5.2, 'quantity': 0.8, 'unit': 'piece'}, {'name': 'fried fish', 'calories': 199.2, 'carbs': 7.0, 'protein': 15.7, 'fat': 11.6, 'quantity': 1, 'unit': 'fillet'}, {'name': 'white rice', 'calories': 205.4, 'carbs': 44.5, 'protein': 4.3, 'fat': 0.4, 'quantity': 1, 'unit': 'cup'}, {'name': 'seaweed salad', 'calories': 42.5, 'carbs': 3.2, 'protein': 1.2, 'fat': 2.9, 'quantity': 0.4, 'unit': 'cup'}]""","""[\""grilled chicken\"", \""fried fish\"", \""white rice\"", \""seaweed salad\""]""",4,674.4,54.7,66.5,20.1
fsb_00710,fsb_00710.jpg,Grilled Chicken Bowl with Rice and Egg,"""[{'name': 'grilled chicken', 'calories': 296.0, 'carbs': 0.0, 'protein': 59.0, 'fat': 6.8, 'quantity': 200, 'unit': 'g'}, {'name': 'fried egg', 'calories': 90.2, 'carbs': 0.4, 'protein': 6.3, 'fat': 6.8, 'quantity': 1, 'unit': 'large'}, {'name': 'white rice', 'calories': 102.7, 'carbs': 22.3, 'protein': 2.1, 'fat': 0.2, 'quantity': 0.5, 'unit': 'cup'}, {'name': 'avocado', 'calories': 48.0, 'carbs': 2.6, 'protein': 0.6, 'fat': 4.4, 'quantity': 0.2, 'unit': 'cup, cubes'}, {'name': 'feta cheese', 'calories': 44.9, 'carbs': 0.7, 'protein': 2.4, 'fat': 3.6, 'quantity': 1, 'unit': 'cubic inch'}]""","""[\""grilled chicken\"", \""fried egg\"", \""white rice\"", \""avocado\"", \""feta cheese\""]""",5,581.8,26.0,70.4,21.8
fsb_00711,fsb_00711.jpg,Caesar Salad With Grilled Chicken,"""[{'name': 'grilled chicken', 'calories': 284.2, 'carbs': 0.0, 'protein': 56.6, 'fat': 6.5, 'quantity': 1, 'unit': 'piece'}, {'name': 'romaine lettuce', 'calories': 16.0, 'carbs': 3.1, 'protein': 1.2, 'fat': 0.3, 'quantity': 2, 'unit': 'cups shredded'}, {'name': 'caesar dressing', 'calories': 159.3, 'carbs': 1.0, 'protein': 0.6, 'fat': 17.0, 'quantity': 2, 'unit': 'tbsp'}, {'name': 'parmesan cheese', 'calories': 42.0, 'carbs': 1.4, 'protein': 2.8, 'fat': 2.8, 'quantity': 2, 'unit': 'tbsp'}]""","""[\""grilled chicken\"", \""romaine lettuce\"", \""caesar dressing\"", \""parmesan cheese\""]""",4,501.5,5.5,61.2,26.6
fsb_00712,fsb_00712.jpg,Grilled Chicken Pieces,"""[{'name': 'chicken breast', 'calories': 165.0, 'carbs': 0.0, 'protein': 31.0, 'fat': 3.6, 'quantity': 100, 'unit': 'g'}, {'name': 'olive oil', 'calories': 119.3, 'carbs': 0.0, 'protein': 0.0, 'fat': 13.5, 'quantity': 1, 'unit': 'tbsp'}, {'name': 'herbs', 'calories': 1.6, 'carbs': 0.3, 'protein': 0.1, 'fat': 0.0, 'quantity': 1, 'unit': 'tsp'}]""","""[\""chicken breast\"", \""olive oil\"", \""herbs\""]""",3,285.9,0.3,31.1,17.1
fsb_00713,fsb_00713.jpg,Grilled Chicken Salad With Berries,"""[{'name': 'grilled chicken', 'calories': 170.5, 'carbs': 0.0, 'protein': 34.0, 'fat': 3.9, 'quantity': 0.6, 'unit': 'piece'}, {'name': 'romaine lettuce', 'calories': 8.0, 'carbs': 1.5, 'protein': 0.6, 'fat': 0.1, 'quantity': 1, 'unit': 'cups shredded'}, {'name': 'strawberries', 'calories': 17.3, 'carbs': 4.1, 'protein': 0.4, 'fat': 0.2, 'quantity': 3, 'unit': 'large (1-3/8\"" dia)'}, {'name': 'blueberries', 'calories': 21.1, 'carbs': 5.4, 'protein': 0.3, 'fat': 0.1, 'quantity': 0.25, 'unit': 'cup'}, {'name': 'cheddar cheese', 'calories': 91.3, 'carbs': 0.7, 'protein': 5.2, 'fat': 7.5, 'quantity': 0.2, 'unit': 'cup, shredded'}, {'name': 'pecans', 'calories': 82.4, 'carbs': 1.7, 'protein': 1.1, 'fat': 8.6, 'quantity': 8, 'unit': 'nut'}]""","""[\""grilled chicken\"", \""romaine lettuce\"", \""strawberries\"", \""blueberries\"", \""cheddar cheese\"", \""pecans\""]""",6,390.6,13.4,41.6,20.4
fsb_00714,fsb_00714.jpg,Grilled Chicken Salad with Dressing,"""[{'name': 'grilled chicken', 'calories': 296.0, 'carbs': 0.0, 'protein': 59.0, 'fat': 6.8, 'quantity': 200, 'unit': 'g'}, {'name': 'lettuce', 'calories': 4.8, 'carbs': 0.9, 'protein': 0.3, 'fat': 0.1, 'quantity': 1, 'unit': 'wt. oz'}, {'name': 'caesar dressing', 'calories': 159.3, 'carbs': 1.0, 'protein': 0.6, 'fat': 17.0, 'quantity': 2, 'unit': 'tbsp'}, {'name': 'chia seeds', 'calories': 58.3, 'carbs': 5.1, 'protein': 2.0, 'fat': 3.7, 'quantity': 3, 'unit': 'tsp'}, {'name': 'croutons', 'calories': 37.2, 'carbs': 5.1, 'protein': 0.9, 'fat': 1.5, 'quantity': 0.2, 'unit': 'cup'}]""","""[\""grilled chicken\"", \""lettuce\"", \""caesar dressing\"", \""chia seeds\"", \""croutons\""]""",5,555.6,12.1,62.8,29.1
fsb_00715,fsb_00715.jpg,Grilled Chicken Salad with Pizza and Beer,"""[{'name': 'grilled chicken', 'calories': 170.5, 'carbs': 0.0, 'protein': 34.0, 'fat': 3.9, 'quantity': 0.6, 'unit': 'piece'}, {'name': 'mixed greens', 'calories': 20.0, 'carbs': 4.2, 'protein': 1.2, 'fat': 0.2, 'quantity': 3, 'unit': 'cups'}, {'name': 'pecans', 'calories': 226.0, 'carbs': 4.5, 'protein': 3.0, 'fat': 23.5, 'quantity': 0.3, 'unit': 'cup, chopped'}, {'name': 'blue cheese', 'calories': 120.0, 'carbs': 0.8, 'protein': 7.3, 'fat': 9.8, 'quantity': 2, 'unit': 'cubic inch'}, {'name': 'pear', 'calories': 50.7, 'carbs': 13.6, 'protein': 0.3, 'fat': 0.1, 'quantity': 0.5, 'unit': 'medium'}, {'name': 'pizza', 'calories': 284.6, 'carbs': 35.7, 'protein': 12.2, 'fat': 10.4, 'quantity': 1, 'unit': 'slice'}, {'name': 'beer', 'calories': 153.3, 'carbs': 12.7, 'protein': 1.6, 'fat': 0.0, 'quantity': 12, 'unit': 'fl oz'}]""","""[\""grilled chicken\"", \""mixed greens\"", \""pecans\"", \""blue cheese\"", \""pear\"", \""pizza\"", \""beer\""]""",7,1025.1,71.5,59.6,47.9
fsb_00716,fsb_00716.jpg,Grilled Chicken Salad,"""[{'name': 'grilled chicken', 'calories': 170.5, 'carbs': 0.0, 'protein': 34.0, 'fat': 3.9, 'quantity': 0.6, 'unit': 'piece'}, {'name': 'lettuce', 'calories': 4.8, 'carbs': 0.9, 'protein': 0.3, 'fat': 0.1, 'quantity': 1, 'unit': 'wt. oz'}, {'name': 'cheddar cheese', 'calories': 91.3, 'carbs': 0.7, 'protein': 5.2, 'fat': 7.5, 'quantity': 0.2, 'unit': 'cup, shredded'}, {'name': 'tomato', 'calories': 6.5, 'carbs': 1.4, 'protein': 0.3, 'fat': 0.1, 'quantity': 0.2, 'unit': 'cup, chopped or sliced'}]""","""[\""grilled chicken\"", \""lettuce\"", \""cheddar cheese\"", \""tomato\""]""",4,273.1,3.0,39.8,11.6
fsb_00717,fsb_00717.jpg,Grilled Chicken Salad,"""[{'name': 'grilled chicken', 'calories': 170.5, 'carbs': 0.0, 'protein': 34.0, 'fat': 3.9, 'quantity': 0.6, 'unit': 'piece'}, {'name': 'lettuce', 'calories': 4.8, 'carbs': 0.9, 'protein': 0.3, 'fat': 0.1, 'quantity': 1, 'unit': 'wt. oz'}, {'name': 'cheddar cheese', 'calories': 91.3, 'carbs': 0.7, 'protein': 5.2, 'fat': 7.5, 'quantity': 0.2, 'unit': 'cup, shredded'}, {'name': 'tomato', 'calories': 6.5, 'carbs': 1.4, 'protein': 0.3, 'fat': 0.1, 'quantity': 0.2, 'unit': 'cup, chopped or sliced'}]""","""[\""grilled chicken\"", \""lettuce\"", \""cheddar cheese\"", \""tomato\""]""",4,273.1,3.0,39.8,11.6
fsb_00718,fsb_00718.jpg,Grilled Chicken Salad,"""[{'name': 'grilled chicken', 'calories': 284.2, 'carbs': 0.0, 'protein': 56.6, 'fat': 6.5, 'quantity': 1, 'unit': 'piece'}, {'name': 'mixed greens', 'calories': 10.0, 'carbs': 2.1, 'protein': 0.6, 'fat': 0.1, 'quantity': 1.5, 'unit': 'cups'}, {'name': 'cucumber', 'calories': 3.9, 'carbs': 0.9, 'protein': 0.2, 'fat': 0.0, 'quantity': 0.25, 'unit': 'cup slices'}, {'name': 'tomato', 'calories': 6.5, 'carbs': 1.4, 'protein': 0.3, 'fat': 0.1, 'quantity': 0.2, 'unit': 'cup, chopped or sliced'}, {'name': 'red onion', 'calories': 9.2, 'carbs': 2.1, 'protein': 0.3, 'fat': 0.0, 'quantity': 0.1, 'unit': 'cup'}, {'name': 'olives', 'calories': 20.2, 'carbs': 1.1, 'protein': 0.1, 'fat': 1.9, 'quantity': 4, 'unit': 'large'}, {'name': 'avocado', 'calories': 48.0, 'carbs': 2.6, 'protein': 0.6, 'fat': 4.4, 'quantity': 0.2, 'unit': 'cup, cubes'}, {'name': 'oil dressing', 'calories': 141.1, 'carbs': 7.1, 'protein': 0.2, 'fat': 12.4, 'quantity': 4, 'unit': 'tbsp'}]""","""[\""grilled chicken\"", \""mixed greens\"", \""cucumber\"", \""tomato\"", \""red onion\"", \""olives\"", \""avocado\"", \""oil dressing\""]""",8,523.1,17.3,58.9,25.4
fsb_00719,fsb_00719.jpg,Grilled Chicken Sandwich with Side Salad,"""[{'name': 'grilled chicken breast', 'calories': 170.5, 'carbs': 0.0, 'protein': 34.0, 'fat': 3.9, 'quantity': 0.6, 'unit': 'piece'}, {'name': 'bun', 'calories': 122.3, 'carbs': 22.1, 'protein': 4.3, 'fat': 1.7, 'quantity': 1, 'unit': 'roll 1 serving'}, {'name': 'lettuce', 'calories': 1.6, 'carbs': 0.3, 'protein': 0.1, 'fat': 0.0, 'quantity': 0.2, 'unit': 'cups shredded'}, {'name': 'tomato', 'calories': 6.1, 'carbs': 1.3, 'protein': 0.3, 'fat': 0.1, 'quantity': 2, 'unit': 'cherry'}, {'name': 'onion', 'calories': 3.9, 'carbs': 0.9, 'protein': 0.1, 'fat': 0.0, 'quantity': 2, 'unit': 'tsp'}, {'name': 'pickles', 'calories': 3.4, 'carbs': 0.7, 'protein': 0.1, 'fat': 0.1, 'quantity': 4, 'unit': 'slice'}, {'name': 'side salad', 'calories': 51.1, 'carbs': 2.2, 'protein': 1.3, 'fat': 4.3, 'quantity': 0.6, 'unit': 'cup with dressing'}, {'name': 'croutons', 'calories': 46.5, 'carbs': 6.4, 'protein': 1.1, 'fat': 1.8, 'quantity': 10, 'unit': 'g'}, {'name': 'cheddar cheese', 'calories': 91.3, 'carbs': 0.7, 'protein': 5.2, 'fat': 7.5, 'quantity': 0.2, 'unit': 'cup, shredded'}, {'name': 'ranch dressing', 'calories': 129.0, 'carbs': 1.8, 'protein': 0.4, 'fat': 13.4, 'quantity': 2, 'unit': 'tablespoons'}]""","""[\""grilled chicken breast\"", \""bun\"", \""lettuce\"", \""tomato\"", \""onion\"", \""pickles\"", \""side salad\"", \""croutons\"", \""cheddar cheese\"", \""ranch dressing\""]""",10,625.7,36.4,46.9,32.8
fsb_00720,fsb_00720.jpg,Grilled Chicken Sandwich with Sweet Potato Fries,"""[{'name': 'grilled chicken', 'calories': 170.5, 'carbs': 0.0, 'protein': 34.0, 'fat': 3.9, 'quantity': 0.6, 'unit': 'piece'}, {'name': 'flatbread', 'calories': 233.9, 'carbs': 47.4, 'protein': 7.7, 'fat': 1.0, 'quantity': 3, 'unit': 'oz'}, {'name': 'cheese', 'calories': 113.1, 'carbs': 0.9, 'protein': 6.4, 'fat': 9.3, 'quantity': 1, 'unit': 'slice (1 oz)'}, {'name': 'lettuce', 'calories': 1.6, 'carbs': 0.3, 'protein': 0.1, 'fat': 0.0, 'quantity': 0.2, 'unit': 'cups shredded'}, {'name': 'tomato', 'calories': 6.1, 'carbs': 1.3, 'protein': 0.3, 'fat': 0.1, 'quantity': 2, 'unit': 'cherry'}, {'name': 'sweet potato fries', 'calories': 157.6, 'carbs': 13.1, 'protein': 0.9, 'fat': 11.4, 'quantity': 1, 'unit': 'cup'}, {'name': 'pickle', 'calories': 4.2, 'carbs': 0.8, 'protein': 0.2, 'fat': 0.1, 'quantity': 5, 'unit': 'slice'}, {'name': 'ketchup', 'calories': 34.3, 'carbs': 9.3, 'protein': 0.4, 'fat': 0.0, 'quantity': 2, 'unit': 'tbsp'}]""","""[\""grilled chicken\"", \""flatbread\"", \""cheese\"", \""lettuce\"", \""tomato\"", \""sweet potato fries\"", \""pickle\"", \""ketchup\""]""",8,721.3,73.1,50.0,25.8
fsb_00721,fsb_00721.jpg,Chicken And Bean Salad,"""[{'name': 'grilled chicken breast', 'calories': 284.2, 'carbs': 0.0, 'protein': 56.6, 'fat': 6.5, 'quantity': 1, 'unit': 'piece'}, {'name': 'baked potato', 'calories': 321.8, 'carbs': 73.2, 'protein': 8.7, 'fat': 0.4, 'quantity': 2, 'unit': 'potato medium'}, {'name': 'kidney beans', 'calories': 112.4, 'carbs': 20.2, 'protein': 7.7, 'fat': 0.4, 'quantity': 0.5, 'unit': 'cup'}, {'name': 'mayonnaise', 'calories': 187.7, 'carbs': 0.2, 'protein': 0.3, 'fat': 20.7, 'quantity': 2, 'unit': 'tbsp'}]""","""[\""grilled chicken breast\"", \""baked potato\"", \""kidney beans\"", \""mayonnaise\""]""",4,906.1,93.6,73.3,28.0
fsb_00722,fsb_00722.jpg,Bok Choy Salad With Grapes,"""[{'name': 'bok choy', 'calories': 8.2, 'carbs': 1.2, 'protein': 1.1, 'fat': 0.1, 'quantity': 0.4, 'unit': 'cup'}, {'name': 'green grapes', 'calories': 3.4, 'carbs': 0.9, 'protein': 0.0, 'fat': 0.0, 'quantity': 1, 'unit': 'grapes'}, {'name': 'roasted chicken wing', 'calories': 48.3, 'carbs': 0.0, 'protein': 4.5, 'fat': 3.2, 'quantity': 1, 'unit': 'drummette or wingette'}]""","""[\""bok choy\"", \""green grapes\"", \""roasted chicken wing\""]""",3,59.9,2.1,5.6,3.3
fsb_00723,fsb_00723.jpg,Grilled Chicken with Brown Rice,"""[{'name': 'grilled chicken', 'calories': 142.1, 'carbs': 0.0, 'protein': 28.3, 'fat': 3.3, 'quantity': 0.5, 'unit': 'piece'}, {'name': 'brown rice', 'calories': 109.2, 'carbs': 22.9, 'protein': 2.3, 'fat': 0.8, 'quantity': 0.5, 'unit': 'cup'}, {'name': 'barbecue sauce', 'calories': 29.2, 'carbs': 6.9, 'protein': 0.1, 'fat': 0.1, 'quantity': 1, 'unit': 'tbsp'}]""","""[\""grilled chicken\"", \""brown rice\"", \""barbecue sauce\""]""",3,280.5,29.8,30.7,4.2
fsb_00724,fsb_00724.jpg,Grilled Chicken with Caesar Salad,"""[{'name': 'grilled chicken breast', 'calories': 284.2, 'carbs': 0.0, 'protein': 56.6, 'fat': 6.5, 'quantity': 1, 'unit': 'piece'}, {'name': 'romaine lettuce', 'calories': 8.0, 'carbs': 1.5, 'protein': 0.6, 'fat': 0.1, 'quantity': 1, 'unit': 'cups shredded'}, {'name': 'caesar dressing', 'calories': 159.3, 'carbs': 1.0, 'protein': 0.6, 'fat': 17.0, 'quantity': 2, 'unit': 'tbsp'}, {'name': 'parmesan cheese', 'calories': 21.0, 'carbs': 0.7, 'protein': 1.4, 'fat': 1.4, 'quantity': 1, 'unit': 'tbsp'}, {'name': 'croutons', 'calories': 37.2, 'carbs': 5.1, 'protein': 0.9, 'fat': 1.5, 'quantity': 0.2, 'unit': 'cup'}]""","""[\""grilled chicken breast\"", \""romaine lettuce\"", \""caesar dressing\"", \""parmesan cheese\"", \""croutons\""]""",5,509.7,8.3,60.1,26.5
fsb_00725,fsb_00725.jpg,"Grilled Chicken with Cheese, Green Beans, and Corn","""[{'name': 'grilled chicken', 'calories': 198.9, 'carbs': 0.0, 'protein': 39.6, 'fat': 4.6, 'quantity': 0.7, 'unit': 'piece'}, {'name': 'cheese', 'calories': 91.3, 'carbs': 0.7, 'protein': 5.2, 'fat': 7.5, 'quantity': 0.2, 'unit': 'cup, shredded'}, {'name': 'green beans', 'calories': 21.9, 'carbs': 4.9, 'protein': 1.2, 'fat': 0.2, 'quantity': 0.5, 'unit': 'cup'}, {'name': 'corn', 'calories': 71.5, 'carbs': 15.6, 'protein': 2.5, 'fat': 1.1, 'quantity': 0.5, 'unit': 'cup cut'}]""","""[\""grilled chicken\"", \""cheese\"", \""green beans\"", \""corn\""]""",4,383.6,21.2,48.5,13.4
fsb_00726,fsb_00726.jpg,"Grilled Chicken with Corn, Chickpeas, and Tomatoes","""[{'name': 'grilled chicken', 'calories': 198.9, 'carbs': 0.0, 'protein': 39.6, 'fat': 4.6, 'quantity': 0.7, 'unit': 'piece'}, {'name': 'corn on the cob', 'calories': 71.5, 'carbs': 15.6, 'protein': 2.5, 'fat': 1.1, 'quantity': 0.5, 'unit': 'cup'}, {'name': 'chickpeas', 'calories': 80.7, 'carbs': 13.5, 'protein': 4.4, 'fat': 1.3, 'quantity': 0.3, 'unit': 'cup'}, {'name': 'cherry tomatoes', 'calories': 8.0, 'carbs': 1.7, 'protein': 0.4, 'fat': 0.1, 'quantity': 0.3, 'unit': 'cup'}]""","""[\""grilled chicken\"", \""corn on the cob\"", \""chickpeas\"", \""cherry tomatoes\""]""",4,359.1,30.8,46.9,7.1
fsb_00727,fsb_00727.jpg,Grilled Chicken with Cottage Cheese and Edamame,"""[{'name': 'grilled chicken', 'calories': 296.0, 'carbs': 0.0, 'protein': 59.0, 'fat': 6.8, 'quantity': 200, 'unit': 'g'}, {'name': 'cottage cheese', 'calories': 106.6, 'carbs': 3.7, 'protein': 12.1, 'fat': 4.7, 'quantity': 0.5, 'unit': 'cup'}, {'name': 'edamame', 'calories': 56.3, 'carbs': 4.1, 'protein': 5.5, 'fat': 2.4, 'quantity': 0.3, 'unit': 'cup'}]""","""[\""grilled chicken\"", \""cottage cheese\"", \""edamame\""]""",3,458.9,7.8,76.6,13.9
fsb_00728,fsb_00728.jpg,Grilled Chicken with Fries,"""[{'name': 'chicken breast', 'calories': 283.8, 'carbs': 0.0, 'protein': 53.4, 'fat': 6.1, 'quantity': 1, 'unit': 'breast, bone and skin removed'}, {'name': 'cream sauce', 'calories': 111.2, 'carbs': 6.4, 'protein': 2.6, 'fat': 8.5, 'quantity': 5, 'unit': 'tbsp'}, {'name': 'french fries', 'calories': 355.7, 'carbs': 47.2, 'protein': 3.9, 'fat': 16.8, 'quantity': 2, 'unit': 'cup'}, {'name': 'carrot', 'calories': 3.4, 'carbs': 0.8, 'protein': 0.1, 'fat': 0.0, 'quantity': 1, 'unit': 'tbsp'}]""","""[\""chicken breast\"", \""cream sauce\"", \""french fries\"", \""carrot\""]""",4,754.1,54.4,60.0,31.4
fsb_00729,fsb_00729.jpg,Kimchi Chicken Bowl,"""[{'name': 'grilled chicken', 'calories': 255.7, 'carbs': 0.0, 'protein': 51.0, 'fat': 5.9, 'quantity': 0.9, 'unit': 'piece'}, {'name': 'kimchi', 'calories': 15.7, 'carbs': 2.5, 'protein': 1.2, 'fat': 0.5, 'quantity': 0.7, 'unit': 'cup'}, {'name': 'brown rice', 'calories': 218.4, 'carbs': 45.8, 'protein': 4.5, 'fat': 1.6, 'quantity': 1, 'unit': 'cup'}]""","""[\""grilled chicken\"", \""kimchi\"", \""brown rice\""]""",3,489.8,48.3,56.7,8.0
fsb_00730,fsb_00730.jpg,Grilled Chicken with Macaroni and Salad,"""[{'name': 'grilled chicken leg', 'calories': 244.7, 'carbs': 0.0, 'protein': 32.0, 'fat': 12.0, 'quantity': 1, 'unit': 'thigh with skin'}, {'name': 'macaroni and cheese', 'calories': 150.5, 'carbs': 19.0, 'protein': 3.9, 'fat': 6.6, 'quantity': 0.4, 'unit': 'cup'}, {'name': 'mixed salad', 'calories': 20.0, 'carbs': 4.2, 'protein': 1.2, 'fat': 0.2, 'quantity': 1, 'unit': 'serving'}]""","""[\""grilled chicken leg\"", \""macaroni and cheese\"", \""mixed salad\""]""",3,415.2,23.2,37.1,18.8
fsb_00731,fsb_00731.jpg,Chicken And Mushroom Stir-Fry,"""[{'name': 'boneless skinless chicken breast', 'calories': 198.0, 'carbs': 0.0, 'protein': 37.2, 'fat': 4.3, 'quantity': 1, 'unit': 'breast'}, {'name': 'mushrooms', 'calories': 4.4, 'carbs': 0.8, 'protein': 0.3, 'fat': 0.1, 'quantity': 0.1, 'unit': 'cup'}, {'name': 'olive oil', 'calories': 39.8, 'carbs': 0.0, 'protein': 0.0, 'fat': 4.5, 'quantity': 1, 'unit': 'tsp'}]""","""[\""boneless skinless chicken breast\"", \""mushrooms\"", \""olive oil\""]""",3,242.2,0.8,37.5,8.9
fsb_00732,fsb_00732.jpg,Grilled Chicken with Rice and Greens,"""[{'name': 'grilled chicken', 'calories': 227.3, 'carbs': 0.0, 'protein': 45.3, 'fat': 5.2, 'quantity': 0.8, 'unit': 'piece'}, {'name': 'brown rice', 'calories': 109.2, 'carbs': 22.9, 'protein': 2.3, 'fat': 0.8, 'quantity': 0.5, 'unit': 'cup'}, {'name': 'collard greens', 'calories': 31.4, 'carbs': 5.4, 'protein': 2.6, 'fat': 0.7, 'quantity': 0.5, 'unit': 'cup'}, {'name': 'mushrooms', 'calories': 4.4, 'carbs': 0.8, 'protein': 0.3, 'fat': 0.1, 'quantity': 0.1, 'unit': 'cup'}, {'name': 'olive oil', 'calories': 39.8, 'carbs': 0.0, 'protein': 0.0, 'fat': 4.5, 'quantity': 1, 'unit': 'tsp'}]""","""[\""grilled chicken\"", \""brown rice\"", \""collard greens\"", \""mushrooms\"", \""olive oil\""]""",5,412.1,29.1,50.5,11.3
fsb_00733,fsb_00733.jpg,Grilled Chicken with Rice and Kimchi,"""[{'name': 'grilled chicken thigh', 'calories': 215.7, 'carbs': 0.1, 'protein': 23.7, 'fat': 13.9, 'quantity': 0.9, 'unit': 'thigh without skin'}, {'name': 'brown rice', 'calories': 109.2, 'carbs': 22.9, 'protein': 2.3, 'fat': 0.8, 'quantity': 0.5, 'unit': 'cup'}, {'name': 'kimchi', 'calories': 15.7, 'carbs': 2.5, 'protein': 1.2, 'fat': 0.5, 'quantity': 0.7, 'unit': 'cup'}]""","""[\""grilled chicken thigh\"", \""brown rice\"", \""kimchi\""]""",3,340.6,25.5,27.2,15.2
fsb_00734,fsb_00734.jpg,Grilled Chicken with Salad and Toast,"""[{'name': 'grilled chicken', 'calories': 568.3, 'carbs': 0.0, 'protein': 113.3, 'fat': 13.0, 'quantity': 2, 'unit': 'piece'}, {'name': 'lettuce', 'calories': 4.8, 'carbs': 0.9, 'protein': 0.3, 'fat': 0.1, 'quantity': 0.6, 'unit': 'cups shredded'}, {'name': 'cucumber', 'calories': 3.9, 'carbs': 0.9, 'protein': 0.2, 'fat': 0.0, 'quantity': 0.25, 'unit': 'cup slices'}, {'name': 'red onion', 'calories': 9.2, 'carbs': 2.1, 'protein': 0.3, 'fat': 0.0, 'quantity': 0.1, 'unit': 'cup'}, {'name': 'italian dressing', 'calories': 70.6, 'carbs': 3.6, 'protein': 0.1, 'fat': 6.2, 'quantity': 2, 'unit': 'tbsp'}, {'name': 'white bread', 'calories': 159.6, 'carbs': 29.7, 'protein': 5.3, 'fat': 2.0, 'quantity': 2, 'unit': 'slice, large'}]""","""[\""grilled chicken\"", \""lettuce\"", \""cucumber\"", \""red onion\"", \""italian dressing\"", \""white bread\""]""",6,816.4,37.2,119.5,21.3
fsb_00735,fsb_00735.jpg,Grilled Chicken with Salad,"""[{'name': 'grilled chicken', 'calories': 284.2, 'carbs': 0.0, 'protein': 56.6, 'fat': 6.5, 'quantity': 1, 'unit': 'piece'}, {'name': 'lettuce', 'calories': 4.8, 'carbs': 0.9, 'protein': 0.3, 'fat': 0.1, 'quantity': 1, 'unit': 'wt. oz'}, {'name': 'tomato', 'calories': 16.2, 'carbs': 3.5, 'protein': 0.8, 'fat': 0.2, 'quantity': 0.5, 'unit': 'cup, chopped or sliced'}, {'name': 'avocado', 'calories': 48.0, 'carbs': 2.6, 'protein': 0.6, 'fat': 4.4, 'quantity': 0.2, 'unit': 'cup, cubes'}, {'name': 'onion', 'calories': 9.2, 'carbs': 2.1, 'protein': 0.3, 'fat': 0.0, 'quantity': 0.1, 'unit': 'cup'}, {'name': 'ranch dressing', 'calories': 129.0, 'carbs': 1.8, 'protein': 0.4, 'fat': 13.4, 'quantity': 2, 'unit': 'tablespoons'}]""","""[\""grilled chicken\"", \""lettuce\"", \""tomato\"", \""avocado\"", \""onion\"", \""ranch dressing\""]""",6,491.4,10.9,59.0,24.6
fsb_00736,fsb_00736.jpg,Grilled Chicken with Sautéed Spinach,"""[{'name': 'chicken breast', 'calories': 165.0, 'carbs': 0.0, 'protein': 31.0, 'fat': 3.6, 'quantity': 100, 'unit': 'g'}, {'name': 'spinach', 'calories': 41.4, 'carbs': 6.8, 'protein': 5.3, 'fat': 0.5, 'quantity': 1, 'unit': 'cup'}, {'name': 'olive oil', 'calories': 39.8, 'carbs': 0.0, 'protein': 0.0, 'fat': 4.5, 'quantity': 1, 'unit': 'tsp'}]""","""[\""chicken breast\"", \""spinach\"", \""olive oil\""]""",3,246.2,6.8,36.3,8.6
fsb_00737,fsb_00737.jpg,Grilled Chicken With Smashed Potatoes And Berries,"""[{'name': 'grilled chicken breast', 'calories': 170.5, 'carbs': 0.0, 'protein': 34.0, 'fat': 3.9, 'quantity': 0.6, 'unit': 'piece'}, {'name': 'smashed potatoes', 'calories': 151.8, 'carbs': 28.0, 'protein': 3.3, 'fat': 3.4, 'quantity': 0.8, 'unit': 'cup'}, {'name': 'sour cream', 'calories': 71.3, 'carbs': 1.7, 'protein': 0.9, 'fat': 7.0, 'quantity': 3, 'unit': 'tbsp'}, {'name': 'olive oil', 'calories': 119.3, 'carbs': 0.0, 'protein': 0.0, 'fat': 13.5, 'quantity': 1, 'unit': 'tablespoon'}, {'name': 'mixed berries', 'calories': 32.4, 'carbs': 7.7, 'protein': 0.7, 'fat': 0.3, 'quantity': 0.5, 'unit': 'cup'}]""","""[\""grilled chicken breast\"", \""smashed potatoes\"", \""sour cream\"", \""olive oil\"", \""mixed berries\""]""",5,545.3,37.4,38.9,28.1
fsb_00738,fsb_00738.jpg,Grilled Chicken with Vegetables and Potatoes,"""[{'name': 'grilled chicken breast', 'calories': 170.5, 'carbs': 0.0, 'protein': 34.0, 'fat': 3.9, 'quantity': 0.6, 'unit': 'piece'}, {'name': 'baby potatoes', 'calories': 116.2, 'carbs': 26.4, 'protein': 3.1, 'fat': 0.2, 'quantity': 5, 'unit': 'baby potato'}, {'name': 'broccoli', 'calories': 14.7, 'carbs': 3.0, 'protein': 1.0, 'fat': 0.2, 'quantity': 0.3, 'unit': 'stalk, small (5\"" long)'}, {'name': 'cherry tomatoes', 'calories': 9.2, 'carbs': 2.0, 'protein': 0.4, 'fat': 0.1, 'quantity': 3, 'unit': 'cherry'}, {'name': 'lettuce', 'calories': 4.8, 'carbs': 0.9, 'protein': 0.3, 'fat': 0.1, 'quantity': 0.6, 'unit': 'cups shredded'}, {'name': 'red bell pepper', 'calories': 10.4, 'carbs': 2.5, 'protein': 0.3, 'fat': 0.1, 'quantity': 0.2, 'unit': 'cup'}, {'name': 'yellow bell pepper', 'calories': 8.0, 'carbs': 1.9, 'protein': 0.3, 'fat': 0.1, 'quantity': 0.2, 'unit': 'cup, chopped'}, {'name': 'olive oil', 'calories': 39.8, 'carbs': 0.0, 'protein': 0.0, 'fat': 4.5, 'quantity': 1, 'unit': 'tsp'}]""","""[\""grilled chicken breast\"", \""baby potatoes\"", \""broccoli\"", \""cherry tomatoes\"", \""lettuce\"", \""red bell pepper\"", \""yellow bell pepper\"", \""olive oil\""]""",8,373.6,36.7,39.4,9.2
fsb_00739,fsb_00739.jpg,Grilled Chicken with Vegetables and Salad,"""[{'name': 'grilled chicken breast', 'calories': 170.5, 'carbs': 0.0, 'protein': 34.0, 'fat': 3.9, 'quantity': 0.6, 'unit': 'piece'}, {'name': 'mixed vegetables', 'calories': 45.3, 'carbs': 9.7, 'protein': 2.4, 'fat': 0.5, 'quantity': 1, 'unit': 'cup'}, {'name': 'cheese sauce', 'calories': 54.8, 'carbs': 2.2, 'protein': 2.1, 'fat': 4.2, 'quantity': 2, 'unit': 'tbsp'}, {'name': 'lettuce', 'calories': 4.8, 'carbs': 0.9, 'protein': 0.3, 'fat': 0.1, 'quantity': 1, 'unit': 'wt. oz'}, {'name': 'salad dressing', 'calories': 116.1, 'carbs': 1.6, 'protein': 0.4, 'fat': 12.0, 'quantity': 1.8, 'unit': 'tablespoons'}]""","""[\""grilled chicken breast\"", \""mixed vegetables\"", \""cheese sauce\"", \""lettuce\"", \""salad dressing\""]""",5,391.5,14.4,39.2,20.7
fsb_00740,fsb_00740.jpg,Grilled Chicken Salad,"""[{'name': 'grilled chicken', 'calories': 284.2, 'carbs': 0.0, 'protein': 56.6, 'fat': 6.5, 'quantity': 1, 'unit': 'piece'}, {'name': 'mixed vegetables', 'calories': 45.3, 'carbs': 9.7, 'protein': 2.4, 'fat': 0.5, 'quantity': 1, 'unit': 'cup'}, {'name': 'salad greens', 'calories': 9.1, 'carbs': 1.7, 'protein': 0.7, 'fat': 0.1, 'quantity': 1, 'unit': 'cup'}, {'name': 'shredded cheddar cheese', 'calories': 456.5, 'carbs': 3.5, 'protein': 25.8, 'fat': 37.6, 'quantity': 1, 'unit': 'cup'}]""","""[\""grilled chicken\"", \""mixed vegetables\"", \""salad greens\"", \""shredded cheddar cheese\""]""",4,795.1,14.9,85.5,44.7
fsb_00741,fsb_00741.jpg,Grilled Chicken with Vegetables,"""[{'name': 'grilled chicken', 'calories': 142.1, 'carbs': 0.0, 'protein': 28.3, 'fat': 3.3, 'quantity': 0.5, 'unit': 'piece'}, {'name': 'red bell pepper', 'calories': 10.4, 'carbs': 2.5, 'protein': 0.3, 'fat': 0.1, 'quantity': 0.2, 'unit': 'cup'}, {'name': 'onion', 'calories': 9.2, 'carbs': 2.1, 'protein': 0.3, 'fat': 0.0, 'quantity': 0.1, 'unit': 'cup'}, {'name': 'broccoli', 'calories': 9.8, 'carbs': 2.0, 'protein': 0.7, 'fat': 0.1, 'quantity': 0.2, 'unit': 'stalk, small (5\"" long)'}, {'name': 'cauliflower', 'calories': 7.1, 'carbs': 1.3, 'protein': 0.6, 'fat': 0.1, 'quantity': 0.25, 'unit': 'cup (1\"" pieces)'}, {'name': 'carrot', 'calories': 10.9, 'carbs': 2.6, 'protein': 0.2, 'fat': 0.1, 'quantity': 0.2, 'unit': 'cup'}]""","""[\""grilled chicken\"", \""red bell pepper\"", \""onion\"", \""broccoli\"", \""cauliflower\"", \""carrot\""]""",6,189.5,10.5,30.4,3.7
fsb_00742,fsb_00742.jpg,Grilled Chicken with Zucchini,"""[{'name': 'chicken breast', 'calories': 138.6, 'carbs': 0.0, 'protein': 26.1, 'fat': 3.0, 'quantity': 0.7, 'unit': 'breast'}, {'name': 'zucchini', 'calories': 18.9, 'carbs': 3.4, 'protein': 1.4, 'fat': 0.5, 'quantity': 0.7, 'unit': 'cup, sliced'}, {'name': 'olive oil', 'calories': 39.8, 'carbs': 0.0, 'protein': 0.0, 'fat': 4.5, 'quantity': 1, 'unit': 'tsp'}]""","""[\""chicken breast\"", \""zucchini\"", \""olive oil\""]""",3,197.3,3.4,27.5,8.0
fsb_00743,fsb_00743.jpg,Veggie Wrap,"""[{'name': 'red cabbage', 'calories': 4.4, 'carbs': 1.0, 'protein': 0.2, 'fat': 0.0, 'quantity': 0.1, 'unit': 'cup, shredded'}, {'name': 'green onions', 'calories': 3.8, 'carbs': 0.9, 'protein': 0.2, 'fat': 0.0, 'quantity': 2, 'unit': 'tbsp chopped'}, {'name': 'sauce', 'calories': 49.5, 'carbs': 7.4, 'protein': 1.4, 'fat': 1.6, 'quantity': 6, 'unit': 'tbsp'}, {'name': 'tortilla', 'calories': 104.0, 'carbs': 17.8, 'protein': 2.8, 'fat': 2.3, 'quantity': 1, 'unit': 'tortilla, medium (approx 6\"" dia)'}]""","""[\""red cabbage\"", \""green onions\"", \""sauce\"", \""tortilla\""]""",4,161.7,27.1,4.6,3.9
fsb_00744,fsb_00744.jpg,Herbed Corn Salad,"""[{'name': 'corn', 'calories': 100.1, 'carbs': 21.9, 'protein': 3.6, 'fat': 1.6, 'quantity': 0.7, 'unit': 'cup cut'}, {'name': 'herbs', 'calories': 17.6, 'carbs': 3.2, 'protein': 1.3, 'fat': 0.4, 'quantity': 10, 'unit': 'g'}, {'name': 'olive oil', 'calories': 39.8, 'carbs': 0.0, 'protein': 0.0, 'fat': 4.5, 'quantity': 1, 'unit': 'tsp'}]""","""[\""corn\"", \""herbs\"", \""olive oil\""]""",3,157.5,25.1,4.9,6.5
fsb_00745,fsb_00745.jpg,Mushroom And Jalapeno Pizza,"""[{'name': 'mushrooms', 'calories': 22.0, 'carbs': 4.1, 'protein': 1.7, 'fat': 0.4, 'quantity': 0.5, 'unit': 'cup'}, {'name': 'black olives', 'calories': 50.6, 'carbs': 2.8, 'protein': 0.4, 'fat': 4.7, 'quantity': 10, 'unit': 'large'}, {'name': 'pickled jalapenos', 'calories': 5.4, 'carbs': 0.9, 'protein': 0.2, 'fat': 0.2, 'quantity': 20, 'unit': 'g'}]""","""[\""mushrooms\"", \""black olives\"", \""pickled jalapenos\""]""",3,78.0,7.8,2.3,5.3
fsb_00746,fsb_00746.jpg,Vegetable Rice And Beans,"""[{'name': 'white rice', 'calories': 102.7, 'carbs': 22.3, 'protein': 2.1, 'fat': 0.2, 'quantity': 0.5, 'unit': 'cup'}, {'name': 'pinto beans', 'calories': 122.3, 'carbs': 22.4, 'protein': 7.7, 'fat': 0.6, 'quantity': 0.5, 'unit': 'cup'}, {'name': 'mixed vegetables', 'calories': 18.1, 'carbs': 3.9, 'protein': 1.0, 'fat': 0.2, 'quantity': 0.4, 'unit': 'cup'}, {'name': 'lime', 'calories': 2.0, 'carbs': 0.7, 'protein': 0.0, 'fat': 0.0, 'quantity': 0.1, 'unit': 'lime'}]""","""[\""white rice\"", \""pinto beans\"", \""mixed vegetables\"", \""lime\""]""",4,245.1,49.3,10.8,1.0
fsb_00747,fsb_00747.jpg,Vegetable Stir-Fry,"""[{'name': 'mushrooms', 'calories': 13.2, 'carbs': 2.5, 'protein': 1.0, 'fat': 0.2, 'quantity': 0.3, 'unit': 'cup'}, {'name': 'red bell pepper', 'calories': 10.4, 'carbs': 2.5, 'protein': 0.3, 'fat': 0.1, 'quantity': 0.2, 'unit': 'cup'}, {'name': 'broccoli', 'calories': 14.7, 'carbs': 3.0, 'protein': 1.0, 'fat': 0.2, 'quantity': 0.3, 'unit': 'stalk, small (5\"" long)'}, {'name': 'carrots', 'calories': 27.2, 'carbs': 6.4, 'protein': 0.6, 'fat': 0.1, 'quantity': 0.5, 'unit': 'cup'}]""","""[\""mushrooms\"", \""red bell pepper\"", \""broccoli\"", \""carrots\""]""",4,65.5,14.4,2.9,0.6
fsb_00748,fsb_00748.jpg,Grilled Halloumi with Quinoa and Vegetables,"""[{'name': 'halloumi cheese', 'calories': 170.1, 'carbs': 1.2, 'protein': 12.6, 'fat': 12.7, 'quantity': 2, 'unit': 'oz'}, {'name': 'quinoa', 'calories': 111.0, 'carbs': 19.7, 'protein': 4.1, 'fat': 1.8, 'quantity': 0.5, 'unit': 'cup'}, {'name': 'roasted butternut squash', 'calories': 47.5, 'carbs': 6.2, 'protein': 0.6, 'fat': 2.8, 'quantity': 0.3, 'unit': 'cup'}, {'name': 'kale', 'calories': 32.8, 'carbs': 6.6, 'protein': 2.2, 'fat': 0.5, 'quantity': 0.9, 'unit': 'cup'}, {'name': 'olive oil', 'calories': 119.3, 'carbs': 0.0, 'protein': 0.0, 'fat': 13.5, 'quantity': 1, 'unit': 'tablespoon'}, {'name': 'tahini sauce', 'calories': 88.8, 'carbs': 3.2, 'protein': 2.6, 'fat': 8.0, 'quantity': 1, 'unit': 'tbsp'}]""","""[\""halloumi cheese\"", \""quinoa\"", \""roasted butternut squash\"", \""kale\"", \""olive oil\"", \""tahini sauce\""]""",6,569.5,36.9,22.1,39.3
fsb_00749,fsb_00749.jpg,Grilled Ham and Cheese Sandwich,"""[{'name': 'bread', 'calories': 159.6, 'carbs': 29.7, 'protein': 5.3, 'fat': 2.0, 'quantity': 2, 'unit': 'slice, large'}, {'name': 'ham', 'calories': 58.4, 'carbs': 0.4, 'protein': 9.3, 'fat': 2.1, 'quantity': 2, 'unit': 'thin slice'}, {'name': 'cheese', 'calories': 68.7, 'carbs': 0.5, 'protein': 3.9, 'fat': 5.7, 'quantity': 1, 'unit': 'cubic inch'}, {'name': 'butter', 'calories': 101.8, 'carbs': 0.0, 'protein': 0.1, 'fat': 11.5, 'quantity': 1, 'unit': 'tbsp'}, {'name': 'pickles', 'calories': 5.0, 'carbs': 1.0, 'protein': 0.2, 'fat': 0.1, 'quantity': 6, 'unit': 'slice'}]""","""[\""bread\"", \""ham\"", \""cheese\"", \""butter\"", \""pickles\""]""",5,393.5,31.6,18.8,21.4
fsb_00750,fsb_00750.jpg,Grilled Meat with Vegetables,"""[{'name': 'meat', 'calories': 451.2, 'carbs': 0.0, 'protein': 55.2, 'fat': 23.8, 'quantity': 200, 'unit': 'g'}, {'name': 'mushrooms', 'calories': 8.8, 'carbs': 1.7, 'protein': 0.7, 'fat': 0.1, 'quantity': 0.2, 'unit': 'cup'}, {'name': 'asparagus', 'calories': 19.8, 'carbs': 3.7, 'protein': 2.2, 'fat': 0.2, 'quantity': 0.5, 'unit': 'cup'}, {'name': 'tomatoes', 'calories': 16.2, 'carbs': 3.5, 'protein': 0.8, 'fat': 0.2, 'quantity': 0.5, 'unit': 'cup, chopped or sliced'}]""","""[\""meat\"", \""mushrooms\"", \""asparagus\"", \""tomatoes\""]""",4,496.0,8.9,58.9,24.3
fsb_00751,fsb_00751.jpg,Grilled Pork Chop with Broccoli Cheese and Cherry Tomatoes,"""[{'name': 'pork chop', 'calories': 295.3, 'carbs': 0.0, 'protein': 36.2, 'fat': 15.6, 'quantity': 0.9, 'unit': 'chop without refuse'}, {'name': 'broccoli with cheese', 'calories': 159.4, 'carbs': 11.3, 'protein': 7.7, 'fat': 10.1, 'quantity': 0.7, 'unit': 'cup'}, {'name': 'cherry tomatoes', 'calories': 18.4, 'carbs': 4.0, 'protein': 0.9, 'fat': 0.2, 'quantity': 6, 'unit': 'cherry'}]""","""[\""pork chop\"", \""broccoli with cheese\"", \""cherry tomatoes\""]""",3,473.1,15.3,44.8,25.9
fsb_00752,fsb_00752.jpg,Pork Chop With Okra And Eggplant,"""[{'name': 'pork chop', 'calories': 295.3, 'carbs': 0.0, 'protein': 36.2, 'fat': 15.6, 'quantity': 0.9, 'unit': 'chop without refuse'}, {'name': 'okra', 'calories': 31.2, 'carbs': 6.4, 'protein': 2.7, 'fat': 0.3, 'quantity': 5, 'unit': 'wt. oz'}, {'name': 'eggplant', 'calories': 198.1, 'carbs': 49.4, 'protein': 4.7, 'fat': 1.3, 'quantity': 1, 'unit': 'medium eggplant'}]""","""[\""pork chop\"", \""okra\"", \""eggplant\""]""",3,524.6,55.8,43.6,17.2
fsb_00753,fsb_00753.jpg,"Grilled Pork Chop with Tomato Sauce, Roasted Broccoli, and Black-Eyed Peas","""[{'name': 'pork chop', 'calories': 295.3, 'carbs': 0.0, 'protein': 36.2, 'fat': 15.6, 'quantity': 0.9, 'unit': 'chop without refuse'}, {'name': 'tomato sauce', 'calories': 20.6, 'carbs': 4.6, 'protein': 1.0, 'fat': 0.3, 'quantity': 0.35, 'unit': 'cup'}, {'name': 'broccoli', 'calories': 27.3, 'carbs': 5.6, 'protein': 1.9, 'fat': 0.3, 'quantity': 0.5, 'unit': 'cup, chopped'}, {'name': 'olive oil', 'calories': 119.3, 'carbs': 0.0, 'protein': 0.0, 'fat': 13.5, 'quantity': 1, 'unit': 'tablespoon'}, {'name': 'black eyed peas', 'calories': 99.2, 'carbs': 17.7, 'protein': 6.6, 'fat': 0.5, 'quantity': 0.5, 'unit': 'cup'}]""","""[\""pork chop\"", \""tomato sauce\"", \""broccoli\"", \""olive oil\"", \""black eyed peas\""]""",5,561.7,27.9,45.7,30.2
fsb_00754,fsb_00754.jpg,Grilled Pork Chops with Caesar Salad,"""[{'name': 'pork chop', 'calories': 656.3, 'carbs': 0.0, 'protein': 80.4, 'fat': 34.7, 'quantity': 2, 'unit': 'chop without refuse'}, {'name': 'romaine lettuce', 'calories': 8.0, 'carbs': 1.5, 'protein': 0.6, 'fat': 0.1, 'quantity': 1, 'unit': 'cups shredded'}, {'name': 'caesar dressing', 'calories': 159.3, 'carbs': 1.0, 'protein': 0.6, 'fat': 17.0, 'quantity': 2, 'unit': 'tbsp'}, {'name': 'croutons', 'calories': 37.2, 'carbs': 5.1, 'protein': 0.9, 'fat': 1.5, 'quantity': 0.2, 'unit': 'cup'}, {'name': 'parmesan cheese', 'calories': 21.0, 'carbs': 0.7, 'protein': 1.4, 'fat': 1.4, 'quantity': 1, 'unit': 'tbsp'}]""","""[\""pork chop\"", \""romaine lettuce\"", \""caesar dressing\"", \""croutons\"", \""parmesan cheese\""]""",5,881.8,8.3,83.9,54.7
fsb_00755,fsb_00755.jpg,Grilled Pork with Green Beans,"""[{'name': 'pork', 'calories': 202.3, 'carbs': 0.0, 'protein': 22.4, 'fat': 11.8, 'quantity': 3, 'unit': 'oz'}, {'name': 'green beans', 'calories': 21.9, 'carbs': 4.9, 'protein': 1.2, 'fat': 0.2, 'quantity': 0.5, 'unit': 'cup'}, {'name': 'olive oil', 'calories': 39.8, 'carbs': 0.0, 'protein': 0.0, 'fat': 4.5, 'quantity': 1, 'unit': 'tsp'}, {'name': 'parmesan cheese', 'calories': 21.0, 'carbs': 0.7, 'protein': 1.4, 'fat': 1.4, 'quantity': 1, 'unit': 'tbsp'}]""","""[\""pork\"", \""green beans\"", \""olive oil\"", \""parmesan cheese\""]""",4,285.0,5.6,25.0,17.9
fsb_00756,fsb_00756.jpg,Grilled Pork with Vegetable Medley,"""[{'name': 'pork', 'calories': 238.0, 'carbs': 0.0, 'protein': 26.4, 'fat': 13.9, 'quantity': 100, 'unit': 'g'}, {'name': 'cauliflower', 'calories': 14.3, 'carbs': 2.5, 'protein': 1.1, 'fat': 0.3, 'quantity': 0.5, 'unit': 'cup (1\"" pieces)'}, {'name': 'mushrooms', 'calories': 8.8, 'carbs': 1.7, 'protein': 0.7, 'fat': 0.1, 'quantity': 0.2, 'unit': 'cup'}, {'name': 'corn', 'calories': 28.6, 'carbs': 6.3, 'protein': 1.0, 'fat': 0.4, 'quantity': 0.2, 'unit': 'cup cut'}, {'name': 'kale', 'calories': 7.3, 'carbs': 1.5, 'protein': 0.5, 'fat': 0.1, 'quantity': 0.2, 'unit': 'cup'}, {'name': 'olive oil', 'calories': 119.3, 'carbs': 0.0, 'protein': 0.0, 'fat': 13.5, 'quantity': 1, 'unit': 'tablespoon'}]""","""[\""pork\"", \""cauliflower\"", \""mushrooms\"", \""corn\"", \""kale\"", \""olive oil\""]""",6,416.3,12.0,29.7,28.3
fsb_00757,fsb_00757.jpg,Grilled Salmon with Asparagus,"""[{'name': 'salmon', 'calories': 374.1, 'carbs': 0.0, 'protein': 40.1, 'fat': 22.4, 'quantity': 0.8, 'unit': 'fillet'}, {'name': 'asparagus', 'calories': 19.8, 'carbs': 3.7, 'protein': 2.2, 'fat': 0.2, 'quantity': 0.5, 'unit': 'cup'}, {'name': 'olive oil', 'calories': 119.3, 'carbs': 0.0, 'protein': 0.0, 'fat': 13.5, 'quantity': 1, 'unit': 'tablespoon'}]""","""[\""salmon\"", \""asparagus\"", \""olive oil\""]""",3,513.2,3.7,42.3,36.1
fsb_00758,fsb_00758.jpg,Grilled Salmon with Avocado Salad and Grilled Vegetables,"""[{'name': 'salmon', 'calories': 374.1, 'carbs': 0.0, 'protein': 40.1, 'fat': 22.4, 'quantity': 0.8, 'unit': 'fillet'}, {'name': 'avocado', 'calories': 120.0, 'carbs': 6.4, 'protein': 1.5, 'fat': 11.0, 'quantity': 0.5, 'unit': 'cup, cubes'}, {'name': 'tomato', 'calories': 6.5, 'carbs': 1.4, 'protein': 0.3, 'fat': 0.1, 'quantity': 0.2, 'unit': 'cup, chopped or sliced'}, {'name': 'red onion', 'calories': 9.2, 'carbs': 2.1, 'protein': 0.3, 'fat': 0.0, 'quantity': 0.1, 'unit': 'cup'}, {'name': 'zucchini', 'calories': 9.8, 'carbs': 1.7, 'protein': 0.7, 'fat': 0.2, 'quantity': 0.5, 'unit': 'small'}, {'name': 'carrot', 'calories': 27.2, 'carbs': 6.4, 'protein': 0.6, 'fat': 0.1, 'quantity': 0.5, 'unit': 'cup'}, {'name': 'olive oil', 'calories': 119.3, 'carbs': 0.0, 'protein': 0.0, 'fat': 13.5, 'quantity': 1, 'unit': 'tbsp'}]""","""[\""salmon\"", \""avocado\"", \""tomato\"", \""red onion\"", \""zucchini\"", \""carrot\"", \""olive oil\""]""",7,666.1,18.0,43.5,47.3
fsb_00759,fsb_00759.jpg,Salmon With Roasted Potatoes And Green Beans,"""[{'name': 'salmon', 'calories': 467.6, 'carbs': 0.0, 'protein': 50.2, 'fat': 28.0, 'quantity': 1, 'unit': 'fillet'}, {'name': 'green beans', 'calories': 43.8, 'carbs': 9.8, 'protein': 2.4, 'fat': 0.3, 'quantity': 1, 'unit': 'cup'}, {'name': 'roasted potatoes', 'calories': 179.6, 'carbs': 23.1, 'protein': 2.7, 'fat': 8.6, 'quantity': 1, 'unit': 'cup'}, {'name': 'olive oil', 'calories': 119.3, 'carbs': 0.0, 'protein': 0.0, 'fat': 13.5, 'quantity': 1, 'unit': 'tablespoon'}]""","""[\""salmon\"", \""green beans\"", \""roasted potatoes\"", \""olive oil\""]""",4,810.3,32.9,55.3,50.4
fsb_00760,fsb_00760.jpg,Grilled Salmon with Mashed Potatoes and Vegetables,"""[{'name': 'salmon', 'calories': 374.1, 'carbs': 0.0, 'protein': 40.1, 'fat': 22.4, 'quantity': 0.8, 'unit': 'fillet'}, {'name': 'mashed potatoes', 'calories': 118.7, 'carbs': 17.8, 'protein': 2.1, 'fat': 4.4, 'quantity': 0.5, 'unit': 'cup'}, {'name': 'mixed vegetables', 'calories': 45.3, 'carbs': 9.7, 'protein': 2.4, 'fat': 0.5, 'quantity': 1, 'unit': 'cup'}, {'name': 'olive oil', 'calories': 39.8, 'carbs': 0.0, 'protein': 0.0, 'fat': 4.5, 'quantity': 1, 'unit': 'tsp'}]""","""[\""salmon\"", \""mashed potatoes\"", \""mixed vegetables\"", \""olive oil\""]""",4,577.9,27.5,44.6,31.8
fsb_00761,fsb_00761.jpg,Grilled Salmon with Noodles,"""[{'name': 'salmon', 'calories': 374.1, 'carbs': 0.0, 'protein': 40.1, 'fat': 22.4, 'quantity': 0.8, 'unit': 'fillet'}, {'name': 'noodles', 'calories': 221.2, 'carbs': 43.2, 'protein': 8.1, 'fat': 1.3, 'quantity': 1, 'unit': 'cup'}, {'name': 'mushrooms', 'calories': 13.2, 'carbs': 2.5, 'protein': 1.0, 'fat': 0.2, 'quantity': 0.3, 'unit': 'cup'}, {'name': 'cherry tomatoes', 'calories': 9.2, 'carbs': 2.0, 'protein': 0.4, 'fat': 0.1, 'quantity': 3, 'unit': 'cherry'}, {'name': 'red chili', 'calories': 4.5, 'carbs': 1.0, 'protein': 0.2, 'fat': 0.0, 'quantity': 0.4, 'unit': 'wt. oz'}, {'name': 'lime', 'calories': 1.7, 'carbs': 0.6, 'protein': 0.0, 'fat': 0.0, 'quantity': 0.2, 'unit': 'wt. oz'}, {'name': 'olive oil', 'calories': 119.3, 'carbs': 0.0, 'protein': 0.0, 'fat': 13.5, 'quantity': 1, 'unit': 'tbsp'}]""","""[\""salmon\"", \""noodles\"", \""mushrooms\"", \""cherry tomatoes\"", \""red chili\"", \""lime\"", \""olive oil\""]""",7,743.2,49.3,49.8,37.5
fsb_00762,fsb_00762.jpg,Grilled Salmon with Rice and Avocado Salad,"""[{'name': 'salmon', 'calories': 374.1, 'carbs': 0.0, 'protein': 40.1, 'fat': 22.4, 'quantity': 0.8, 'unit': 'fillet'}, {'name': 'white rice', 'calories': 102.7, 'carbs': 22.3, 'protein': 2.1, 'fat': 0.2, 'quantity': 0.5, 'unit': 'cup'}, {'name': 'avocado', 'calories': 120.0, 'carbs': 6.4, 'protein': 1.5, 'fat': 11.0, 'quantity': 0.5, 'unit': 'cup, cubes'}, {'name': 'tomato', 'calories': 11.1, 'carbs': 2.4, 'protein': 0.5, 'fat': 0.1, 'quantity': 0.5, 'unit': 'medium whole (2-3/5\"" dia)'}, {'name': 'cucumber', 'calories': 3.9, 'carbs': 0.9, 'protein': 0.2, 'fat': 0.0, 'quantity': 0.25, 'unit': 'cup slices'}, {'name': 'olive oil', 'calories': 119.3, 'carbs': 0.0, 'protein': 0.0, 'fat': 13.5, 'quantity': 1, 'unit': 'tbsp'}]""","""[\""salmon\"", \""white rice\"", \""avocado\"", \""tomato\"", \""cucumber\"", \""olive oil\""]""",6,731.1,32.0,44.4,47.2
fsb_00763,fsb_00763.jpg,Grilled Salmon with Rice and Vegetables,"""[{'name': 'salmon', 'calories': 374.1, 'carbs': 0.0, 'protein': 40.1, 'fat': 22.4, 'quantity': 0.8, 'unit': 'fillet'}, {'name': 'rice', 'calories': 123.2, 'carbs': 26.7, 'protein': 2.6, 'fat': 0.3, 'quantity': 0.6, 'unit': 'cup'}, {'name': 'broccoli', 'calories': 10.5, 'carbs': 2.2, 'protein': 0.7, 'fat': 0.1, 'quantity': 3, 'unit': 'floret'}, {'name': 'carrots', 'calories': 19.8, 'carbs': 4.7, 'protein': 0.4, 'fat': 0.1, 'quantity': 2, 'unit': 'wt. oz'}]""","""[\""salmon\"", \""rice\"", \""broccoli\"", \""carrots\""]""",4,527.6,33.6,43.8,22.9
fsb_00764,fsb_00764.jpg,Asparagus Risotto,"""[{'name': 'risotto', 'calories': 206.4, 'carbs': 27.0, 'protein': 7.2, 'fat': 6.6, 'quantity': 0.5, 'unit': 'cup'}, {'name': 'asparagus', 'calories': 13.2, 'carbs': 2.5, 'protein': 1.4, 'fat': 0.1, 'quantity': 4, 'unit': 'spears'}, {'name': 'sauce', 'calories': 49.5, 'carbs': 7.4, 'protein': 1.4, 'fat': 1.6, 'quantity': 6, 'unit': 'tbsp'}]""","""[\""risotto\"", \""asparagus\"", \""sauce\""]""",3,269.1,36.9,10.0,8.3
fsb_00765,fsb_00765.jpg,Grilled Salmon With Vegetables,"""[{'name': 'salmon', 'calories': 420.9, 'carbs': 0.0, 'protein': 45.2, 'fat': 25.2, 'quantity': 0.9, 'unit': 'fillet'}, {'name': 'red bell pepper', 'calories': 20.8, 'carbs': 5.0, 'protein': 0.7, 'fat': 0.1, 'quantity': 0.4, 'unit': 'cup'}, {'name': 'yellow bell pepper', 'calories': 20.1, 'carbs': 4.7, 'protein': 0.7, 'fat': 0.2, 'quantity': 0.5, 'unit': 'cup, chopped'}, {'name': 'zucchini', 'calories': 9.8, 'carbs': 1.7, 'protein': 0.7, 'fat': 0.2, 'quantity': 0.5, 'unit': 'small'}, {'name': 'broccoli', 'calories': 14.7, 'carbs': 3.0, 'protein': 1.0, 'fat': 0.2, 'quantity': 0.3, 'unit': 'stalk, small (5\"" long)'}, {'name': 'cauliflower', 'calories': 12.8, 'carbs': 2.3, 'protein': 1.0, 'fat': 0.3, 'quantity': 0.45, 'unit': 'cup (1\"" pieces)'}, {'name': 'carrot', 'calories': 27.2, 'carbs': 6.4, 'protein': 0.6, 'fat': 0.1, 'quantity': 0.5, 'unit': 'cup'}, {'name': 'olive oil', 'calories': 119.3, 'carbs': 0.0, 'protein': 0.0, 'fat': 13.5, 'quantity': 1, 'unit': 'tablespoon'}]""","""[\""salmon\"", \""red bell pepper\"", \""yellow bell pepper\"", \""zucchini\"", \""broccoli\"", \""cauliflower\"", \""carrot\"", \""olive oil\""]""",8,645.6,23.1,49.9,39.8
fsb_00766,fsb_00766.jpg,Grilled Salmon with Spaghetti,"""[{'name': 'salmon', 'calories': 374.1, 'carbs': 0.0, 'protein': 40.1, 'fat': 22.4, 'quantity': 0.8, 'unit': 'fillet'}, {'name': 'spaghetti', 'calories': 210.4, 'carbs': 42.3, 'protein': 7.4, 'fat': 0.9, 'quantity': 1, 'unit': 'cup'}, {'name': 'olive oil', 'calories': 119.3, 'carbs': 0.0, 'protein': 0.0, 'fat': 13.5, 'quantity': 1, 'unit': 'tbsp'}]""","""[\""salmon\"", \""spaghetti\"", \""olive oil\""]""",3,703.8,42.3,47.5,36.8
fsb_00767,fsb_00767.jpg,Grilled Salmon with Steamed Broccoli,"""[{'name': 'salmon', 'calories': 374.1, 'carbs': 0.0, 'protein': 40.1, 'fat': 22.4, 'quantity': 0.8, 'unit': 'fillet'}, {'name': 'broccoli', 'calories': 54.6, 'carbs': 11.2, 'protein': 3.7, 'fat': 0.6, 'quantity': 1, 'unit': 'cup, chopped'}, {'name': 'lemon', 'calories': 2.0, 'carbs': 0.7, 'protein': 0.1, 'fat': 0.0, 'quantity': 1, 'unit': 'wedge or slice (1/8 of one 2-1/8\"" dia lemon)'}]""","""[\""salmon\"", \""broccoli\"", \""lemon\""]""",3,430.7,11.9,43.9,23.0
fsb_00768,fsb_00768.jpg,Grilled Salmon with Vegetables,"""[{'name': 'salmon', 'calories': 374.1, 'carbs': 0.0, 'protein': 40.1, 'fat': 22.4, 'quantity': 0.8, 'unit': 'fillet'}, {'name': 'brussels sprouts', 'calories': 28.1, 'carbs': 5.5, 'protein': 2.0, 'fat': 0.4, 'quantity': 0.5, 'unit': 'cup'}, {'name': 'tomato salsa', 'calories': 18.8, 'carbs': 4.3, 'protein': 1.0, 'fat': 0.1, 'quantity': 0.25, 'unit': 'cup'}, {'name': 'olive oil', 'calories': 119.3, 'carbs': 0.0, 'protein': 0.0, 'fat': 13.5, 'quantity': 1, 'unit': 'tablespoon'}]""","""[\""salmon\"", \""brussels sprouts\"", \""tomato salsa\"", \""olive oil\""]""",4,540.3,9.8,43.1,36.4
fsb_00769,fsb_00769.jpg,Grilled Salmon with Vegetables,"""[{'name': 'salmon', 'calories': 374.1, 'carbs': 0.0, 'protein': 40.1, 'fat': 22.4, 'quantity': 0.8, 'unit': 'fillet'}, {'name': 'zucchini', 'calories': 9.8, 'carbs': 1.7, 'protein': 0.7, 'fat': 0.2, 'quantity': 0.5, 'unit': 'small'}, {'name': 'bell peppers', 'calories': 15.8, 'carbs': 3.7, 'protein': 0.5, 'fat': 0.1, 'quantity': 0.5, 'unit': 'pepper'}, {'name': 'spinach', 'calories': 4.1, 'carbs': 0.7, 'protein': 0.5, 'fat': 0.0, 'quantity': 0.1, 'unit': 'cup'}, {'name': 'tomato', 'calories': 6.5, 'carbs': 1.4, 'protein': 0.3, 'fat': 0.1, 'quantity': 0.2, 'unit': 'cup, chopped or sliced'}, {'name': 'olive oil', 'calories': 119.3, 'carbs': 0.0, 'protein': 0.0, 'fat': 13.5, 'quantity': 1, 'unit': 'tbsp'}, {'name': 'lemon', 'calories': 2.0, 'carbs': 0.7, 'protein': 0.1, 'fat': 0.0, 'quantity': 1, 'unit': 'wedge or slice (1/8 of one 2-1/8\"" dia lemon)'}]""","""[\""salmon\"", \""zucchini\"", \""bell peppers\"", \""spinach\"", \""tomato\"", \""olive oil\"", \""lemon\""]""",7,531.6,8.2,42.2,36.3
fsb_00770,fsb_00770.jpg,Grilled Sandwich with Pickles,"""[{'name': 'bread', 'calories': 159.6, 'carbs': 29.7, 'protein': 5.3, 'fat': 2.0, 'quantity': 2, 'unit': 'slice, large'}, {'name': 'cheese', 'calories': 226.2, 'carbs': 1.7, 'protein': 12.8, 'fat': 18.7, 'quantity': 2, 'unit': 'slice (1 oz)'}, {'name': 'pickles', 'calories': 5.0, 'carbs': 1.0, 'protein': 0.2, 'fat': 0.1, 'quantity': 6, 'unit': 'slice'}, {'name': 'corned beef', 'calories': 106.7, 'carbs': 0.2, 'protein': 7.7, 'fat': 8.1, 'quantity': 1.5, 'unit': 'oz'}, {'name': 'butter', 'calories': 101.8, 'carbs': 0.0, 'protein': 0.1, 'fat': 11.5, 'quantity': 1, 'unit': 'tbsp'}]""","""[\""bread\"", \""cheese\"", \""pickles\"", \""corned beef\"", \""butter\""]""",5,599.3,32.6,26.1,40.4
fsb_00771,fsb_00771.jpg,Grilled Sandwich,"""[{'name': 'bread', 'calories': 159.6, 'carbs': 29.7, 'protein': 5.3, 'fat': 2.0, 'quantity': 2, 'unit': 'slice, large'}, {'name': 'cheese', 'calories': 113.1, 'carbs': 0.9, 'protein': 6.4, 'fat': 9.3, 'quantity': 1, 'unit': 'slice (1 oz)'}, {'name': 'ham', 'calories': 58.4, 'carbs': 0.4, 'protein': 9.3, 'fat': 2.1, 'quantity': 2, 'unit': 'thin slice'}, {'name': 'butter', 'calories': 101.8, 'carbs': 0.0, 'protein': 0.1, 'fat': 11.5, 'quantity': 1, 'unit': 'tbsp'}]""","""[\""bread\"", \""cheese\"", \""ham\"", \""butter\""]""",4,432.9,31.0,21.1,24.9
fsb_00772,fsb_00772.jpg,Steak With Roasted Vegetables,"""[{'name': 'grilled steak', 'calories': 491.5, 'carbs': 0.0, 'protein': 46.3, 'fat': 32.6, 'quantity': 0.8, 'unit': 'steak'}, {'name': 'brussels sprouts', 'calories': 36.3, 'carbs': 7.2, 'protein': 2.6, 'fat': 0.5, 'quantity': 4.8, 'unit': 'sprouts'}, {'name': 'cauliflower', 'calories': 14.3, 'carbs': 2.5, 'protein': 1.1, 'fat': 0.3, 'quantity': 0.5, 'unit': 'cup (1\"" pieces)'}, {'name': 'roasted potatoes', 'calories': 71.8, 'carbs': 9.3, 'protein': 1.1, 'fat': 3.5, 'quantity': 0.4, 'unit': 'cup'}]""","""[\""grilled steak\"", \""brussels sprouts\"", \""cauliflower\"", \""roasted potatoes\""]""",4,613.9,19.0,51.1,36.9
fsb_00773,fsb_00773.jpg,Grilled Tuna Sandwich,"""[{'name': 'whole grain bread', 'calories': 161.3, 'carbs': 27.3, 'protein': 8.0, 'fat': 2.2, 'quantity': 2, 'unit': 'slice'}, {'name': 'tuna salad', 'calories': 191.7, 'carbs': 9.6, 'protein': 16.4, 'fat': 9.5, 'quantity': 0.5, 'unit': 'cup'}, {'name': 'lettuce', 'calories': 4.8, 'carbs': 0.9, 'protein': 0.3, 'fat': 0.1, 'quantity': 1, 'unit': 'wt. oz'}, {'name': 'tomato', 'calories': 6.1, 'carbs': 1.3, 'protein': 0.3, 'fat': 0.1, 'quantity': 2, 'unit': 'cherry'}, {'name': 'cheese', 'calories': 68.7, 'carbs': 0.5, 'protein': 3.9, 'fat': 5.7, 'quantity': 1, 'unit': 'cubic inch'}]""","""[\""whole grain bread\"", \""tuna salad\"", \""lettuce\"", \""tomato\"", \""cheese\""]""",5,432.6,39.6,28.9,17.6
fsb_00774,fsb_00774.jpg,Chicken And Vegetable Stir-Fry,"""[{'name': 'chicken breast', 'calories': 161.7, 'carbs': 0.0, 'protein': 30.4, 'fat': 3.5, 'quantity': 1, 'unit': 'fillet'}, {'name': 'zucchini', 'calories': 9.8, 'carbs': 1.7, 'protein': 0.7, 'fat': 0.2, 'quantity': 0.5, 'unit': 'small'}, {'name': 'broccoli', 'calories': 3.5, 'carbs': 0.7, 'protein': 0.2, 'fat': 0.0, 'quantity': 1, 'unit': 'floret'}, {'name': 'mushroom', 'calories': 3.4, 'carbs': 0.6, 'protein': 0.3, 'fat': 0.1, 'quantity': 1, 'unit': 'mushroom'}, {'name': 'brussels sprouts', 'calories': 7.6, 'carbs': 1.5, 'protein': 0.5, 'fat': 0.1, 'quantity': 1, 'unit': 'sprouts'}, {'name': 'olive oil', 'calories': 119.3, 'carbs': 0.0, 'protein': 0.0, 'fat': 13.5, 'quantity': 1, 'unit': 'tablespoon'}]""","""[\""chicken breast\"", \""zucchini\"", \""broccoli\"", \""mushroom\"", \""brussels sprouts\"", \""olive oil\""]""",6,305.3,4.5,32.1,17.4
fsb_00775,fsb_00775.jpg,Ground Beef and Broccoli Stir-Fry,"""[{'name': 'ground beef', 'calories': 202.6, 'carbs': 0.0, 'protein': 20.1, 'fat': 12.9, 'quantity': 0.5, 'unit': 'portion ( yield from 1/2 lb raw meat )'}, {'name': 'broccoli', 'calories': 14.7, 'carbs': 3.0, 'protein': 1.0, 'fat': 0.2, 'quantity': 0.3, 'unit': 'stalk, small (5\"" long)'}, {'name': 'soy sauce', 'calories': 8.5, 'carbs': 0.8, 'protein': 1.3, 'fat': 0.1, 'quantity': 1, 'unit': 'tbsp'}, {'name': 'olive oil', 'calories': 39.8, 'carbs': 0.0, 'protein': 0.0, 'fat': 4.5, 'quantity': 1, 'unit': 'tsp'}]""","""[\""ground beef\"", \""broccoli\"", \""soy sauce\"", \""olive oil\""]""",4,265.6,3.8,22.4,17.7
fsb_00776,fsb_00776.jpg,Ground Beef and Green Bean Casserole,"""[{'name': 'ground beef', 'calories': 405.3, 'carbs': 0.0, 'protein': 40.2, 'fat': 25.9, 'quantity': 1, 'unit': 'portion ( yield from 1/2 lb raw meat )'}, {'name': 'green beans', 'calories': 39.4, 'carbs': 8.9, 'protein': 2.1, 'fat': 0.3, 'quantity': 0.9, 'unit': 'cup'}, {'name': 'cream sauce', 'calories': 177.9, 'carbs': 10.3, 'protein': 4.1, 'fat': 13.5, 'quantity': 0.5, 'unit': 'cup'}]""","""[\""ground beef\"", \""green beans\"", \""cream sauce\""]""",3,622.6,19.2,46.4,39.7
fsb_00777,fsb_00777.jpg,Ground Beef and Green Bean Stir-Fry,"""[{'name': 'ground beef', 'calories': 162.1, 'carbs': 0.0, 'protein': 16.1, 'fat': 10.3, 'quantity': 0.4, 'unit': 'portion ( yield from 1/2 lb raw meat )'}, {'name': 'green beans', 'calories': 17.5, 'carbs': 3.9, 'protein': 0.9, 'fat': 0.1, 'quantity': 0.4, 'unit': 'cup'}, {'name': 'chard', 'calories': 7.0, 'carbs': 1.4, 'protein': 0.7, 'fat': 0.0, 'quantity': 0.2, 'unit': 'cup'}, {'name': 'olive oil', 'calories': 119.3, 'carbs': 0.0, 'protein': 0.0, 'fat': 13.5, 'quantity': 1, 'unit': 'tbsp'}]""","""[\""ground beef\"", \""green beans\"", \""chard\"", \""olive oil\""]""",4,305.9,5.3,17.7,23.9
fsb_00778,fsb_00778.jpg,Ground Beef with Asparagus and Beans,"""[{'name': 'ground beef', 'calories': 202.6, 'carbs': 0.0, 'protein': 20.1, 'fat': 12.9, 'quantity': 0.5, 'unit': 'portion ( yield from 1/2 lb raw meat )'}, {'name': 'asparagus', 'calories': 19.8, 'carbs': 3.7, 'protein': 2.2, 'fat': 0.2, 'quantity': 0.5, 'unit': 'cup'}, {'name': 'kidney beans', 'calories': 112.4, 'carbs': 20.2, 'protein': 7.7, 'fat': 0.4, 'quantity': 0.5, 'unit': 'cup'}]""","""[\""ground beef\"", \""asparagus\"", \""kidney beans\""]""",3,334.8,23.9,30.0,13.5
fsb_00779,fsb_00779.jpg,Ground Beef with Avocado and Olive Salad,"""[{'name': 'ground beef', 'calories': 243.2, 'carbs': 0.0, 'protein': 24.1, 'fat': 15.5, 'quantity': 0.6, 'unit': 'portion ( yield from 1/2 lb raw meat )'}, {'name': 'tomato sauce', 'calories': 20.6, 'carbs': 4.6, 'protein': 1.0, 'fat': 0.3, 'quantity': 0.35, 'unit': 'cup'}, {'name': 'onion', 'calories': 18.5, 'carbs': 4.3, 'protein': 0.6, 'fat': 0.1, 'quantity': 0.2, 'unit': 'cup'}, {'name': 'avocado', 'calories': 120.0, 'carbs': 6.4, 'protein': 1.5, 'fat': 11.0, 'quantity': 0.5, 'unit': 'cup, cubes'}, {'name': 'olive salad', 'calories': 113.5, 'carbs': 2.0, 'protein': 0.4, 'fat': 12.1, 'quantity': 0.1, 'unit': 'cup'}]""","""[\""ground beef\"", \""tomato sauce\"", \""onion\"", \""avocado\"", \""olive salad\""]""",5,515.8,17.3,27.6,39.0
fsb_00780,fsb_00780.jpg,Ground Beef with Vegetables,"""[{'name': 'ground beef', 'calories': 202.6, 'carbs': 0.0, 'protein': 20.1, 'fat': 12.9, 'quantity': 0.5, 'unit': 'portion ( yield from 1/2 lb raw meat )'}, {'name': 'red bell pepper', 'calories': 10.4, 'carbs': 2.5, 'protein': 0.3, 'fat': 0.1, 'quantity': 0.2, 'unit': 'cup'}, {'name': 'sweet potato', 'calories': 90.0, 'carbs': 20.7, 'protein': 2.0, 'fat': 0.1, 'quantity': 0.5, 'unit': 'cup'}, {'name': 'broccoli', 'calories': 12.6, 'carbs': 2.6, 'protein': 0.9, 'fat': 0.1, 'quantity': 0.2, 'unit': 'stalk, medium (7-1/2\"" - 8\"" long)'}, {'name': 'sour cream', 'calories': 71.3, 'carbs': 1.7, 'protein': 0.9, 'fat': 7.0, 'quantity': 3, 'unit': 'tbsp'}]""","""[\""ground beef\"", \""red bell pepper\"", \""sweet potato\"", \""broccoli\"", \""sour cream\""]""",5,386.9,27.5,24.2,20.2
fsb_00781,fsb_00781.jpg,Guacamole Salad with Chicken and Rice,"""[{'name': 'guacamole', 'calories': 175.8, 'carbs': 9.9, 'protein': 2.1, 'fat': 15.9, 'quantity': 0.5, 'unit': 'cup'}, {'name': 'lettuce', 'calories': 4.8, 'carbs': 0.9, 'protein': 0.3, 'fat': 0.1, 'quantity': 0.6, 'unit': 'cups shredded'}, {'name': 'tomato', 'calories': 6.5, 'carbs': 1.4, 'protein': 0.3, 'fat': 0.1, 'quantity': 0.2, 'unit': 'cup, chopped or sliced'}, {'name': 'corn', 'calories': 28.6, 'carbs': 6.3, 'protein': 1.0, 'fat': 0.4, 'quantity': 0.2, 'unit': 'cup cut'}, {'name': 'chicken breast', 'calories': 140.3, 'carbs': 0.0, 'protein': 26.4, 'fat': 3.0, 'quantity': 3, 'unit': 'oz'}, {'name': 'fried rice', 'calories': 119.2, 'carbs': 22.5, 'protein': 2.8, 'fat': 2.0, 'quantity': 0.5, 'unit': 'cup'}]""","""[\""guacamole\"", \""lettuce\"", \""tomato\"", \""corn\"", \""chicken breast\"", \""fried rice\""]""",6,475.2,41.0,32.9,21.5
fsb_00782,fsb_00782.jpg,Gumbo with Rice and Cornbread,"""[{'name': 'gumbo', 'calories': 148.5, 'carbs': 5.7, 'protein': 13.5, 'fat': 7.8, 'quantity': 1, 'unit': 'cup'}, {'name': 'white rice', 'calories': 41.1, 'carbs': 8.9, 'protein': 0.9, 'fat': 0.1, 'quantity': 0.2, 'unit': 'cup'}, {'name': 'cornbread', 'calories': 172.9, 'carbs': 28.3, 'protein': 4.4, 'fat': 4.6, 'quantity': 1, 'unit': 'piece'}]""","""[\""gumbo\"", \""white rice\"", \""cornbread\""]""",3,362.5,42.9,18.8,12.5
fsb_00783,fsb_00783.jpg,"Gumbo with Uncured Sausage, White Meat Chicken & Shrimp","""[{'name': 'sausage', 'calories': 157.7, 'carbs': 0.5, 'protein': 6.1, 'fat': 14.4, 'quantity': 1.8, 'unit': 'oz'}, {'name': 'white chicken chili', 'calories': 502.0, 'carbs': 57.6, 'protein': 44.8, 'fat': 12.0, 'quantity': 1, 'unit': 'serving'}, {'name': 'shrimp', 'calories': 60.7, 'carbs': 0.8, 'protein': 11.6, 'fat': 0.9, 'quantity': 1.7999999999999998, 'unit': 'oz'}, {'name': 'rice', 'calories': 102.7, 'carbs': 22.3, 'protein': 2.1, 'fat': 0.2, 'quantity': 0.5, 'unit': 'cup'}, {'name': 'vegetables', 'calories': 47.3, 'carbs': 9.5, 'protein': 2.1, 'fat': 0.1, 'quantity': 0.4, 'unit': 'cup'}, {'name': 'broth', 'calories': 17.3, 'carbs': 1.7, 'protein': 1.2, 'fat': 0.6, 'quantity': 0.2, 'unit': 'cup'}]""","""[\""sausage\"", \""white chicken chili\"", \""shrimp\"", \""rice\"", \""vegetables\"", \""broth\""]""",6,887.7,92.4,67.9,28.2
fsb_00784,fsb_00784.jpg,Gyro Wrap,"""[{'name': 'pita bread', 'calories': 165.0, 'carbs': 33.4, 'protein': 5.5, 'fat': 0.7, 'quantity': 1, 'unit': 'pita, large (6-1/2\"" dia)'}, {'name': 'gyro meat', 'calories': 218.4, 'carbs': 1.6, 'protein': 19.9, 'fat': 14.2, 'quantity': 3, 'unit': 'oz'}, {'name': 'lettuce', 'calories': 1.6, 'carbs': 0.3, 'protein': 0.1, 'fat': 0.0, 'quantity': 0.2, 'unit': 'cups shredded'}, {'name': 'tomato', 'calories': 4.4, 'carbs': 1.0, 'protein': 0.2, 'fat': 0.0, 'quantity': 0.2, 'unit': 'medium whole (2-3/5\"" dia)'}, {'name': 'onion', 'calories': 9.2, 'carbs': 2.1, 'protein': 0.3, 'fat': 0.0, 'quantity': 0.1, 'unit': 'cup'}, {'name': 'tzatziki sauce', 'calories': 27.2, 'carbs': 1.3, 'protein': 0.7, 'fat': 2.2, 'quantity': 2, 'unit': 'tbsp'}]""","""[\""pita bread\"", \""gyro meat\"", \""lettuce\"", \""tomato\"", \""onion\"", \""tzatziki sauce\""]""",6,425.8,39.7,26.7,17.1
fsb_00785,fsb_00785.jpg,Ham and Cabbage Salad,"""[{'name': 'ham', 'calories': 175.1, 'carbs': 1.3, 'protein': 27.9, 'fat': 6.4, 'quantity': 3, 'unit': 'medium slice'}, {'name': 'cabbage', 'calories': 10.3, 'carbs': 2.5, 'protein': 0.6, 'fat': 0.0, 'quantity': 0.3, 'unit': 'cup, shredded'}, {'name': 'mixed greens', 'calories': 6.0, 'carbs': 1.3, 'protein': 0.4, 'fat': 0.1, 'quantity': 0.8999999999999999, 'unit': 'cups'}, {'name': 'pineapple', 'calories': 20.6, 'carbs': 5.4, 'protein': 0.2, 'fat': 0.0, 'quantity': 0.25, 'unit': 'cup, chunks'}]""","""[\""ham\"", \""cabbage\"", \""mixed greens\"", \""pineapple\""]""",4,212.0,10.5,29.1,6.5
fsb_00786,fsb_00786.jpg,Ham and Cheese Baguette,"""[{'name': 'baguette', 'calories': 235.0, 'carbs': 44.8, 'protein': 9.3, 'fat': 2.1, 'quantity': 0.9, 'unit': 'slice, large (6\"" x 2-1/2\"" x 1-3/4\"")'}, {'name': 'ham', 'calories': 87.6, 'carbs': 0.7, 'protein': 14.0, 'fat': 3.2, 'quantity': 3, 'unit': 'thin slice'}, {'name': 'cheese', 'calories': 113.1, 'carbs': 0.9, 'protein': 6.4, 'fat': 9.3, 'quantity': 1, 'unit': 'slice (1 oz)'}, {'name': 'lettuce', 'calories': 1.6, 'carbs': 0.3, 'protein': 0.1, 'fat': 0.0, 'quantity': 0.2, 'unit': 'cups shredded'}, {'name': 'tomato', 'calories': 6.1, 'carbs': 1.3, 'protein': 0.3, 'fat': 0.1, 'quantity': 2, 'unit': 'cherry'}]""","""[\""baguette\"", \""ham\"", \""cheese\"", \""lettuce\"", \""tomato\""]""",5,443.4,48.0,30.1,14.7
fsb_00787,fsb_00787.jpg,Ham and Cheese Baguette,"""[{'name': 'baguette', 'calories': 235.0, 'carbs': 44.8, 'protein': 9.3, 'fat': 2.1, 'quantity': 0.9, 'unit': 'slice, large (6\"" x 2-1/2\"" x 1-3/4\"")'}, {'name': 'ham', 'calories': 87.6, 'carbs': 0.7, 'protein': 14.0, 'fat': 3.2, 'quantity': 3, 'unit': 'thin slice'}, {'name': 'cheese', 'calories': 137.4, 'carbs': 1.1, 'protein': 7.8, 'fat': 11.3, 'quantity': 2, 'unit': 'cubic inch'}]""","""[\""baguette\"", \""ham\"", \""cheese\""]""",3,460.0,46.6,31.1,16.6
fsb_00788,fsb_00788.jpg,Ham and Cheese Baguette,"""[{'name': 'baguette', 'calories': 235.0, 'carbs': 44.8, 'protein': 9.3, 'fat': 2.1, 'quantity': 0.9, 'unit': 'slice, large (6\"" x 2-1/2\"" x 1-3/4\"")'}, {'name': 'ham', 'calories': 87.6, 'carbs': 0.7, 'protein': 14.0, 'fat': 3.2, 'quantity': 3, 'unit': 'thin slice'}, {'name': 'cheese', 'calories': 137.4, 'carbs': 1.1, 'protein': 7.8, 'fat': 11.3, 'quantity': 2, 'unit': 'cubic inch'}]""","""[\""baguette\"", \""ham\"", \""cheese\""]""",3,460.0,46.6,31.1,16.6
fsb_00789,fsb_00789.jpg,Ham and Cheese Baguette,"""[{'name': 'baguette', 'calories': 235.0, 'carbs': 44.8, 'protein': 9.3, 'fat': 2.1, 'quantity': 0.9, 'unit': 'slice, large (6\"" x 2-1/2\"" x 1-3/4\"")'}, {'name': 'ham', 'calories': 87.6, 'carbs': 0.7, 'protein': 14.0, 'fat': 3.2, 'quantity': 3, 'unit': 'thin slice'}, {'name': 'cheese', 'calories': 137.4, 'carbs': 1.1, 'protein': 7.8, 'fat': 11.3, 'quantity': 2, 'unit': 'cubic inch'}]""","""[\""baguette\"", \""ham\"", \""cheese\""]""",3,460.0,46.6,31.1,16.6
fsb_00790,fsb_00790.jpg,Ham and Cheese Casserole with Greek Salad,"""[{'name': 'ham', 'calories': 58.4, 'carbs': 0.4, 'protein': 9.3, 'fat': 2.1, 'quantity': 2, 'unit': 'thin slice'}, {'name': 'cheese', 'calories': 91.3, 'carbs': 0.7, 'protein': 5.2, 'fat': 7.5, 'quantity': 0.2, 'unit': 'cup, shredded'}, {'name': 'pasta', 'calories': 110.6, 'carbs': 21.6, 'protein': 4.1, 'fat': 0.7, 'quantity': 0.5, 'unit': 'cup'}, {'name': 'bread crumbs', 'calories': 53.3, 'carbs': 9.7, 'protein': 1.8, 'fat': 0.7, 'quantity': 2, 'unit': 'tbsp'}, {'name': 'romaine lettuce', 'calories': 8.0, 'carbs': 1.5, 'protein': 0.6, 'fat': 0.1, 'quantity': 1, 'unit': 'cups shredded'}, {'name': 'tomatoes', 'calories': 6.5, 'carbs': 1.4, 'protein': 0.3, 'fat': 0.1, 'quantity': 0.2, 'unit': 'cup, chopped or sliced'}, {'name': 'kalamata olives', 'calories': 23.3, 'carbs': 0.6, 'protein': 0.1, 'fat': 2.4, 'quantity': 4, 'unit': 'tsp'}, {'name': 'feta cheese', 'calories': 44.9, 'carbs': 0.7, 'protein': 2.4, 'fat': 3.6, 'quantity': 1, 'unit': 'cubic inch'}, {'name': 'greek dressing', 'calories': 97.0, 'carbs': 1.2, 'protein': 0.1, 'fat': 10.5, 'quantity': 2, 'unit': 'tbsp'}]""","""[\""ham\"", \""cheese\"", \""pasta\"", \""bread crumbs\"", \""romaine lettuce\"", \""tomatoes\"", \""kalamata olives\"", \""feta cheese\"", \""greek dressing\""]""",9,493.3,37.8,23.9,27.7
fsb_00791,fsb_00791.jpg,Ham And Cucumber Crispbread,"""[{'name': 'crispbread', 'calories': 109.8, 'carbs': 24.7, 'protein': 2.4, 'fat': 0.4, 'quantity': 3, 'unit': 'crispbread'}, {'name': 'ham', 'calories': 87.6, 'carbs': 0.7, 'protein': 14.0, 'fat': 3.2, 'quantity': 3, 'unit': 'thin slice'}, {'name': 'cucumber', 'calories': 7.8, 'carbs': 1.9, 'protein': 0.3, 'fat': 0.1, 'quantity': 0.5, 'unit': 'cup slices'}, {'name': 'cherry tomatoes', 'calories': 16.1, 'carbs': 3.5, 'protein': 0.8, 'fat': 0.2, 'quantity': 0.6, 'unit': 'cup'}]""","""[\""crispbread\"", \""ham\"", \""cucumber\"", \""cherry tomatoes\""]""",4,221.3,30.8,17.5,3.9
fsb_00792,fsb_00792.jpg,Ham and Cheese Omelette with Hash Browns and Toast,"""[{'name': 'eggs', 'calories': 214.5, 'carbs': 1.1, 'protein': 18.8, 'fat': 14.3, 'quantity': 3, 'unit': 'large'}, {'name': 'ham', 'calories': 60.5, 'carbs': 0.5, 'protein': 9.6, 'fat': 2.2, 'quantity': 0.3, 'unit': 'slice'}, {'name': 'cheddar cheese', 'calories': 91.3, 'carbs': 0.7, 'protein': 5.2, 'fat': 7.5, 'quantity': 0.2, 'unit': 'cup, shredded'}, {'name': 'hash browns', 'calories': 188.5, 'carbs': 20.0, 'protein': 1.8, 'fat': 11.8, 'quantity': 0.9, 'unit': 'serving 14 round pieces'}, {'name': 'whole wheat toast', 'calories': 153.0, 'carbs': 25.6, 'protein': 8.1, 'fat': 2.0, 'quantity': 2, 'unit': 'slice'}, {'name': 'butter', 'calories': 101.8, 'carbs': 0.0, 'protein': 0.1, 'fat': 11.5, 'quantity': 1, 'unit': 'tbsp'}]""","""[\""eggs\"", \""ham\"", \""cheddar cheese\"", \""hash browns\"", \""whole wheat toast\"", \""butter\""]""",6,809.6,47.9,43.6,49.3
fsb_00793,fsb_00793.jpg,Ham and Cheese Omelette with Toast and Fruit,"""[{'name': 'eggs', 'calories': 143.0, 'carbs': 0.7, 'protein': 12.6, 'fat': 9.5, 'quantity': 2, 'unit': 'large'}, {'name': 'ham', 'calories': 58.4, 'carbs': 0.4, 'protein': 9.3, 'fat': 2.1, 'quantity': 2, 'unit': 'thin slice'}, {'name': 'cheese', 'calories': 68.7, 'carbs': 0.5, 'protein': 3.9, 'fat': 5.7, 'quantity': 1, 'unit': 'cubic inch'}, {'name': 'butter', 'calories': 33.9, 'carbs': 0.0, 'protein': 0.0, 'fat': 3.8, 'quantity': 1, 'unit': 'tsp'}, {'name': 'white bread', 'calories': 159.6, 'carbs': 29.7, 'protein': 5.3, 'fat': 2.0, 'quantity': 2, 'unit': 'slice, large'}, {'name': 'grapes', 'calories': 52.1, 'carbs': 13.7, 'protein': 0.5, 'fat': 0.1, 'quantity': 0.5, 'unit': 'cup'}, {'name': 'pineapple', 'calories': 20.6, 'carbs': 5.4, 'protein': 0.2, 'fat': 0.0, 'quantity': 0.25, 'unit': 'cup, chunks'}]""","""[\""eggs\"", \""ham\"", \""cheese\"", \""butter\"", \""white bread\"", \""grapes\"", \""pineapple\""]""",7,536.3,50.4,31.8,23.2
fsb_00794,fsb_00794.jpg,Ham and Cheese Roll-Ups with Yogurt and Grapes,"""[{'name': 'ham', 'calories': 58.4, 'carbs': 0.4, 'protein': 9.3, 'fat': 2.1, 'quantity': 2, 'unit': 'thin slice'}, {'name': 'swiss cheese', 'calories': 220.1, 'carbs': 0.8, 'protein': 15.1, 'fat': 17.4, 'quantity': 2, 'unit': 'slice (1 oz)'}, {'name': 'black grapes', 'calories': 34.2, 'carbs': 8.4, 'protein': 0.5, 'fat': 0.3, 'quantity': 10, 'unit': 'grape'}, {'name': 'greek yogurt', 'calories': 100.3, 'carbs': 6.1, 'protein': 17.3, 'fat': 0.7, 'quantity': 1, 'unit': 'container'}]""","""[\""ham\"", \""swiss cheese\"", \""black grapes\"", \""greek yogurt\""]""",4,413.0,15.7,42.2,20.5
fsb_00795,fsb_00795.jpg,Ham and Cheese Sandwich with Apples and Peanut Butter Crackers,"""[{'name': 'white bread', 'calories': 159.6, 'carbs': 29.7, 'protein': 5.3, 'fat': 2.0, 'quantity': 2, 'unit': 'slice, large'}, {'name': 'ham', 'calories': 87.6, 'carbs': 0.7, 'protein': 14.0, 'fat': 3.2, 'quantity': 3, 'unit': 'thin slice'}, {'name': 'cheese', 'calories': 68.7, 'carbs': 0.5, 'protein': 3.9, 'fat': 5.7, 'quantity': 1, 'unit': 'cubic inch'}, {'name': 'apple', 'calories': 189.3, 'carbs': 50.3, 'protein': 0.9, 'fat': 0.6, 'quantity': 2, 'unit': 'medium (3\"" dia)'}, {'name': 'peanut butter crackers', 'calories': 210.4, 'carbs': 24.9, 'protein': 4.9, 'fat': 10.5, 'quantity': 1.5, 'unit': 'oz'}]""","""[\""white bread\"", \""ham\"", \""cheese\"", \""apple\"", \""peanut butter crackers\""]""",5,715.6,106.1,29.0,22.0
fsb_00796,fsb_00796.jpg,Ham and Cheese Sandwich with Chips,"""[{'name': 'ham', 'calories': 58.4, 'carbs': 0.4, 'protein': 9.3, 'fat': 2.1, 'quantity': 2, 'unit': 'thin slice'}, {'name': 'cheese', 'calories': 113.1, 'carbs': 0.9, 'protein': 6.4, 'fat': 9.3, 'quantity': 1, 'unit': 'slice (1 oz)'}, {'name': 'lettuce', 'calories': 1.0, 'carbs': 0.2, 'protein': 0.1, 'fat': 0.0, 'quantity': 1, 'unit': 'leaf inner'}, {'name': 'tomato', 'calories': 5.4, 'carbs': 1.2, 'protein': 0.3, 'fat': 0.1, 'quantity': 2, 'unit': 'slice, thin/small'}, {'name': 'bread roll', 'calories': 152.9, 'carbs': 25.8, 'protein': 4.8, 'fat': 3.5, 'quantity': 2, 'unit': 'roll (1 oz)'}, {'name': 'mayonnaise', 'calories': 93.8, 'carbs': 0.1, 'protein': 0.1, 'fat': 10.3, 'quantity': 1, 'unit': 'tbsp'}, {'name': 'tortilla chips', 'calories': 141.6, 'carbs': 20.3, 'protein': 2.1, 'fat': 6.2, 'quantity': 10, 'unit': 'chip'}, {'name': 'diet coke', 'calories': 0.0, 'carbs': 0.4, 'protein': 0.0, 'fat': 0.0, 'quantity': 1, 'unit': 'can (12 fl oz)'}]""","""[\""ham\"", \""cheese\"", \""lettuce\"", \""tomato\"", \""bread roll\"", \""mayonnaise\"", \""tortilla chips\"", \""diet coke\""]""",8,566.2,49.3,23.1,31.5
fsb_00797,fsb_00797.jpg,Ham and Cheese Sandwich with Pizza Slice,"""[{'name': 'bread roll', 'calories': 109.2, 'carbs': 18.4, 'protein': 3.4, 'fat': 2.5, 'quantity': 1, 'unit': 'cup'}, {'name': 'ham', 'calories': 20.2, 'carbs': 0.2, 'protein': 3.2, 'fat': 0.7, 'quantity': 0.1, 'unit': 'slice'}, {'name': 'cheese', 'calories': 68.7, 'carbs': 0.5, 'protein': 3.9, 'fat': 5.7, 'quantity': 1, 'unit': 'cubic inch'}, {'name': 'pizza', 'calories': 284.6, 'carbs': 35.7, 'protein': 12.2, 'fat': 10.4, 'quantity': 1, 'unit': 'slice'}]""","""[\""bread roll\"", \""ham\"", \""cheese\"", \""pizza\""]""",4,482.7,54.8,22.7,19.3
fsb_00798,fsb_00798.jpg,Ham and Cheese Sandwich with Tomato Soup,"""[{'name': 'marble rye bread', 'calories': 165.8, 'carbs': 30.9, 'protein': 5.4, 'fat': 2.1, 'quantity': 2, 'unit': 'slice'}, {'name': 'ham', 'calories': 58.4, 'carbs': 0.4, 'protein': 9.3, 'fat': 2.1, 'quantity': 2, 'unit': 'thin slice'}, {'name': 'cheese', 'calories': 68.7, 'carbs': 0.5, 'protein': 3.9, 'fat': 5.7, 'quantity': 1, 'unit': 'cubic inch'}, {'name': 'lettuce', 'calories': 4.8, 'carbs': 0.9, 'protein': 0.3, 'fat': 0.1, 'quantity': 1, 'unit': 'wt. oz'}, {'name': 'tomato', 'calories': 5.4, 'carbs': 1.2, 'protein': 0.3, 'fat': 0.1, 'quantity': 2, 'unit': 'slice, thin/small'}, {'name': 'mayonnaise', 'calories': 93.8, 'carbs': 0.1, 'protein': 0.1, 'fat': 10.3, 'quantity': 1, 'unit': 'tbsp'}, {'name': 'tomato soup', 'calories': 84.8, 'carbs': 18.2, 'protein': 1.7, 'fat': 0.5, 'quantity': 1, 'unit': 'cup'}]""","""[\""marble rye bread\"", \""ham\"", \""cheese\"", \""lettuce\"", \""tomato\"", \""mayonnaise\"", \""tomato soup\""]""",7,481.7,52.2,21.0,20.9
fsb_00799,fsb_00799.jpg,Ham and Cheese Sandwich,"""[{'name': 'bread', 'calories': 77.1, 'carbs': 14.3, 'protein': 2.6, 'fat': 1.0, 'quantity': 1, 'unit': 'slice'}, {'name': 'ham', 'calories': 58.4, 'carbs': 0.4, 'protein': 9.3, 'fat': 2.1, 'quantity': 2, 'unit': 'thin slice'}, {'name': 'swiss cheese', 'calories': 99.0, 'carbs': 0.4, 'protein': 6.8, 'fat': 7.8, 'quantity': 0.9, 'unit': 'slice (1 oz)'}, {'name': 'lettuce', 'calories': 4.8, 'carbs': 0.9, 'protein': 0.3, 'fat': 0.1, 'quantity': 1, 'unit': 'wt. oz'}, {'name': 'tomato', 'calories': 5.1, 'carbs': 1.1, 'protein': 0.2, 'fat': 0.1, 'quantity': 1, 'unit': 'wt. oz'}]""","""[\""bread\"", \""ham\"", \""swiss cheese\"", \""lettuce\"", \""tomato\""]""",5,244.4,17.1,19.2,11.1
fsb_00800,fsb_00800.jpg,Eggs Benedict,"""[{'name': 'english muffin', 'calories': 133.9, 'carbs': 26.2, 'protein': 4.4, 'fat': 1.0, 'quantity': 1, 'unit': 'muffin'}, {'name': 'fried egg', 'calories': 90.2, 'carbs': 0.4, 'protein': 6.3, 'fat': 6.8, 'quantity': 1, 'unit': 'large'}, {'name': 'ham', 'calories': 20.2, 'carbs': 0.2, 'protein': 3.2, 'fat': 0.7, 'quantity': 0.1, 'unit': 'slice'}, {'name': 'butter', 'calories': 50.9, 'carbs': 0.0, 'protein': 0.1, 'fat': 5.8, 'quantity': 0.5, 'unit': 'tbsp'}]""","""[\""english muffin\"", \""fried egg\"", \""ham\"", \""butter\""]""",4,295.2,26.8,14.0,14.3
fsb_00801,fsb_00801.jpg,Ham And Cherry Tomato Galette,"""[{'name': 'buckwheat crepe', 'calories': 100.5, 'carbs': 9.4, 'protein': 4.0, 'fat': 5.6, 'quantity': 1, 'unit': '8-inch crepe'}, {'name': 'ham', 'calories': 186.3, 'carbs': 1.4, 'protein': 29.7, 'fat': 6.8, 'quantity': 1, 'unit': 'cup, diced'}, {'name': 'cherry tomatoes', 'calories': 12.2, 'carbs': 2.6, 'protein': 0.6, 'fat': 0.1, 'quantity': 4, 'unit': 'cherry'}, {'name': 'honey mustard', 'calories': 69.6, 'carbs': 3.5, 'protein': 0.1, 'fat': 6.1, 'quantity': 1, 'unit': 'tbsp'}]""","""[\""buckwheat crepe\"", \""ham\"", \""cherry tomatoes\"", \""honey mustard\""]""",4,368.6,16.9,34.4,18.6
fsb_00802,fsb_00802.jpg,Ham and Vegetable Stir-Fry,"""[{'name': 'ham', 'calories': 120.9, 'carbs': 0.9, 'protein': 19.3, 'fat': 4.4, 'quantity': 0.6, 'unit': 'slice'}, {'name': 'bell peppers', 'calories': 37.4, 'carbs': 8.9, 'protein': 1.3, 'fat': 0.3, 'quantity': 1, 'unit': 'cup, strips'}, {'name': 'mushrooms', 'calories': 8.8, 'carbs': 1.7, 'protein': 0.7, 'fat': 0.1, 'quantity': 0.2, 'unit': 'cup'}, {'name': 'celery', 'calories': 5.8, 'carbs': 1.1, 'protein': 0.2, 'fat': 0.1, 'quantity': 0.3, 'unit': 'cup'}, {'name': 'chicken', 'calories': 118.8, 'carbs': 0.0, 'protein': 12.9, 'fat': 7.1, 'quantity': 0.4, 'unit': 'cup'}, {'name': 'olive oil', 'calories': 119.3, 'carbs': 0.0, 'protein': 0.0, 'fat': 13.5, 'quantity': 1, 'unit': 'tbsp'}]""","""[\""ham\"", \""bell peppers\"", \""mushrooms\"", \""celery\"", \""chicken\"", \""olive oil\""]""",6,411.0,12.6,34.4,25.5
fsb_00803,fsb_00803.jpg,Ham Sandwich with Apple Slices and Juice,"""[{'name': 'ham', 'calories': 58.4, 'carbs': 0.4, 'protein': 9.3, 'fat': 2.1, 'quantity': 2, 'unit': 'thin slice'}, {'name': 'bread', 'calories': 159.6, 'carbs': 29.7, 'protein': 5.3, 'fat': 2.0, 'quantity': 2, 'unit': 'slice, large'}, {'name': 'apple', 'calories': 47.3, 'carbs': 12.6, 'protein': 0.2, 'fat': 0.2, 'quantity': 0.5, 'unit': 'medium (3\"" dia)'}, {'name': 'juice', 'calories': 115.2, 'carbs': 28.1, 'protein': 0.3, 'fat': 0.0, 'quantity': 0.9, 'unit': 'cup'}]""","""[\""ham\"", \""bread\"", \""apple\"", \""juice\""]""",4,380.5,70.8,15.1,4.3
fsb_00804,fsb_00804.jpg,Ham Sandwich with Chips and Diet Soda,"""[{'name': 'ham', 'calories': 58.4, 'carbs': 0.4, 'protein': 9.3, 'fat': 2.1, 'quantity': 2, 'unit': 'thin slice'}, {'name': 'lettuce', 'calories': 4.8, 'carbs': 0.9, 'protein': 0.3, 'fat': 0.1, 'quantity': 1, 'unit': 'wt. oz'}, {'name': 'tomato', 'calories': 5.1, 'carbs': 1.1, 'protein': 0.2, 'fat': 0.1, 'quantity': 1, 'unit': 'wt. oz'}, {'name': 'cheese', 'calories': 68.7, 'carbs': 0.5, 'protein': 3.9, 'fat': 5.7, 'quantity': 1, 'unit': 'cubic inch'}, {'name': 'bread roll', 'calories': 152.9, 'carbs': 25.8, 'protein': 4.8, 'fat': 3.5, 'quantity': 2, 'unit': 'roll (1 oz)'}, {'name': 'tortilla chips', 'calories': 135.9, 'carbs': 19.5, 'protein': 2.0, 'fat': 6.0, 'quantity': 0.9, 'unit': 'cup'}, {'name': 'diet soda', 'calories': 7.1, 'carbs': 1.0, 'protein': 0.4, 'fat': 0.1, 'quantity': 1, 'unit': 'can (12 fl oz)'}]""","""[\""ham\"", \""lettuce\"", \""tomato\"", \""cheese\"", \""bread roll\"", \""tortilla chips\"", \""diet soda\""]""",7,432.9,49.2,20.9,17.6
fsb_00805,fsb_00805.jpg,Ham Sandwich with Pickles,"""[{'name': 'ham', 'calories': 87.6, 'carbs': 0.7, 'protein': 14.0, 'fat': 3.2, 'quantity': 3, 'unit': 'thin slice'}, {'name': 'bread roll', 'calories': 109.2, 'carbs': 18.4, 'protein': 3.4, 'fat': 2.5, 'quantity': 1, 'unit': 'cup'}, {'name': 'mayonnaise', 'calories': 93.8, 'carbs': 0.1, 'protein': 0.1, 'fat': 10.3, 'quantity': 1, 'unit': 'tbsp'}, {'name': 'pickles', 'calories': 5.0, 'carbs': 1.0, 'protein': 0.2, 'fat': 0.1, 'quantity': 6, 'unit': 'slice'}]""","""[\""ham\"", \""bread roll\"", \""mayonnaise\"", \""pickles\""]""",4,295.6,20.2,17.7,16.1
fsb_00806,fsb_00806.jpg,Ham Sandwich,"""[{'name': 'bread', 'calories': 77.1, 'carbs': 14.3, 'protein': 2.6, 'fat': 1.0, 'quantity': 1, 'unit': 'slice'}, {'name': 'ham', 'calories': 87.6, 'carbs': 0.7, 'protein': 14.0, 'fat': 3.2, 'quantity': 3, 'unit': 'thin slice'}, {'name': 'lettuce', 'calories': 1.6, 'carbs': 0.3, 'protein': 0.1, 'fat': 0.0, 'quantity': 0.2, 'unit': 'cups shredded'}, {'name': 'tomato', 'calories': 5.4, 'carbs': 1.2, 'protein': 0.3, 'fat': 0.1, 'quantity': 2, 'unit': 'slice, thin/small'}, {'name': 'mayonnaise', 'calories': 93.8, 'carbs': 0.1, 'protein': 0.1, 'fat': 10.3, 'quantity': 1, 'unit': 'tbsp'}, {'name': 'cheese', 'calories': 68.7, 'carbs': 0.5, 'protein': 3.9, 'fat': 5.7, 'quantity': 1, 'unit': 'cubic inch'}]""","""[\""bread\"", \""ham\"", \""lettuce\"", \""tomato\"", \""mayonnaise\"", \""cheese\""]""",6,334.2,17.1,21.0,20.3
fsb_00807,fsb_00807.jpg,Ham Sandwich,"""[{'name': 'rye bread', 'calories': 165.8, 'carbs': 30.9, 'protein': 5.4, 'fat': 2.1, 'quantity': 2, 'unit': 'slice, regular'}, {'name': 'ham', 'calories': 87.6, 'carbs': 0.7, 'protein': 14.0, 'fat': 3.2, 'quantity': 3, 'unit': 'thin slice'}, {'name': 'lettuce', 'calories': 1.6, 'carbs': 0.3, 'protein': 0.1, 'fat': 0.0, 'quantity': 0.2, 'unit': 'cups shredded'}, {'name': 'mayonnaise', 'calories': 93.8, 'carbs': 0.1, 'protein': 0.1, 'fat': 10.3, 'quantity': 1, 'unit': 'tbsp'}]""","""[\""rye bread\"", \""ham\"", \""lettuce\"", \""mayonnaise\""]""",4,348.8,32.0,19.6,15.6
fsb_00808,fsb_00808.jpg,Ham Sandwich,"""[{'name': 'whole grain bread', 'calories': 161.3, 'carbs': 27.3, 'protein': 8.0, 'fat': 2.2, 'quantity': 2, 'unit': 'slice'}, {'name': 'ham', 'calories': 87.6, 'carbs': 0.7, 'protein': 14.0, 'fat': 3.2, 'quantity': 3, 'unit': 'thin slice'}, {'name': 'mustard', 'calories': 3.1, 'carbs': 0.3, 'protein': 0.2, 'fat': 0.2, 'quantity': 1, 'unit': 'tsp'}]""","""[\""whole grain bread\"", \""ham\"", \""mustard\""]""",3,252.0,28.3,22.2,5.6
fsb_00809,fsb_00809.jpg,Ham Sandwich,"""[{'name': 'whole wheat bread', 'calories': 161.3, 'carbs': 27.3, 'protein': 8.0, 'fat': 2.2, 'quantity': 2, 'unit': 'slice'}, {'name': 'ham', 'calories': 87.6, 'carbs': 0.7, 'protein': 14.0, 'fat': 3.2, 'quantity': 3, 'unit': 'thin slice'}, {'name': 'lettuce', 'calories': 4.8, 'carbs': 0.9, 'protein': 0.3, 'fat': 0.1, 'quantity': 1, 'unit': 'wt. oz'}, {'name': 'tomato', 'calories': 6.1, 'carbs': 1.3, 'protein': 0.3, 'fat': 0.1, 'quantity': 2, 'unit': 'cherry'}, {'name': 'mayonnaise', 'calories': 31.1, 'carbs': 0.0, 'protein': 0.0, 'fat': 3.4, 'quantity': 1, 'unit': 'tsp'}]""","""[\""whole wheat bread\"", \""ham\"", \""lettuce\"", \""tomato\"", \""mayonnaise\""]""",5,290.9,30.2,22.6,9.0
fsb_00810,fsb_00810.jpg,Hamburger Curry with Omelette,"""[{'name': 'hamburger patty', 'calories': 192.6, 'carbs': 0.0, 'protein': 20.4, 'fat': 11.6, 'quantity': 1, 'unit': 'patty ( yield from 1/4 lb raw meat )'}, {'name': 'curry sauce', 'calories': 124.4, 'carbs': 9.4, 'protein': 1.5, 'fat': 9.7, 'quantity': 0.5, 'unit': 'cup'}, {'name': 'omelette', 'calories': 110.6, 'carbs': 0.5, 'protein': 7.2, 'fat': 8.7, 'quantity': 1, 'unit': '1-egg omelet'}]""","""[\""hamburger patty\"", \""curry sauce\"", \""omelette\""]""",3,427.6,9.9,29.1,30.0
fsb_00811,fsb_00811.jpg,Breakfast Sandwich,"""[{'name': 'hash brown', 'calories': 144.2, 'carbs': 15.3, 'protein': 1.4, 'fat': 9.0, 'quantity': 1, 'unit': 'patty'}, {'name': 'english muffin', 'calories': 133.9, 'carbs': 26.2, 'protein': 4.4, 'fat': 1.0, 'quantity': 1, 'unit': 'muffin'}, {'name': 'sausage patty', 'calories': 156.0, 'carbs': 0.7, 'protein': 8.9, 'fat': 13.1, 'quantity': 1, 'unit': 'serving'}, {'name': 'egg', 'calories': 71.5, 'carbs': 0.4, 'protein': 6.3, 'fat': 4.8, 'quantity': 1, 'unit': 'large'}, {'name': 'cheese', 'calories': 48.1, 'carbs': 0.4, 'protein': 2.7, 'fat': 4.0, 'quantity': 0.7, 'unit': 'cubic inch'}, {'name': 'tea', 'calories': 0.3, 'carbs': 0.1, 'protein': 0.0, 'fat': 0.0, 'quantity': 1, 'unit': 'fl oz'}]""","""[\""hash brown\"", \""english muffin\"", \""sausage patty\"", \""egg\"", \""cheese\"", \""tea\""]""",6,554.0,43.1,23.7,31.9
fsb_00812,fsb_00812.jpg,Hawaiian Pizza Slice,"""[{'name': 'pizza crust', 'calories': 135.1, 'carbs': 23.5, 'protein': 3.3, 'fat': 2.9, 'quantity': 2, 'unit': 'oz'}, {'name': 'tomato sauce', 'calories': 14.7, 'carbs': 3.3, 'protein': 0.7, 'fat': 0.2, 'quantity': 4, 'unit': 'tbsp'}, {'name': 'mozzarella cheese', 'calories': 67.2, 'carbs': 0.5, 'protein': 5.0, 'fat': 5.0, 'quantity': 0.2, 'unit': 'cup, shredded'}, {'name': 'pineapple', 'calories': 20.6, 'carbs': 5.4, 'protein': 0.2, 'fat': 0.0, 'quantity': 0.25, 'unit': 'cup, chunks'}, {'name': 'green bell pepper', 'calories': 6.4, 'carbs': 1.5, 'protein': 0.2, 'fat': 0.0, 'quantity': 0.2, 'unit': 'pepper'}, {'name': 'ham', 'calories': 20.2, 'carbs': 0.2, 'protein': 3.2, 'fat': 0.7, 'quantity': 0.1, 'unit': 'slice'}]""","""[\""pizza crust\"", \""tomato sauce\"", \""mozzarella cheese\"", \""pineapple\"", \""green bell pepper\"", \""ham\""]""",6,264.2,34.4,12.6,8.8
fsb_00813,fsb_00813.jpg,Herb Chicken With Roasted Potatoes And Green Beans,"""[{'name': 'chicken breast', 'calories': 161.7, 'carbs': 0.0, 'protein': 30.4, 'fat': 3.5, 'quantity': 1, 'unit': 'fillet'}, {'name': 'herb', 'calories': 49.8, 'carbs': 9.2, 'protein': 3.7, 'fat': 1.1, 'quantity': 1, 'unit': 'wt. oz'}, {'name': 'roasted potatoes', 'calories': 107.8, 'carbs': 13.9, 'protein': 1.6, 'fat': 5.2, 'quantity': 0.6, 'unit': 'cup'}, {'name': 'green beans', 'calories': 21.9, 'carbs': 4.9, 'protein': 1.2, 'fat': 0.2, 'quantity': 0.5, 'unit': 'cup'}, {'name': 'bacon bits', 'calories': 30.0, 'carbs': 1.8, 'protein': 2.0, 'fat': 1.6, 'quantity': 0.9, 'unit': 'tbsp'}]""","""[\""chicken breast\"", \""herb\"", \""roasted potatoes\"", \""green beans\"", \""bacon bits\""]""",5,371.2,29.8,38.9,11.6
fsb_00814,fsb_00814.jpg,Hot and Sour Soup,"""[{'name': 'chicken broth', 'calories': 14.9, 'carbs': 1.1, 'protein': 1.6, 'fat': 0.5, 'quantity': 1, 'unit': 'cup'}, {'name': 'tofu', 'calories': 41.2, 'carbs': 0.6, 'protein': 5.0, 'fat': 2.6, 'quantity': 0.2, 'unit': 'cup'}, {'name': 'mushrooms', 'calories': 4.4, 'carbs': 0.8, 'protein': 0.3, 'fat': 0.1, 'quantity': 0.1, 'unit': 'cup'}, {'name': 'soy sauce', 'calories': 8.5, 'carbs': 0.8, 'protein': 1.3, 'fat': 0.1, 'quantity': 1, 'unit': 'tbsp'}, {'name': 'vinegar', 'calories': 2.7, 'carbs': 0.0, 'protein': 0.0, 'fat': 0.0, 'quantity': 1, 'unit': 'tbsp'}, {'name': 'cornstarch', 'calories': 30.5, 'carbs': 7.3, 'protein': 0.0, 'fat': 0.0, 'quantity': 1, 'unit': 'tbsp'}, {'name': 'egg', 'calories': 71.5, 'carbs': 0.4, 'protein': 6.3, 'fat': 4.8, 'quantity': 1, 'unit': 'large'}]""","""[\""chicken broth\"", \""tofu\"", \""mushrooms\"", \""soy sauce\"", \""vinegar\"", \""cornstarch\"", \""egg\""]""",7,173.7,11.0,14.5,8.1
fsb_00815,fsb_00815.jpg,Hot and Sour Soup,"""[{'name': 'chicken broth', 'calories': 14.9, 'carbs': 1.1, 'protein': 1.6, 'fat': 0.5, 'quantity': 1, 'unit': 'cup'}, {'name': 'tofu', 'calories': 61.8, 'carbs': 0.9, 'protein': 7.4, 'fat': 3.9, 'quantity': 0.3, 'unit': 'cup'}, {'name': 'mushrooms', 'calories': 4.4, 'carbs': 0.8, 'protein': 0.3, 'fat': 0.1, 'quantity': 0.1, 'unit': 'cup'}, {'name': 'carrots', 'calories': 10.9, 'carbs': 2.6, 'protein': 0.2, 'fat': 0.1, 'quantity': 0.2, 'unit': 'cup'}, {'name': 'soy sauce', 'calories': 8.5, 'carbs': 0.8, 'protein': 1.3, 'fat': 0.1, 'quantity': 1, 'unit': 'tbsp'}, {'name': 'vinegar', 'calories': 2.7, 'carbs': 0.0, 'protein': 0.0, 'fat': 0.0, 'quantity': 1, 'unit': 'tbsp'}, {'name': 'egg', 'calories': 35.8, 'carbs': 0.2, 'protein': 3.1, 'fat': 2.4, 'quantity': 0.5, 'unit': 'large'}, {'name': 'cornstarch', 'calories': 30.5, 'carbs': 7.3, 'protein': 0.0, 'fat': 0.0, 'quantity': 1, 'unit': 'tbsp'}]""","""[\""chicken broth\"", \""tofu\"", \""mushrooms\"", \""carrots\"", \""soy sauce\"", \""vinegar\"", \""egg\"", \""cornstarch\""]""",8,169.5,13.7,13.9,7.1
fsb_00816,fsb_00816.jpg,Hot and Sour Soup,"""[{'name': 'mushrooms', 'calories': 13.2, 'carbs': 2.5, 'protein': 1.0, 'fat': 0.2, 'quantity': 0.3, 'unit': 'cup'}, {'name': 'tofu', 'calories': 41.2, 'carbs': 0.6, 'protein': 5.0, 'fat': 2.6, 'quantity': 0.2, 'unit': 'cup'}, {'name': 'egg', 'calories': 71.5, 'carbs': 0.4, 'protein': 6.3, 'fat': 4.8, 'quantity': 1, 'unit': 'large'}, {'name': 'chicken broth', 'calories': 14.9, 'carbs': 1.1, 'protein': 1.6, 'fat': 0.5, 'quantity': 1, 'unit': 'cup'}, {'name': 'vinegar', 'calories': 2.7, 'carbs': 0.0, 'protein': 0.0, 'fat': 0.0, 'quantity': 1, 'unit': 'tbsp'}, {'name': 'soy sauce', 'calories': 7.6, 'carbs': 0.7, 'protein': 1.2, 'fat': 0.1, 'quantity': 0.9, 'unit': 'tbsp'}, {'name': 'cornstarch', 'calories': 30.5, 'carbs': 7.3, 'protein': 0.0, 'fat': 0.0, 'quantity': 1, 'unit': 'tbsp'}]""","""[\""mushrooms\"", \""tofu\"", \""egg\"", \""chicken broth\"", \""vinegar\"", \""soy sauce\"", \""cornstarch\""]""",7,181.6,12.6,15.1,8.2
fsb_00817,fsb_00817.jpg,Hot Dog with Ketchup and Relish,"""[{'name': 'hot dog bun', 'calories': 122.3, 'carbs': 22.1, 'protein': 4.3, 'fat': 1.7, 'quantity': 1, 'unit': 'roll 1 serving'}, {'name': 'hot dog', 'calories': 154.6, 'carbs': 1.3, 'protein': 5.6, 'fat': 14.1, 'quantity': 1, 'unit': 'frankfurter'}, {'name': 'ketchup', 'calories': 17.2, 'carbs': 4.7, 'protein': 0.2, 'fat': 0.0, 'quantity': 1, 'unit': 'tbsp'}, {'name': 'relish', 'calories': 15.6, 'carbs': 4.2, 'protein': 0.0, 'fat': 0.1, 'quantity': 0.8, 'unit': 'tbsp'}, {'name': 'onion', 'calories': 4.0, 'carbs': 0.9, 'protein': 0.1, 'fat': 0.0, 'quantity': 0.7, 'unit': 'tbsp'}]""","""[\""hot dog bun\"", \""hot dog\"", \""ketchup\"", \""relish\"", \""onion\""]""",5,313.7,33.2,10.2,15.9
fsb_00818,fsb_00818.jpg,Hot Dog with Tomato Soup,"""[{'name': 'hot dog bun', 'calories': 122.3, 'carbs': 22.1, 'protein': 4.3, 'fat': 1.7, 'quantity': 1, 'unit': 'roll 1 serving'}, {'name': 'hot dog sausage', 'calories': 154.6, 'carbs': 1.3, 'protein': 5.6, 'fat': 14.1, 'quantity': 1, 'unit': 'frankfurter'}, {'name': 'onion', 'calories': 5.8, 'carbs': 1.3, 'protein': 0.2, 'fat': 0.0, 'quantity': 1, 'unit': 'tbsp'}, {'name': 'relish', 'calories': 19.5, 'carbs': 5.3, 'protein': 0.1, 'fat': 0.1, 'quantity': 1, 'unit': 'tbsp'}, {'name': 'ketchup', 'calories': 17.2, 'carbs': 4.7, 'protein': 0.2, 'fat': 0.0, 'quantity': 1, 'unit': 'tbsp'}, {'name': 'pickles', 'calories': 8.4, 'carbs': 1.7, 'protein': 0.3, 'fat': 0.2, 'quantity': 2, 'unit': 'spear'}, {'name': 'tomato soup', 'calories': 84.8, 'carbs': 18.2, 'protein': 1.7, 'fat': 0.5, 'quantity': 1, 'unit': 'cup'}]""","""[\""hot dog bun\"", \""hot dog sausage\"", \""onion\"", \""relish\"", \""ketchup\"", \""pickles\"", \""tomato soup\""]""",7,412.6,54.6,12.4,16.6
fsb_00819,fsb_00819.jpg,Hot Dog with Tomato Soup,"""[{'name': 'hot dog bun', 'calories': 122.3, 'carbs': 22.1, 'protein': 4.3, 'fat': 1.7, 'quantity': 1, 'unit': 'roll 1 serving'}, {'name': 'hot dog', 'calories': 154.6, 'carbs': 1.3, 'protein': 5.6, 'fat': 14.1, 'quantity': 1, 'unit': 'frankfurter'}, {'name': 'ketchup', 'calories': 17.2, 'carbs': 4.7, 'protein': 0.2, 'fat': 0.0, 'quantity': 1, 'unit': 'tbsp'}, {'name': 'mustard', 'calories': 3.1, 'carbs': 0.3, 'protein': 0.2, 'fat': 0.2, 'quantity': 1, 'unit': 'tsp'}, {'name': 'pickles', 'calories': 8.4, 'carbs': 1.7, 'protein': 0.3, 'fat': 0.2, 'quantity': 2, 'unit': 'spear'}, {'name': 'tomato soup', 'calories': 76.3, 'carbs': 16.4, 'protein': 1.6, 'fat': 0.5, 'quantity': 0.9, 'unit': 'cup'}]""","""[\""hot dog bun\"", \""hot dog\"", \""ketchup\"", \""mustard\"", \""pickles\"", \""tomato soup\""]""",6,381.9,46.5,12.2,16.7
fsb_00820,fsb_00820.jpg,Hot Dog with Tomato Soup,"""[{'name': 'hot dog', 'calories': 154.6, 'carbs': 1.3, 'protein': 5.6, 'fat': 14.1, 'quantity': 1, 'unit': 'frankfurter'}, {'name': 'hot dog bun', 'calories': 122.3, 'carbs': 22.1, 'protein': 4.3, 'fat': 1.7, 'quantity': 1, 'unit': 'roll 1 serving'}, {'name': 'pickles', 'calories': 8.4, 'carbs': 1.7, 'protein': 0.3, 'fat': 0.2, 'quantity': 2, 'unit': 'spear'}, {'name': 'tomato soup', 'calories': 84.8, 'carbs': 18.2, 'protein': 1.7, 'fat': 0.5, 'quantity': 1, 'unit': 'cup'}]""","""[\""hot dog\"", \""hot dog bun\"", \""pickles\"", \""tomato soup\""]""",4,370.1,43.3,11.9,16.5
fsb_00821,fsb_00821.jpg,Hot Dog,"""[{'name': 'hot dog sausage', 'calories': 154.6, 'carbs': 1.3, 'protein': 5.6, 'fat': 14.1, 'quantity': 1, 'unit': 'frankfurter'}, {'name': 'hot dog bun', 'calories': 122.3, 'carbs': 22.1, 'protein': 4.3, 'fat': 1.7, 'quantity': 1, 'unit': 'roll 1 serving'}, {'name': 'ketchup', 'calories': 17.2, 'carbs': 4.7, 'protein': 0.2, 'fat': 0.0, 'quantity': 1, 'unit': 'tbsp'}, {'name': 'sweet relish', 'calories': 19.5, 'carbs': 5.3, 'protein': 0.1, 'fat': 0.1, 'quantity': 1, 'unit': 'tbsp'}, {'name': 'onion', 'calories': 4.0, 'carbs': 0.9, 'protein': 0.1, 'fat': 0.0, 'quantity': 0.7, 'unit': 'tbsp'}]""","""[\""hot dog sausage\"", \""hot dog bun\"", \""ketchup\"", \""sweet relish\"", \""onion\""]""",5,317.6,34.3,10.3,15.9
fsb_00822,fsb_00822.jpg,Hot Pot,"""[{'name': 'fish balls', 'calories': 147.9, 'carbs': 2.6, 'protein': 12.6, 'fat': 9.3, 'quantity': 8, 'unit': 'tbsp'}, {'name': 'crab sticks', 'calories': 80.8, 'carbs': 12.8, 'protein': 6.5, 'fat': 0.4, 'quantity': 3, 'unit': 'oz'}, {'name': 'baby corn', 'calories': 38.4, 'carbs': 8.4, 'protein': 1.4, 'fat': 0.6, 'quantity': 6, 'unit': 'oz'}, {'name': 'bok choy', 'calories': 4.1, 'carbs': 0.6, 'protein': 0.5, 'fat': 0.1, 'quantity': 0.2, 'unit': 'cup'}, {'name': 'chicken', 'calories': 118.8, 'carbs': 0.0, 'protein': 12.9, 'fat': 7.1, 'quantity': 0.4, 'unit': 'cup'}, {'name': 'egg', 'calories': 71.5, 'carbs': 0.4, 'protein': 6.3, 'fat': 4.8, 'quantity': 1, 'unit': 'large'}, {'name': 'broth', 'calories': 17.3, 'carbs': 1.7, 'protein': 1.2, 'fat': 0.6, 'quantity': 0.2, 'unit': 'cup'}]""","""[\""fish balls\"", \""crab sticks\"", \""baby corn\"", \""bok choy\"", \""chicken\"", \""egg\"", \""broth\""]""",7,478.8,26.5,41.4,22.9
fsb_00823,fsb_00823.jpg,"I'm unable to provide specific nutritional information from the packaging. However, I can help with a general estimation based on typical ingredients.","""[{'name': 'popcorn', 'calories': 44.0, 'carbs': 4.4, 'protein': 0.6, 'fat': 2.7, 'quantity': 1, 'unit': 'cup'}, {'name': 'milk chocolate', 'calories': 151.7, 'carbs': 16.8, 'protein': 2.2, 'fat': 8.4, 'quantity': 1, 'unit': 'wt. oz'}, {'name': 'caramel', 'calories': 62.0, 'carbs': 16.4, 'protein': 0.3, 'fat': 0.0, 'quantity': 1.4, 'unit': 'tbsp'}]""","""[\""popcorn\"", \""milk chocolate\"", \""caramel\""]""",3,257.7,37.6,3.1,11.1
fsb_00824,fsb_00824.jpg,Iced Coffee with Milk,"""[{'name': 'coffee', 'calories': 1.9, 'carbs': 0.0, 'protein': 0.2, 'fat': 0.0, 'quantity': 0.8, 'unit': 'cup'}, {'name': 'milk', 'calories': 61.0, 'carbs': 5.9, 'protein': 4.0, 'fat': 2.4, 'quantity': 0.5, 'unit': 'cup'}, {'name': 'sugar', 'calories': 48.4, 'carbs': 12.5, 'protein': 0.0, 'fat': 0.0, 'quantity': 1, 'unit': 'tbsp'}]""","""[\""coffee\"", \""milk\"", \""sugar\""]""",3,111.3,18.4,4.2,2.4
fsb_00825,fsb_00825.jpg,Iced Coffee with Milk,"""[{'name': 'coffee', 'calories': 1.9, 'carbs': 0.0, 'protein': 0.2, 'fat': 0.0, 'quantity': 0.8, 'unit': 'cup'}, {'name': 'milk', 'calories': 61.0, 'carbs': 5.9, 'protein': 4.0, 'fat': 2.4, 'quantity': 0.5, 'unit': 'cup'}, {'name': 'sugar', 'calories': 32.5, 'carbs': 8.4, 'protein': 0.0, 'fat': 0.0, 'quantity': 2, 'unit': 'tsp'}, {'name': 'ice', 'calories': 0.0, 'carbs': 0.0, 'protein': 0.0, 'fat': 0.0, 'quantity': 1, 'unit': 'oz'}]""","""[\""coffee\"", \""milk\"", \""sugar\"", \""ice\""]""",4,95.4,14.3,4.2,2.4
fsb_00826,fsb_00826.jpg,Iced Coffee with Milk,"""[{'name': 'coffee', 'calories': 1.9, 'carbs': 0.0, 'protein': 0.2, 'fat': 0.0, 'quantity': 0.8, 'unit': 'cup'}, {'name': 'milk', 'calories': 61.0, 'carbs': 5.9, 'protein': 4.0, 'fat': 2.4, 'quantity': 0.5, 'unit': 'cup'}, {'name': 'sugar', 'calories': 32.5, 'carbs': 8.4, 'protein': 0.0, 'fat': 0.0, 'quantity': 2, 'unit': 'tsp'}, {'name': 'ice', 'calories': 0.0, 'carbs': 0.0, 'protein': 0.0, 'fat': 0.0, 'quantity': 1, 'unit': 'oz'}]""","""[\""coffee\"", \""milk\"", \""sugar\"", \""ice\""]""",4,95.4,14.3,4.2,2.4
fsb_00827,fsb_00827.jpg,Iced Coffee,"""[{'name': 'coffee', 'calories': 1.9, 'carbs': 0.0, 'protein': 0.2, 'fat': 0.0, 'quantity': 0.8, 'unit': 'cup'}, {'name': 'milk', 'calories': 61.0, 'carbs': 5.9, 'protein': 4.0, 'fat': 2.4, 'quantity': 0.5, 'unit': 'cup'}, {'name': 'sugar', 'calories': 97.5, 'carbs': 25.2, 'protein': 0.0, 'fat': 0.0, 'quantity': 2, 'unit': 'tbsp'}, {'name': 'ice', 'calories': 0.0, 'carbs': 0.0, 'protein': 0.0, 'fat': 0.0, 'quantity': 1, 'unit': 'oz'}]""","""[\""coffee\"", \""milk\"", \""sugar\"", \""ice\""]""",4,160.4,31.1,4.2,2.4
fsb_00828,fsb_00828.jpg,"Indian Meal with Naan, Curry, and Rice","""[{'name': 'naan', 'calories': 261.9, 'carbs': 45.4, 'protein': 8.7, 'fat': 5.1, 'quantity': 1, 'unit': 'piece'}, {'name': 'chickpea curry', 'calories': 218.1, 'carbs': 20.7, 'protein': 5.8, 'fat': 13.6, 'quantity': 0.6, 'unit': 'cup'}, {'name': 'yellow rice', 'calories': 201.8, 'carbs': 34.8, 'protein': 3.0, 'fat': 5.3, 'quantity': 0.8, 'unit': 'cup'}, {'name': 'mango', 'calories': 59.4, 'carbs': 14.8, 'protein': 0.8, 'fat': 0.4, 'quantity': 0.6, 'unit': 'cup pieces'}, {'name': 'vanilla ice cream', 'calories': 136.6, 'carbs': 15.6, 'protein': 2.3, 'fat': 7.3, 'quantity': 0.5, 'unit': 'cup'}]""","""[\""naan\"", \""chickpea curry\"", \""yellow rice\"", \""mango\"", \""vanilla ice cream\""]""",5,877.8,131.3,20.6,31.7
fsb_00829,fsb_00829.jpg,Instant Noodles,"""[{'name': 'instant noodles', 'calories': 325.2, 'carbs': 44.5, 'protein': 8.4, 'fat': 12.4, 'quantity': 1, 'unit': 'package'}, {'name': 'seasoning', 'calories': 47.4, 'carbs': 10.4, 'protein': 1.9, 'fat': 1.5, 'quantity': 0.4, 'unit': 'cup'}, {'name': 'water', 'calories': 0.0, 'carbs': 0.0, 'protein': 0.0, 'fat': 0.0, 'quantity': 1, 'unit': 'cup'}]""","""[\""instant noodles\"", \""seasoning\"", \""water\""]""",3,372.6,54.9,10.3,13.9
fsb_00830,fsb_00830.jpg,Italian Sub Sandwich with Chips,"""[{'name': 'sub roll', 'calories': 204.0, 'carbs': 38.9, 'protein': 8.1, 'fat': 1.8, 'quantity': 0.6, 'unit': 'sub roll'}, {'name': 'salami', 'calories': 102.1, 'carbs': 0.2, 'protein': 5.7, 'fat': 8.5, 'quantity': 3, 'unit': 'slices 1 serving'}, {'name': 'lettuce', 'calories': 1.6, 'carbs': 0.3, 'protein': 0.1, 'fat': 0.0, 'quantity': 0.2, 'unit': 'cups shredded'}, {'name': 'tomato', 'calories': 3.6, 'carbs': 0.8, 'protein': 0.2, 'fat': 0.0, 'quantity': 1, 'unit': 'slice, medium (1/4\"" thick)'}, {'name': 'banana peppers', 'calories': 2.8, 'carbs': 0.6, 'protein': 0.2, 'fat': 0.0, 'quantity': 4, 'unit': 'tsp'}, {'name': 'mayonnaise', 'calories': 93.8, 'carbs': 0.1, 'protein': 0.1, 'fat': 10.3, 'quantity': 1, 'unit': 'tbsp'}, {'name': 'potato chips', 'calories': 44.7, 'carbs': 4.5, 'protein': 0.5, 'fat': 2.9, 'quantity': 6.6, 'unit': 'chips'}, {'name': 'diet coke', 'calories': 0.0, 'carbs': 0.4, 'protein': 0.0, 'fat': 0.0, 'quantity': 1, 'unit': 'can (12 fl oz)'}]""","""[\""sub roll\"", \""salami\"", \""lettuce\"", \""tomato\"", \""banana peppers\"", \""mayonnaise\"", \""potato chips\"", \""diet coke\""]""",8,452.6,45.8,14.9,23.5
fsb_00831,fsb_00831.jpg,Jamaican Beef Patty,"""[{'name': 'pastry', 'calories': 297.1, 'carbs': 33.4, 'protein': 5.7, 'fat': 15.6, 'quantity': 1, 'unit': 'pastry'}, {'name': 'ground beef', 'calories': 81.1, 'carbs': 0.0, 'protein': 8.0, 'fat': 5.2, 'quantity': 0.2, 'unit': 'portion ( yield from 1/2 lb raw meat )'}, {'name': 'onion', 'calories': 18.5, 'carbs': 4.3, 'protein': 0.6, 'fat': 0.1, 'quantity': 0.2, 'unit': 'cup'}, {'name': 'spices', 'calories': 5.1, 'carbs': 1.1, 'protein': 0.2, 'fat': 0.2, 'quantity': 1, 'unit': 'tsp'}]""","""[\""pastry\"", \""ground beef\"", \""onion\"", \""spices\""]""",4,401.8,38.8,14.5,21.1
fsb_00832,fsb_00832.jpg,Japanese Appetizer Trio,"""[{'name': 'fried tofu', 'calories': 70.2, 'carbs': 2.3, 'protein': 4.9, 'fat': 5.2, 'quantity': 2, 'unit': 'piece'}, {'name': 'daikon', 'calories': 10.0, 'carbs': 2.0, 'protein': 0.4, 'fat': 0.1, 'quantity': 0.4, 'unit': 'cup'}, {'name': 'spinach', 'calories': 8.3, 'carbs': 1.4, 'protein': 1.1, 'fat': 0.1, 'quantity': 0.2, 'unit': 'cup'}, {'name': 'bacon', 'calories': 21.5, 'carbs': 0.1, 'protein': 1.6, 'fat': 1.6, 'quantity': 0.4, 'unit': 'slice'}, {'name': 'tofu', 'calories': 75.5, 'carbs': 1.1, 'protein': 9.1, 'fat': 4.8, 'quantity': 0.2, 'unit': 'block'}, {'name': 'sesame dressing', 'calories': 20.3, 'carbs': 0.4, 'protein': 0.1, 'fat': 2.1, 'quantity': 0.9, 'unit': 'tsp'}]""","""[\""fried tofu\"", \""daikon\"", \""spinach\"", \""bacon\"", \""tofu\"", \""sesame dressing\""]""",6,205.8,7.3,17.2,13.9
fsb_00833,fsb_00833.jpg,Japanese Bento Box,"""[{'name': 'sashimi', 'calories': 105.0, 'carbs': 0.8, 'protein': 16.0, 'fat': 3.7, 'quantity': 3, 'unit': 'oz'}, {'name': 'sushi roll', 'calories': 140.4, 'carbs': 15.3, 'protein': 3.1, 'fat': 7.6, 'quantity': 3, 'unit': 'wt. oz'}, {'name': 'rice', 'calories': 102.7, 'carbs': 22.3, 'protein': 2.1, 'fat': 0.2, 'quantity': 0.5, 'unit': 'cup'}, {'name': 'grilled salmon', 'calories': 187.0, 'carbs': 0.0, 'protein': 20.1, 'fat': 11.2, 'quantity': 0.4, 'unit': 'fillet'}, {'name': 'tempura vegetables', 'calories': 158.0, 'carbs': 12.7, 'protein': 2.2, 'fat': 11.5, 'quantity': 3, 'unit': 'piece'}, {'name': 'croquette', 'calories': 201.5, 'carbs': 15.6, 'protein': 9.1, 'fat': 11.4, 'quantity': 2, 'unit': 'croquette'}, {'name': 'spinach salad', 'calories': 13.4, 'carbs': 0.3, 'protein': 0.7, 'fat': 1.0, 'quantity': 0.1, 'unit': 'cup'}, {'name': 'tamago', 'calories': 38.3, 'carbs': 1.5, 'protein': 2.8, 'fat': 2.2, 'quantity': 1, 'unit': 'wt. oz'}, {'name': 'beef roll', 'calories': 82.6, 'carbs': 3.6, 'protein': 5.9, 'fat': 4.3, 'quantity': 2, 'unit': 'oz'}]""","""[\""sashimi\"", \""sushi roll\"", \""rice\"", \""grilled salmon\"", \""tempura vegetables\"", \""croquette\"", \""spinach salad\"", \""tamago\"", \""beef roll\""]""",9,1028.9,72.1,62.0,53.1
fsb_00834,fsb_00834.jpg,Japanese Bento Box,"""[{'name': 'sushi roll', 'calories': 174.4, 'carbs': 19.0, 'protein': 3.9, 'fat': 9.4, 'quantity': 4, 'unit': 'piece'}, {'name': 'white rice', 'calories': 102.7, 'carbs': 22.3, 'protein': 2.1, 'fat': 0.2, 'quantity': 0.5, 'unit': 'cup'}, {'name': 'sashimi', 'calories': 105.0, 'carbs': 0.8, 'protein': 16.0, 'fat': 3.7, 'quantity': 3, 'unit': 'oz'}, {'name': 'tempura', 'calories': 149.2, 'carbs': 15.8, 'protein': 9.2, 'fat': 5.5, 'quantity': 5, 'unit': 'oz'}, {'name': 'gyoza', 'calories': 78.9, 'carbs': 7.4, 'protein': 3.5, 'fat': 3.8, 'quantity': 1, 'unit': 'piece'}, {'name': 'grilled salmon', 'calories': 116.8, 'carbs': 0.0, 'protein': 12.5, 'fat': 7.0, 'quantity': 2, 'unit': 'oz'}, {'name': 'seaweed salad', 'calories': 31.9, 'carbs': 2.4, 'protein': 0.9, 'fat': 2.2, 'quantity': 0.3, 'unit': 'cup'}, {'name': 'egg roll', 'calories': 66.8, 'carbs': 7.3, 'protein': 2.2, 'fat': 3.2, 'quantity': 0.3, 'unit': 'piece'}]""","""[\""sushi roll\"", \""white rice\"", \""sashimi\"", \""tempura\"", \""gyoza\"", \""grilled salmon\"", \""seaweed salad\"", \""egg roll\""]""",8,825.7,75.0,50.3,35.0
fsb_00835,fsb_00835.jpg,Japanese Set Meal,"""[{'name': 'white rice', 'calories': 205.4, 'carbs': 44.5, 'protein': 4.3, 'fat': 0.4, 'quantity': 1, 'unit': 'cup'}, {'name': 'salmon sashimi', 'calories': 58.9, 'carbs': 0.0, 'protein': 5.8, 'fat': 3.8, 'quantity': 1, 'unit': 'piece'}, {'name': 'tuna sashimi', 'calories': 55.6, 'carbs': 0.0, 'protein': 12.4, 'fat': 0.2, 'quantity': 1.7999999999999998, 'unit': 'oz'}, {'name': 'miso soup', 'calories': 41.3, 'carbs': 2.5, 'protein': 4.0, 'fat': 2.1, 'quantity': 0.7, 'unit': 'cup'}, {'name': 'vegetables', 'calories': 17.7, 'carbs': 3.6, 'protein': 0.8, 'fat': 0.0, 'quantity': 0.15, 'unit': 'cup'}, {'name': 'salad dressing', 'calories': 129.0, 'carbs': 1.8, 'protein': 0.4, 'fat': 13.4, 'quantity': 2, 'unit': 'tablespoons'}]""","""[\""white rice\"", \""salmon sashimi\"", \""tuna sashimi\"", \""miso soup\"", \""vegetables\"", \""salad dressing\""]""",6,507.9,52.4,27.7,19.9
fsb_00836,fsb_00836.jpg,Khao Soi,"""[{'name': 'chicken drumstick', 'calories': 167.4, 'carbs': 0.0, 'protein': 21.9, 'fat': 8.2, 'quantity': 1, 'unit': 'drumstick with skin'}, {'name': 'crispy noodles', 'calories': 175.8, 'carbs': 17.5, 'protein': 3.5, 'fat': 10.7, 'quantity': 0.75, 'unit': 'cup'}, {'name': 'coconut milk', 'calories': 133.6, 'carbs': 1.9, 'protein': 1.4, 'fat': 14.5, 'quantity': 0.3, 'unit': 'cup'}, {'name': 'curry sauce', 'calories': 99.6, 'carbs': 7.5, 'protein': 1.2, 'fat': 7.8, 'quantity': 0.4, 'unit': 'cup'}, {'name': 'green onions', 'calories': 1.9, 'carbs': 0.4, 'protein': 0.1, 'fat': 0.0, 'quantity': 1, 'unit': 'tbsp chopped'}]""","""[\""chicken drumstick\"", \""crispy noodles\"", \""coconut milk\"", \""curry sauce\"", \""green onions\""]""",5,578.3,27.3,28.1,41.2
fsb_00837,fsb_00837.jpg,South Indian Thali,"""[{'name': 'vada', 'calories': 161.9, 'carbs': 13.6, 'protein': 5.2, 'fat': 10.1, 'quantity': 3, 'unit': 'wt. oz'}, {'name': 'okra fry', 'calories': 58.8, 'carbs': 3.5, 'protein': 0.9, 'fat': 5.0, 'quantity': 0.3, 'unit': 'cup'}, {'name': 'chickpeas', 'calories': 53.8, 'carbs': 9.0, 'protein': 2.9, 'fat': 0.8, 'quantity': 0.2, 'unit': 'cup'}, {'name': 'pongal', 'calories': 318.6, 'carbs': 54.0, 'protein': 7.3, 'fat': 8.1, 'quantity': 1, 'unit': 'cup'}]""","""[\""vada\"", \""okra fry\"", \""chickpeas\"", \""pongal\""]""",4,593.1,80.1,16.3,24.0
fsb_00838,fsb_00838.jpg,Korean Bibimbap with Side Dishes,"""[{'name': 'rice', 'calories': 102.7, 'carbs': 22.3, 'protein': 2.1, 'fat': 0.2, 'quantity': 0.5, 'unit': 'cup'}, {'name': 'zucchini', 'calories': 5.9, 'carbs': 1.0, 'protein': 0.4, 'fat': 0.1, 'quantity': 0.3, 'unit': 'small'}, {'name': 'mushrooms', 'calories': 4.4, 'carbs': 0.8, 'protein': 0.3, 'fat': 0.1, 'quantity': 0.1, 'unit': 'cup'}, {'name': 'kimchi', 'calories': 15.7, 'carbs': 2.5, 'protein': 1.2, 'fat': 0.5, 'quantity': 0.7, 'unit': 'cup'}, {'name': 'lettuce salad', 'calories': 10.0, 'carbs': 2.1, 'protein': 0.6, 'fat': 0.1, 'quantity': 0.5, 'unit': 'serving'}, {'name': 'soybean paste soup', 'calories': 43.1, 'carbs': 2.2, 'protein': 4.2, 'fat': 2.2, 'quantity': 0.3, 'unit': 'cup'}]""","""[\""rice\"", \""zucchini\"", \""mushrooms\"", \""kimchi\"", \""lettuce salad\"", \""soybean paste soup\""]""",6,181.8,30.9,8.8,3.2
fsb_00839,fsb_00839.jpg,Korean Seafood Pancake (Haemul Pajeon),"""[{'name': 'flour', 'calories': 227.5, 'carbs': 47.7, 'protein': 6.5, 'fat': 0.6, 'quantity': 0.5, 'unit': 'cup'}, {'name': 'egg', 'calories': 71.5, 'carbs': 0.4, 'protein': 6.3, 'fat': 4.8, 'quantity': 1, 'unit': 'large'}, {'name': 'green onion', 'calories': 3.6, 'carbs': 0.8, 'protein': 0.2, 'fat': 0.0, 'quantity': 0.4, 'unit': 'wt. oz'}, {'name': 'seafood', 'calories': 92.0, 'carbs': 1.8, 'protein': 15.0, 'fat': 2.3, 'quantity': 0.5, 'unit': 'cup'}, {'name': 'vegetable oil', 'calories': 240.4, 'carbs': 0.0, 'protein': 0.0, 'fat': 27.2, 'quantity': 2, 'unit': 'tbsp'}]""","""[\""flour\"", \""egg\"", \""green onion\"", \""seafood\"", \""vegetable oil\""]""",5,635.0,50.7,28.0,34.9
fsb_00840,fsb_00840.jpg,Korean Seafood Pancake,"""[{'name': 'flour', 'calories': 455.0, 'carbs': 95.4, 'protein': 12.9, 'fat': 1.2, 'quantity': 1, 'unit': 'cup'}, {'name': 'egg', 'calories': 71.5, 'carbs': 0.4, 'protein': 6.3, 'fat': 4.8, 'quantity': 1, 'unit': 'large'}, {'name': 'green onion', 'calories': 16.0, 'carbs': 3.7, 'protein': 0.9, 'fat': 0.1, 'quantity': 0.5, 'unit': 'cup, chopped'}, {'name': 'shrimp', 'calories': 28.6, 'carbs': 0.4, 'protein': 5.5, 'fat': 0.4, 'quantity': 4, 'unit': 'large'}, {'name': 'squid', 'calories': 50.0, 'carbs': 1.7, 'protein': 8.5, 'fat': 0.8, 'quantity': 0.2, 'unit': 'squid'}, {'name': 'vegetable oil', 'calories': 240.4, 'carbs': 0.0, 'protein': 0.0, 'fat': 27.2, 'quantity': 2, 'unit': 'tbsp'}, {'name': 'soy sauce', 'calories': 8.5, 'carbs': 0.8, 'protein': 1.3, 'fat': 0.1, 'quantity': 1, 'unit': 'tbsp'}]""","""[\""flour\"", \""egg\"", \""green onion\"", \""shrimp\"", \""squid\"", \""vegetable oil\"", \""soy sauce\""]""",7,870.0,102.4,35.4,34.6
fsb_00841,fsb_00841.jpg,Laing,"""[{'name': 'taro leaves', 'calories': 4.8, 'carbs': 0.8, 'protein': 0.5, 'fat': 0.1, 'quantity': 1, 'unit': 'leaf'}, {'name': 'coconut cream', 'calories': 67.8, 'carbs': 10.1, 'protein': 0.2, 'fat': 3.1, 'quantity': 1, 'unit': 'tbsp'}, {'name': 'chili pepper', 'calories': 18.0, 'carbs': 4.0, 'protein': 0.8, 'fat': 0.2, 'quantity': 1, 'unit': 'pepper'}, {'name': 'onion', 'calories': 18.5, 'carbs': 4.3, 'protein': 0.6, 'fat': 0.1, 'quantity': 0.2, 'unit': 'cup'}, {'name': 'garlic', 'calories': 8.0, 'carbs': 1.8, 'protein': 0.3, 'fat': 0.0, 'quantity': 1.7999999999999998, 'unit': 'cloves'}]""","""[\""taro leaves\"", \""coconut cream\"", \""chili pepper\"", \""onion\"", \""garlic\""]""",5,117.1,21.0,2.4,3.5
fsb_00842,fsb_00842.jpg,Lamb Chop Salad,"""[{'name': 'lamb chop', 'calories': 164.7, 'carbs': 0.0, 'protein': 15.4, 'fat': 11.4, 'quantity': 1, 'unit': 'chop'}, {'name': 'cucumber', 'calories': 7.8, 'carbs': 1.9, 'protein': 0.3, 'fat': 0.1, 'quantity': 0.5, 'unit': 'cup slices'}, {'name': 'cheese', 'calories': 114.5, 'carbs': 0.9, 'protein': 6.5, 'fat': 9.4, 'quantity': 1, 'unit': 'oz'}]""","""[\""lamb chop\"", \""cucumber\"", \""cheese\""]""",3,287.0,2.8,22.2,20.9
fsb_00843,fsb_00843.jpg,Lasagna with Side Salad,"""[{'name': 'lasagna', 'calories': 357.4, 'carbs': 20.6, 'protein': 26.1, 'fat': 19.3, 'quantity': 0.9, 'unit': 'cup'}, {'name': 'ground beef', 'calories': 81.1, 'carbs': 0.0, 'protein': 8.0, 'fat': 5.2, 'quantity': 0.2, 'unit': 'portion ( yield from 1/2 lb raw meat )'}, {'name': 'tomato sauce', 'calories': 20.6, 'carbs': 4.6, 'protein': 1.0, 'fat': 0.3, 'quantity': 0.35, 'unit': 'cup'}, {'name': 'ricotta cheese', 'calories': 102.7, 'carbs': 3.8, 'protein': 8.5, 'fat': 5.9, 'quantity': 0.3, 'unit': 'cup'}, {'name': 'mozzarella cheese', 'calories': 100.8, 'carbs': 0.7, 'protein': 7.4, 'fat': 7.5, 'quantity': 0.3, 'unit': 'cup, shredded'}, {'name': 'pasta', 'calories': 89.6, 'carbs': 17.5, 'protein': 3.3, 'fat': 0.5, 'quantity': 2, 'unit': 'wt. oz'}, {'name': 'side salad', 'calories': 51.1, 'carbs': 2.2, 'protein': 1.3, 'fat': 4.3, 'quantity': 0.6, 'unit': 'cup with dressing'}, {'name': 'lettuce', 'calories': 4.8, 'carbs': 0.9, 'protein': 0.3, 'fat': 0.1, 'quantity': 0.6, 'unit': 'cups shredded'}, {'name': 'caesar dressing', 'calories': 79.7, 'carbs': 0.5, 'protein': 0.3, 'fat': 8.5, 'quantity': 1, 'unit': 'tbsp'}]""","""[\""lasagna\"", \""ground beef\"", \""tomato sauce\"", \""ricotta cheese\"", \""mozzarella cheese\"", \""pasta\"", \""side salad\"", \""lettuce\"", \""caesar dressing\""]""",9,887.8,50.8,56.2,51.6
fsb_00844,fsb_00844.jpg,Latte Macchiato,"""[{'name': 'espresso', 'calories': 5.3, 'carbs': 1.0, 'protein': 0.1, 'fat': 0.1, 'quantity': 2, 'unit': 'fl oz'}, {'name': 'whole milk', 'calories': 148.8, 'carbs': 11.7, 'protein': 7.7, 'fat': 7.9, 'quantity': 1, 'unit': 'cup'}, {'name': 'milk', 'calories': 24.4, 'carbs': 2.3, 'protein': 1.6, 'fat': 1.0, 'quantity': 0.2, 'unit': 'cup'}]""","""[\""espresso\"", \""whole milk\"", \""milk\""]""",3,178.5,15.0,9.4,9.0
fsb_00845,fsb_00845.jpg,Lemon Cake Slice,"""[{'name': 'lemon cake', 'calories': 252.9, 'carbs': 39.1, 'protein': 2.5, 'fat': 9.9, 'quantity': 0.6, 'unit': 'piece'}, {'name': 'lemon curd', 'calories': 49.3, 'carbs': 6.7, 'protein': 0.6, 'fat': 2.4, 'quantity': 0.8, 'unit': 'tbsp'}, {'name': 'buttercream frosting', 'calories': 71.7, 'carbs': 9.9, 'protein': 0.1, 'fat': 3.5, 'quantity': 1, 'unit': 'tbsp'}, {'name': 'lemon', 'calories': 4.9, 'carbs': 1.6, 'protein': 0.2, 'fat': 0.1, 'quantity': 0.6, 'unit': 'wt. oz'}]""","""[\""lemon cake\"", \""lemon curd\"", \""buttercream frosting\"", \""lemon\""]""",4,378.8,57.3,3.4,15.9
fsb_00846,fsb_00846.jpg,Lemon Meringue Pie,"""[{'name': 'meringue', 'calories': 80.2, 'carbs': 19.5, 'protein': 1.0, 'fat': 0.0, 'quantity': 1, 'unit': 'wt. oz'}, {'name': 'lemon curd', 'calories': 49.3, 'carbs': 6.7, 'protein': 0.6, 'fat': 2.4, 'quantity': 0.8, 'unit': 'tbsp'}, {'name': 'graham cracker crust', 'calories': 99.4, 'carbs': 12.8, 'protein': 1.0, 'fat': 4.9, 'quantity': 0.7, 'unit': 'oz'}]""","""[\""meringue\"", \""lemon curd\"", \""graham cracker crust\""]""",3,228.9,39.0,2.6,7.3
fsb_00847,fsb_00847.jpg,Lemon Meringue Pie,"""[{'name': 'pie crust', 'calories': 78.2, 'carbs': 8.7, 'protein': 1.0, 'fat': 4.4, 'quantity': 0.1, 'unit': 'pie crust'}, {'name': 'lemon', 'calories': 61.5, 'carbs': 19.8, 'protein': 2.3, 'fat': 0.6, 'quantity': 1, 'unit': 'cup, sections'}, {'name': 'meringue', 'calories': 32.1, 'carbs': 7.8, 'protein': 0.4, 'fat': 0.0, 'quantity': 0.4, 'unit': 'wt. oz'}]""","""[\""pie crust\"", \""lemon\"", \""meringue\""]""",3,171.8,36.3,3.7,5.0
fsb_00848,fsb_00848.jpg,Lemony Spaghetti with Brussels Sprouts,"""[{'name': 'spaghetti', 'calories': 213.0, 'carbs': 42.9, 'protein': 7.5, 'fat': 0.9, 'quantity': 5, 'unit': 'wt. oz'}, {'name': 'brussels sprouts', 'calories': 81.6, 'carbs': 16.1, 'protein': 5.8, 'fat': 1.1, 'quantity': 8, 'unit': 'wt. oz'}, {'name': 'panko breadcrumbs', 'calories': 213.3, 'carbs': 38.9, 'protein': 7.2, 'fat': 2.9, 'quantity': 0.5, 'unit': 'cup'}, {'name': 'scallions', 'calories': 9.6, 'carbs': 2.2, 'protein': 0.5, 'fat': 0.1, 'quantity': 2, 'unit': 'medium (4-1/8\"" long)'}, {'name': 'lemon', 'calories': 16.8, 'carbs': 5.4, 'protein': 0.6, 'fat': 0.2, 'quantity': 1, 'unit': 'NLEA serving'}, {'name': 'chili flakes', 'calories': 5.7, 'carbs': 1.0, 'protein': 0.2, 'fat': 0.3, 'quantity': 1, 'unit': 'tsp'}, {'name': 'garlic', 'calories': 8.0, 'carbs': 1.8, 'protein': 0.3, 'fat': 0.0, 'quantity': 1.7999999999999998, 'unit': 'cloves'}, {'name': 'parmesan cheese', 'calories': 210.0, 'carbs': 7.0, 'protein': 14.2, 'fat': 13.9, 'quantity': 0.5, 'unit': 'cup'}, {'name': 'olive oil', 'calories': 238.7, 'carbs': 0.0, 'protein': 0.0, 'fat': 27.0, 'quantity': 2, 'unit': 'tbsp'}]""","""[\""spaghetti\"", \""brussels sprouts\"", \""panko breadcrumbs\"", \""scallions\"", \""lemon\"", \""chili flakes\"", \""garlic\"", \""parmesan cheese\"", \""olive oil\""]""",9,996.7,115.3,36.3,46.4
fsb_00849,fsb_00849.jpg,Lentil Soup,"""[{'name': 'lentils', 'calories': 229.7, 'carbs': 39.9, 'protein': 17.9, 'fat': 0.8, 'quantity': 1, 'unit': 'cup'}, {'name': 'carrots', 'calories': 10.9, 'carbs': 2.6, 'protein': 0.2, 'fat': 0.1, 'quantity': 0.2, 'unit': 'cup'}, {'name': 'onions', 'calories': 18.5, 'carbs': 4.3, 'protein': 0.6, 'fat': 0.1, 'quantity': 0.2, 'unit': 'cup'}, {'name': 'olive oil', 'calories': 119.3, 'carbs': 0.0, 'protein': 0.0, 'fat': 13.5, 'quantity': 1, 'unit': 'tbsp'}]""","""[\""lentils\"", \""carrots\"", \""onions\"", \""olive oil\""]""",4,378.4,46.8,18.7,14.5
fsb_00850,fsb_00850.jpg,Lentil And Rice Salad,"""[{'name': 'lentils', 'calories': 114.8, 'carbs': 19.9, 'protein': 8.9, 'fat': 0.4, 'quantity': 0.5, 'unit': 'cup'}, {'name': 'brown rice', 'calories': 109.2, 'carbs': 22.9, 'protein': 2.3, 'fat': 0.8, 'quantity': 0.5, 'unit': 'cup'}, {'name': 'arugula', 'calories': 5.0, 'carbs': 0.7, 'protein': 0.5, 'fat': 0.1, 'quantity': 1, 'unit': 'cup'}, {'name': 'caramelized onions', 'calories': 46.4, 'carbs': 3.6, 'protein': 0.5, 'fat': 3.5, 'quantity': 0.2, 'unit': 'cup'}, {'name': 'raisins', 'calories': 86.7, 'carbs': 23.0, 'protein': 0.9, 'fat': 0.1, 'quantity': 0.2, 'unit': 'cup (not packed)'}, {'name': 'greek yogurt', 'calories': 20.1, 'carbs': 1.2, 'protein': 3.5, 'fat': 0.1, 'quantity': 1.2000000000000002, 'unit': 'oz'}]""","""[\""lentils\"", \""brown rice\"", \""arugula\"", \""caramelized onions\"", \""raisins\"", \""greek yogurt\""]""",6,382.2,71.3,16.6,5.0
fsb_00851,fsb_00851.jpg,Lentil Curry with Rice,"""[{'name': 'lentils', 'calories': 114.8, 'carbs': 19.9, 'protein': 8.9, 'fat': 0.4, 'quantity': 0.5, 'unit': 'cup'}, {'name': 'white rice', 'calories': 82.2, 'carbs': 17.8, 'protein': 1.7, 'fat': 0.2, 'quantity': 0.4, 'unit': 'cup'}, {'name': 'tomato', 'calories': 8.0, 'carbs': 1.7, 'protein': 0.4, 'fat': 0.1, 'quantity': 0.3, 'unit': 'cup cherry tomatoes'}, {'name': 'onion', 'calories': 18.5, 'carbs': 4.3, 'protein': 0.6, 'fat': 0.1, 'quantity': 0.2, 'unit': 'cup'}, {'name': 'garlic', 'calories': 8.0, 'carbs': 1.8, 'protein': 0.3, 'fat': 0.0, 'quantity': 1.7999999999999998, 'unit': 'cloves'}, {'name': 'spinach', 'calories': 4.1, 'carbs': 0.7, 'protein': 0.5, 'fat': 0.0, 'quantity': 0.1, 'unit': 'cup'}, {'name': 'olive oil', 'calories': 119.3, 'carbs': 0.0, 'protein': 0.0, 'fat': 13.5, 'quantity': 1, 'unit': 'tbsp'}]""","""[\""lentils\"", \""white rice\"", \""tomato\"", \""onion\"", \""garlic\"", \""spinach\"", \""olive oil\""]""",7,354.9,46.2,12.4,14.3
fsb_00852,fsb_00852.jpg,Lentil Soup and Bean Salad,"""[{'name': 'lentils', 'calories': 229.7, 'carbs': 39.9, 'protein': 17.9, 'fat': 0.8, 'quantity': 1, 'unit': 'cup'}, {'name': 'olive oil', 'calories': 119.3, 'carbs': 0.0, 'protein': 0.0, 'fat': 13.5, 'quantity': 1, 'unit': 'tbsp'}, {'name': 'parsley', 'calories': 1.0, 'carbs': 0.2, 'protein': 0.1, 'fat': 0.0, 'quantity': 0.7, 'unit': 'tbsp'}, {'name': 'white beans', 'calories': 99.5, 'carbs': 18.0, 'protein': 7.0, 'fat': 0.3, 'quantity': 0.4, 'unit': 'cup'}, {'name': 'tomato', 'calories': 16.2, 'carbs': 3.5, 'protein': 0.8, 'fat': 0.2, 'quantity': 0.5, 'unit': 'cup, chopped or sliced'}, {'name': 'arugula', 'calories': 5.0, 'carbs': 0.7, 'protein': 0.5, 'fat': 0.1, 'quantity': 1, 'unit': 'cup'}]""","""[\""lentils\"", \""olive oil\"", \""parsley\"", \""white beans\"", \""tomato\"", \""arugula\""]""",6,470.7,62.3,26.3,14.9
fsb_00853,fsb_00853.jpg,Lentil Soup with Soft-Boiled Eggs and Crackers,"""[{'name': 'lentils', 'calories': 229.7, 'carbs': 39.9, 'protein': 17.9, 'fat': 0.8, 'quantity': 1, 'unit': 'cup'}, {'name': 'soft boiled egg', 'calories': 136.4, 'carbs': 1.0, 'protein': 11.1, 'fat': 9.3, 'quantity': 2, 'unit': 'medium'}, {'name': 'crackers', 'calories': 122.4, 'carbs': 14.7, 'protein': 1.6, 'fat': 6.3, 'quantity': 6, 'unit': 'cracker'}]""","""[\""lentils\"", \""soft boiled egg\"", \""crackers\""]""",3,488.5,55.6,30.6,16.4
fsb_00854,fsb_00854.jpg,Lentil Soup,"""[{'name': 'lentils', 'calories': 114.8, 'carbs': 19.9, 'protein': 8.9, 'fat': 0.4, 'quantity': 0.5, 'unit': 'cup'}, {'name': 'carrots', 'calories': 10.9, 'carbs': 2.6, 'protein': 0.2, 'fat': 0.1, 'quantity': 0.2, 'unit': 'cup'}, {'name': 'spinach', 'calories': 4.1, 'carbs': 0.7, 'protein': 0.5, 'fat': 0.0, 'quantity': 0.1, 'unit': 'cup'}, {'name': 'tomato paste', 'calories': 26.2, 'carbs': 6.1, 'protein': 1.4, 'fat': 0.2, 'quantity': 2, 'unit': 'tbsp'}, {'name': 'olive oil', 'calories': 119.3, 'carbs': 0.0, 'protein': 0.0, 'fat': 13.5, 'quantity': 1, 'unit': 'tbsp'}]""","""[\""lentils\"", \""carrots\"", \""spinach\"", \""tomato paste\"", \""olive oil\""]""",5,275.3,29.3,11.0,14.2
fsb_00855,fsb_00855.jpg,Lentil Soup,"""[{'name': 'lentils', 'calories': 229.7, 'carbs': 39.9, 'protein': 17.9, 'fat': 0.8, 'quantity': 1, 'unit': 'cup'}, {'name': 'carrots', 'calories': 27.2, 'carbs': 6.4, 'protein': 0.6, 'fat': 0.1, 'quantity': 0.5, 'unit': 'cup'}, {'name': 'onions', 'calories': 27.7, 'carbs': 6.4, 'protein': 0.9, 'fat': 0.1, 'quantity': 0.3, 'unit': 'cup'}, {'name': 'olive oil', 'calories': 119.3, 'carbs': 0.0, 'protein': 0.0, 'fat': 13.5, 'quantity': 1, 'unit': 'tablespoon'}, {'name': 'vegetable broth', 'calories': 13.2, 'carbs': 2.2, 'protein': 0.5, 'fat': 0.2, 'quantity': 1, 'unit': 'cup'}]""","""[\""lentils\"", \""carrots\"", \""onions\"", \""olive oil\"", \""vegetable broth\""]""",5,417.1,54.9,19.9,14.7
fsb_00856,fsb_00856.jpg,Lentil Spinach Stew,"""[{'name': 'lentil', 'calories': 229.7, 'carbs': 39.9, 'protein': 17.9, 'fat': 0.8, 'quantity': 1, 'unit': 'cup'}, {'name': 'spinach', 'calories': 4.1, 'carbs': 0.7, 'protein': 0.5, 'fat': 0.0, 'quantity': 0.1, 'unit': 'cup'}, {'name': 'carrot', 'calories': 10.9, 'carbs': 2.6, 'protein': 0.2, 'fat': 0.1, 'quantity': 0.2, 'unit': 'cup'}, {'name': 'onion', 'calories': 18.5, 'carbs': 4.3, 'protein': 0.6, 'fat': 0.1, 'quantity': 0.2, 'unit': 'cup'}, {'name': 'olive oil', 'calories': 119.3, 'carbs': 0.0, 'protein': 0.0, 'fat': 13.5, 'quantity': 1, 'unit': 'tbsp'}]""","""[\""lentil\"", \""spinach\"", \""carrot\"", \""onion\"", \""olive oil\""]""",5,382.5,47.5,19.2,14.5
fsb_00857,fsb_00857.jpg,Lettuce Wrap with Crab and Herbs,"""[{'name': 'crab meat', 'calories': 56.0, 'carbs': 0.0, 'protein': 12.1, 'fat': 0.5, 'quantity': 0.5, 'unit': 'cup (not packed)'}, {'name': 'lettuce', 'calories': 1.0, 'carbs': 0.2, 'protein': 0.1, 'fat': 0.0, 'quantity': 1, 'unit': 'leaf inner'}, {'name': 'rice noodles', 'calories': 57.0, 'carbs': 12.7, 'protein': 0.9, 'fat': 0.1, 'quantity': 0.3, 'unit': 'cup'}, {'name': 'cilantro', 'calories': 0.9, 'carbs': 0.1, 'protein': 0.1, 'fat': 0.0, 'quantity': 0.25, 'unit': 'cup'}, {'name': 'chili sauce', 'calories': 5.2, 'carbs': 1.1, 'protein': 0.1, 'fat': 0.0, 'quantity': 1, 'unit': 'tsp'}]""","""[\""crab meat\"", \""lettuce\"", \""rice noodles\"", \""cilantro\"", \""chili sauce\""]""",5,120.1,14.1,13.3,0.6
fsb_00858,fsb_00858.jpg,Lettuce Wrap with Noodles and Herbs,"""[{'name': 'lettuce', 'calories': 1.0, 'carbs': 0.2, 'protein': 0.1, 'fat': 0.0, 'quantity': 1, 'unit': 'leaf inner'}, {'name': 'rice noodles', 'calories': 57.0, 'carbs': 12.7, 'protein': 0.9, 'fat': 0.1, 'quantity': 0.3, 'unit': 'cup'}, {'name': 'cilantro', 'calories': 0.9, 'carbs': 0.1, 'protein': 0.1, 'fat': 0.0, 'quantity': 1.8, 'unit': 'sprigs'}, {'name': 'sauce', 'calories': 11.0, 'carbs': 1.6, 'protein': 0.3, 'fat': 0.4, 'quantity': 4, 'unit': 'tsp'}]""","""[\""lettuce\"", \""rice noodles\"", \""cilantro\"", \""sauce\""]""",4,69.9,14.6,1.4,0.5
fsb_00859,fsb_00859.jpg,Cheeseburger With Fries,"""[{'name': 'hamburger patty', 'calories': 65.7, 'carbs': 0.0, 'protein': 7.0, 'fat': 4.0, 'quantity': 1, 'unit': 'oz'}, {'name': 'cheddar', 'calories': 114.5, 'carbs': 0.9, 'protein': 6.5, 'fat': 9.4, 'quantity': 1, 'unit': 'oz'}, {'name': 'lettuce', 'calories': 8.0, 'carbs': 1.5, 'protein': 0.6, 'fat': 0.1, 'quantity': 1, 'unit': 'cups shredded'}, {'name': 'ketchup', 'calories': 17.2, 'carbs': 4.7, 'protein': 0.2, 'fat': 0.0, 'quantity': 1, 'unit': 'tbsp'}, {'name': 'mustard', 'calories': 3.0, 'carbs': 0.3, 'protein': 0.2, 'fat': 0.2, 'quantity': 1, 'unit': 'tsp or 1 packet'}, {'name': 'french fries', 'calories': 365.0, 'carbs': 48.5, 'protein': 4.0, 'fat': 17.2, 'quantity': 1, 'unit': 'serving medium'}]""","""[\""hamburger patty\"", \""cheddar\"", \""lettuce\"", \""ketchup\"", \""mustard\"", \""french fries\""]""",6,573.4,55.9,18.5,30.9
fsb_00860,fsb_00860.jpg,Lindt Les Grandes Dark Chocolate with Almonds and Sea Salt,"""[{'name': 'dark chocolate', 'calories': 530.7, 'carbs': 59.5, 'protein': 4.7, 'fat': 30.4, 'quantity': 0.6, 'unit': 'bar'}, {'name': 'almonds', 'calories': 165.0, 'carbs': 5.8, 'protein': 5.8, 'fat': 14.5, 'quantity': 0.2, 'unit': 'cup whole kernels'}, {'name': 'sea salt', 'calories': 0.0, 'carbs': 0.0, 'protein': 0.0, 'fat': 0.0, 'quantity': 0.25, 'unit': 'tsp'}]""","""[\""dark chocolate\"", \""almonds\"", \""sea salt\""]""",3,695.7,65.3,10.5,44.9
fsb_00861,fsb_00861.jpg,Linguine with Clams,"""[{'name': 'linguine', 'calories': 221.2, 'carbs': 43.2, 'protein': 8.1, 'fat': 1.3, 'quantity': 1, 'unit': 'cup'}, {'name': 'clams', 'calories': 88.1, 'carbs': 3.1, 'protein': 15.2, 'fat': 1.2, 'quantity': 2.0999999999999996, 'unit': 'oz'}, {'name': 'olive oil', 'calories': 119.3, 'carbs': 0.0, 'protein': 0.0, 'fat': 13.5, 'quantity': 1, 'unit': 'tbsp'}, {'name': 'garlic', 'calories': 8.0, 'carbs': 1.8, 'protein': 0.3, 'fat': 0.0, 'quantity': 1.7999999999999998, 'unit': 'cloves'}, {'name': 'parsley', 'calories': 1.0, 'carbs': 0.2, 'protein': 0.1, 'fat': 0.0, 'quantity': 0.7, 'unit': 'tbsp'}]""","""[\""linguine\"", \""clams\"", \""olive oil\"", \""garlic\"", \""parsley\""]""",5,437.6,48.3,23.7,16.0
fsb_00862,fsb_00862.jpg,Loaded Nachos,"""[{'name': 'tortilla chips', 'calories': 141.6, 'carbs': 20.3, 'protein': 2.1, 'fat': 6.2, 'quantity': 10, 'unit': 'chip'}, {'name': 'cheese', 'calories': 91.3, 'carbs': 0.7, 'protein': 5.2, 'fat': 7.5, 'quantity': 0.2, 'unit': 'cup, shredded'}, {'name': 'avocado', 'calories': 48.0, 'carbs': 2.6, 'protein': 0.6, 'fat': 4.4, 'quantity': 0.2, 'unit': 'cup, cubes'}, {'name': 'sour cream', 'calories': 23.8, 'carbs': 0.6, 'protein': 0.3, 'fat': 2.3, 'quantity': 1, 'unit': 'tbsp'}, {'name': 'tomato', 'calories': 6.5, 'carbs': 1.4, 'protein': 0.3, 'fat': 0.1, 'quantity': 0.2, 'unit': 'cup, chopped or sliced'}, {'name': 'onion', 'calories': 9.2, 'carbs': 2.1, 'protein': 0.3, 'fat': 0.0, 'quantity': 0.1, 'unit': 'cup'}, {'name': 'cilantro', 'calories': 0.9, 'carbs': 0.1, 'protein': 0.1, 'fat': 0.0, 'quantity': 4, 'unit': 'tbsp'}]""","""[\""tortilla chips\"", \""cheese\"", \""avocado\"", \""sour cream\"", \""tomato\"", \""onion\"", \""cilantro\""]""",7,321.3,27.8,8.9,20.5
fsb_00863,fsb_00863.jpg,Loaded Nachos,"""[{'name': 'tortilla chips', 'calories': 267.6, 'carbs': 38.4, 'protein': 4.0, 'fat': 11.7, 'quantity': 2, 'unit': 'oz'}, {'name': 'cheddar cheese', 'calories': 228.3, 'carbs': 1.7, 'protein': 12.9, 'fat': 18.8, 'quantity': 0.5, 'unit': 'cup, shredded'}, {'name': 'black beans', 'calories': 113.5, 'carbs': 20.4, 'protein': 7.6, 'fat': 0.5, 'quantity': 0.5, 'unit': 'cup'}, {'name': 'red bell pepper', 'calories': 10.4, 'carbs': 2.5, 'protein': 0.3, 'fat': 0.1, 'quantity': 0.2, 'unit': 'cup'}, {'name': 'yellow bell pepper', 'calories': 10.0, 'carbs': 2.4, 'protein': 0.4, 'fat': 0.1, 'quantity': 0.2, 'unit': 'pepper, large'}, {'name': 'green onion', 'calories': 9.6, 'carbs': 2.2, 'protein': 0.5, 'fat': 0.1, 'quantity': 0.3, 'unit': 'cup, chopped'}, {'name': 'red onion', 'calories': 18.5, 'carbs': 4.3, 'protein': 0.6, 'fat': 0.1, 'quantity': 0.2, 'unit': 'cup'}]""","""[\""tortilla chips\"", \""cheddar cheese\"", \""black beans\"", \""red bell pepper\"", \""yellow bell pepper\"", \""green onion\"", \""red onion\""]""",7,657.9,71.9,26.3,31.4
fsb_00864,fsb_00864.jpg,Loaded Potato Skin,"""[{'name': 'potato skin', 'calories': 143.0, 'carbs': 6.5, 'protein': 5.3, 'fat': 10.8, 'quantity': 1, 'unit': 'halves'}, {'name': 'sour cream', 'calories': 71.3, 'carbs': 1.7, 'protein': 0.9, 'fat': 7.0, 'quantity': 3, 'unit': 'tbsp'}, {'name': 'tomato salsa', 'calories': 10.4, 'carbs': 2.4, 'protein': 0.5, 'fat': 0.1, 'quantity': 2, 'unit': 'tbsp'}, {'name': 'bacon bits', 'calories': 30.0, 'carbs': 1.8, 'protein': 2.0, 'fat': 1.6, 'quantity': 0.9, 'unit': 'tbsp'}]""","""[\""potato skin\"", \""sour cream\"", \""tomato salsa\"", \""bacon bits\""]""",4,254.7,12.4,8.7,19.5
fsb_00865,fsb_00865.jpg,Lobster Dinner with Corn,"""[{'name': 'lobster', 'calories': 139.9, 'carbs': 3.1, 'protein': 25.8, 'fat': 1.9, 'quantity': 0.6, 'unit': 'lobster'}, {'name': 'corn on the cob', 'calories': 73.9, 'carbs': 16.2, 'protein': 2.6, 'fat': 1.2, 'quantity': 1, 'unit': 'ear, yields'}, {'name': 'butter', 'calories': 101.8, 'carbs': 0.0, 'protein': 0.1, 'fat': 11.5, 'quantity': 1, 'unit': 'tbsp'}]""","""[\""lobster\"", \""corn on the cob\"", \""butter\""]""",3,315.6,19.3,28.5,14.6
fsb_00866,fsb_00866.jpg,Avocado And Meat Bowl,"""[{'name': 'avocado', 'calories': 120.0, 'carbs': 6.4, 'protein': 1.5, 'fat': 11.0, 'quantity': 0.5, 'unit': 'cup, cubes'}, {'name': 'meat', 'calories': 255.7, 'carbs': 0.0, 'protein': 31.3, 'fat': 13.5, 'quantity': 4, 'unit': 'oz'}, {'name': 'yucca', 'calories': 329.6, 'carbs': 78.4, 'protein': 2.8, 'fat': 0.6, 'quantity': 1, 'unit': 'cup'}, {'name': 'yam', 'calories': 157.8, 'carbs': 37.4, 'protein': 2.0, 'fat': 0.2, 'quantity': 1, 'unit': 'cup, cubes'}]""","""[\""avocado\"", \""meat\"", \""yucca\"", \""yam\""]""",4,863.1,122.2,37.6,25.3
fsb_00867,fsb_00867.jpg,Mac and Cheese with Salad,"""[{'name': 'macaroni', 'calories': 221.2, 'carbs': 43.2, 'protein': 8.1, 'fat': 1.3, 'quantity': 1, 'unit': 'cup'}, {'name': 'cheddar cheese', 'calories': 182.6, 'carbs': 1.4, 'protein': 10.3, 'fat': 15.1, 'quantity': 0.4, 'unit': 'cup, shredded'}, {'name': 'milk', 'calories': 24.4, 'carbs': 2.3, 'protein': 1.6, 'fat': 1.0, 'quantity': 0.2, 'unit': 'cup'}, {'name': 'butter', 'calories': 101.8, 'carbs': 0.0, 'protein': 0.1, 'fat': 11.5, 'quantity': 1, 'unit': 'tbsp'}, {'name': 'bacon', 'calories': 80.7, 'carbs': 0.3, 'protein': 5.9, 'fat': 6.1, 'quantity': 1.5, 'unit': 'slices'}, {'name': 'lettuce', 'calories': 4.8, 'carbs': 0.9, 'protein': 0.3, 'fat': 0.1, 'quantity': 1, 'unit': 'wt. oz'}, {'name': 'cucumber', 'calories': 3.9, 'carbs': 0.9, 'protein': 0.2, 'fat': 0.0, 'quantity': 0.25, 'unit': 'cup slices'}, {'name': 'tomato', 'calories': 6.5, 'carbs': 1.4, 'protein': 0.3, 'fat': 0.1, 'quantity': 0.2, 'unit': 'cup, chopped or sliced'}, {'name': 'salad dressing', 'calories': 77.4, 'carbs': 1.1, 'protein': 0.2, 'fat': 8.0, 'quantity': 1.2, 'unit': 'tablespoons'}]""","""[\""macaroni\"", \""cheddar cheese\"", \""milk\"", \""butter\"", \""bacon\"", \""lettuce\"", \""cucumber\"", \""tomato\"", \""salad dressing\""]""",9,703.3,51.5,27.0,43.2
fsb_00868,fsb_00868.jpg,Macaroni and Cheese with Salisbury Steak and Peppers,"""[{'name': 'macaroni and cheese', 'calories': 301.0, 'carbs': 37.9, 'protein': 7.7, 'fat': 13.1, 'quantity': 0.8, 'unit': 'cup'}, {'name': 'salisbury steak', 'calories': 221.9, 'carbs': 10.0, 'protein': 18.3, 'fat': 11.6, 'quantity': 1, 'unit': 'steak'}, {'name': 'mushroom gravy', 'calories': 59.1, 'carbs': 4.2, 'protein': 2.6, 'fat': 3.9, 'quantity': 0.5, 'unit': 'cup'}, {'name': 'bell peppers', 'calories': 11.2, 'carbs': 2.7, 'protein': 0.4, 'fat': 0.1, 'quantity': 0.3, 'unit': 'cup, strips'}, {'name': 'onions', 'calories': 9.2, 'carbs': 2.1, 'protein': 0.3, 'fat': 0.0, 'quantity': 0.1, 'unit': 'cup'}]""","""[\""macaroni and cheese\"", \""salisbury steak\"", \""mushroom gravy\"", \""bell peppers\"", \""onions\""]""",5,602.4,56.9,29.3,28.7
fsb_00869,fsb_00869.jpg,Macaroni and Cheese with Sausage,"""[{'name': 'macaroni', 'calories': 110.6, 'carbs': 21.6, 'protein': 4.1, 'fat': 0.7, 'quantity': 0.5, 'unit': 'cup'}, {'name': 'cheese sauce', 'calories': 98.7, 'carbs': 3.9, 'protein': 3.8, 'fat': 7.5, 'quantity': 0.225, 'unit': 'cup'}, {'name': 'sausage', 'calories': 63.0, 'carbs': 0.2, 'protein': 2.4, 'fat': 5.8, 'quantity': 0.3, 'unit': 'link (4\"" long x 1-1/8\"" dia)'}]""","""[\""macaroni\"", \""cheese sauce\"", \""sausage\""]""",3,272.3,25.7,10.3,14.0
fsb_00870,fsb_00870.jpg,Macaroni and Cheese,"""[{'name': 'macaroni', 'calories': 221.2, 'carbs': 43.2, 'protein': 8.1, 'fat': 1.3, 'quantity': 1, 'unit': 'cup'}, {'name': 'cheese sauce', 'calories': 219.2, 'carbs': 8.6, 'protein': 8.5, 'fat': 16.7, 'quantity': 0.5, 'unit': 'cup'}, {'name': 'butter', 'calories': 101.8, 'carbs': 0.0, 'protein': 0.1, 'fat': 11.5, 'quantity': 1, 'unit': 'tbsp'}, {'name': 'milk', 'calories': 24.4, 'carbs': 2.3, 'protein': 1.6, 'fat': 1.0, 'quantity': 0.2, 'unit': 'cup'}]""","""[\""macaroni\"", \""cheese sauce\"", \""butter\"", \""milk\""]""",4,566.6,54.1,18.3,30.5
fsb_00871,fsb_00871.jpg,Mango Lassi,"""[{'name': 'mango', 'calories': 201.6, 'carbs': 50.3, 'protein': 2.8, 'fat': 1.3, 'quantity': 1, 'unit': 'fruit without refuse'}, {'name': 'cottage cheese', 'calories': 213.2, 'carbs': 7.4, 'protein': 24.2, 'fat': 9.4, 'quantity': 1, 'unit': 'cup'}, {'name': 'milk', 'calories': 24.4, 'carbs': 2.3, 'protein': 1.6, 'fat': 1.0, 'quantity': 0.2, 'unit': 'cup'}]""","""[\""mango\"", \""cottage cheese\"", \""milk\""]""",3,439.2,60.0,28.6,11.7
fsb_00872,fsb_00872.jpg,Mango Smoothie,"""[{'name': 'mango', 'calories': 99.0, 'carbs': 24.7, 'protein': 1.4, 'fat': 0.6, 'quantity': 1, 'unit': 'cup pieces'}, {'name': 'pineapple juice', 'calories': 66.2, 'carbs': 16.1, 'protein': 0.5, 'fat': 0.1, 'quantity': 0.5, 'unit': 'cup'}, {'name': 'passion fruit', 'calories': 114.5, 'carbs': 27.6, 'protein': 2.6, 'fat': 0.8, 'quantity': 0.5, 'unit': 'cup'}, {'name': 'ice', 'calories': 0.0, 'carbs': 0.0, 'protein': 0.0, 'fat': 0.0, 'quantity': 1, 'unit': 'oz'}]""","""[\""mango\"", \""pineapple juice\"", \""passion fruit\"", \""ice\""]""",4,279.7,68.4,4.5,1.5
fsb_00873,fsb_00873.jpg,Margherita Pizza,"""[{'name': 'pizza dough', 'calories': 334.7, 'carbs': 60.2, 'protein': 8.2, 'fat': 6.3, 'quantity': 2, 'unit': 'piece'}, {'name': 'tomato sauce', 'calories': 58.8, 'carbs': 13.0, 'protein': 2.9, 'fat': 0.7, 'quantity': 1, 'unit': 'cup'}, {'name': 'mozzarella cheese', 'calories': 168.0, 'carbs': 1.2, 'protein': 12.4, 'fat': 12.5, 'quantity': 0.5, 'unit': 'cup, shredded'}, {'name': 'basil', 'calories': 0.6, 'carbs': 0.1, 'protein': 0.1, 'fat': 0.0, 'quantity': 5, 'unit': 'leaves'}, {'name': 'olive oil', 'calories': 119.3, 'carbs': 0.0, 'protein': 0.0, 'fat': 13.5, 'quantity': 1, 'unit': 'tbsp'}]""","""[\""pizza dough\"", \""tomato sauce\"", \""mozzarella cheese\"", \""basil\"", \""olive oil\""]""",5,681.4,74.5,23.6,33.0
fsb_00874,fsb_00874.jpg,Margherita Pizza,"""[{'name': 'pizza dough', 'calories': 786.9, 'carbs': 141.6, 'protein': 19.4, 'fat': 14.8, 'quantity': 0.8, 'unit': 'can, refrigerated'}, {'name': 'tomato sauce', 'calories': 29.4, 'carbs': 6.5, 'protein': 1.5, 'fat': 0.4, 'quantity': 0.5, 'unit': 'cup'}, {'name': 'mozzarella cheese', 'calories': 168.0, 'carbs': 1.2, 'protein': 12.4, 'fat': 12.5, 'quantity': 0.5, 'unit': 'cup, shredded'}, {'name': 'basil leaves', 'calories': 0.6, 'carbs': 0.1, 'protein': 0.1, 'fat': 0.0, 'quantity': 5, 'unit': 'leaves'}, {'name': 'olive oil', 'calories': 119.3, 'carbs': 0.0, 'protein': 0.0, 'fat': 13.5, 'quantity': 1, 'unit': 'tbsp'}]""","""[\""pizza dough\"", \""tomato sauce\"", \""mozzarella cheese\"", \""basil leaves\"", \""olive oil\""]""",5,1104.2,149.4,33.4,41.2
fsb_00875,fsb_00875.jpg,Shepherd's Pie,"""[{'name': 'mashed potatoes', 'calories': 237.3, 'carbs': 35.6, 'protein': 4.1, 'fat': 8.8, 'quantity': 1, 'unit': 'cup'}, {'name': 'shredded beef', 'calories': 192.3, 'carbs': 0.0, 'protein': 23.3, 'fat': 10.3, 'quantity': 0.7, 'unit': 'cup'}, {'name': 'gravy', 'calories': 27.4, 'carbs': 3.0, 'protein': 0.4, 'fat': 1.5, 'quantity': 0.25, 'unit': 'cup'}]""","""[\""mashed potatoes\"", \""shredded beef\"", \""gravy\""]""",3,457.0,38.6,27.8,20.6
fsb_00876,fsb_00876.jpg,Mashed Potatoes,"""[{'name': 'potatoes', 'calories': 113.5, 'carbs': 25.8, 'protein': 3.0, 'fat': 0.2, 'quantity': 1, 'unit': 'cup'}, {'name': 'butter', 'calories': 101.8, 'carbs': 0.0, 'protein': 0.1, 'fat': 11.5, 'quantity': 1, 'unit': 'tbsp'}, {'name': 'milk', 'calories': 24.4, 'carbs': 2.3, 'protein': 1.6, 'fat': 1.0, 'quantity': 0.2, 'unit': 'cup'}]""","""[\""potatoes\"", \""butter\"", \""milk\""]""",3,239.7,28.1,4.7,12.7
fsb_00877,fsb_00877.jpg,Spinach And Pineapple Smoothie,"""[{'name': 'milk', 'calories': 97.6, 'carbs': 9.4, 'protein': 6.4, 'fat': 3.9, 'quantity': 0.8, 'unit': 'cup'}, {'name': 'honey', 'calories': 63.8, 'carbs': 17.3, 'protein': 0.1, 'fat': 0.0, 'quantity': 1, 'unit': 'tbsp'}, {'name': 'spinach', 'calories': 8.3, 'carbs': 1.4, 'protein': 1.1, 'fat': 0.1, 'quantity': 0.2, 'unit': 'cup'}, {'name': 'pineapple', 'calories': 41.2, 'carbs': 10.8, 'protein': 0.4, 'fat': 0.1, 'quantity': 0.5, 'unit': 'cup, chunks'}]""","""[\""milk\"", \""honey\"", \""spinach\"", \""pineapple\""]""",4,210.9,38.9,8.0,4.1
fsb_00878,fsb_00878.jpg,Meat Pie with Steamed Vegetables,"""[{'name': 'meat pie', 'calories': 375.1, 'carbs': 31.5, 'protein': 14.9, 'fat': 20.8, 'quantity': 1, 'unit': 'piece'}, {'name': 'broccoli', 'calories': 29.8, 'carbs': 6.1, 'protein': 2.0, 'fat': 0.3, 'quantity': 3, 'unit': 'wt. oz'}, {'name': 'carrots', 'calories': 48.3, 'carbs': 11.3, 'protein': 1.0, 'fat': 0.2, 'quantity': 3, 'unit': 'carrot'}, {'name': 'kale', 'calories': 18.2, 'carbs': 3.7, 'protein': 1.2, 'fat': 0.3, 'quantity': 0.5, 'unit': 'cup'}]""","""[\""meat pie\"", \""broccoli\"", \""carrots\"", \""kale\""]""",4,471.4,52.6,19.1,21.6
fsb_00879,fsb_00879.jpg,Meat Pie,"""[{'name': 'pastry', 'calories': 297.1, 'carbs': 33.4, 'protein': 5.7, 'fat': 15.6, 'quantity': 1, 'unit': 'pastry'}, {'name': 'ground beef', 'calories': 81.1, 'carbs': 0.0, 'protein': 8.0, 'fat': 5.2, 'quantity': 0.2, 'unit': 'portion ( yield from 1/2 lb raw meat )'}, {'name': 'onion', 'calories': 18.5, 'carbs': 4.3, 'protein': 0.6, 'fat': 0.1, 'quantity': 0.2, 'unit': 'cup'}, {'name': 'butter', 'calories': 101.8, 'carbs': 0.0, 'protein': 0.1, 'fat': 11.5, 'quantity': 1, 'unit': 'tbsp'}]""","""[\""pastry\"", \""ground beef\"", \""onion\"", \""butter\""]""",4,498.5,37.7,14.4,32.4
fsb_00880,fsb_00880.jpg,Meat with Pickles and Cottage Cheese,"""[{'name': 'cooked meat', 'calories': 191.8, 'carbs': 0.0, 'protein': 23.4, 'fat': 10.1, 'quantity': 3, 'unit': 'oz'}, {'name': 'barbecue sauce', 'calories': 58.5, 'carbs': 13.9, 'protein': 0.3, 'fat': 0.2, 'quantity': 2, 'unit': 'tbsp'}, {'name': 'pickles', 'calories': 10.2, 'carbs': 2.0, 'protein': 0.4, 'fat': 0.3, 'quantity': 3, 'unit': 'wt. oz'}, {'name': 'cottage cheese', 'calories': 106.6, 'carbs': 3.7, 'protein': 12.1, 'fat': 4.7, 'quantity': 0.5, 'unit': 'cup'}]""","""[\""cooked meat\"", \""barbecue sauce\"", \""pickles\"", \""cottage cheese\""]""",4,367.1,19.6,36.2,15.3
fsb_00881,fsb_00881.jpg,Meatballs with Broccoli,"""[{'name': 'meatballs', 'calories': 243.1, 'carbs': 6.9, 'protein': 12.2, 'fat': 18.9, 'quantity': 3, 'unit': 'oz'}, {'name': 'barbecue sauce', 'calories': 58.5, 'carbs': 13.9, 'protein': 0.3, 'fat': 0.2, 'quantity': 2, 'unit': 'tbsp'}, {'name': 'broccoli', 'calories': 27.3, 'carbs': 5.6, 'protein': 1.9, 'fat': 0.3, 'quantity': 0.5, 'unit': 'cup, chopped'}]""","""[\""meatballs\"", \""barbecue sauce\"", \""broccoli\""]""",3,328.9,26.4,14.4,19.4
fsb_00882,fsb_00882.jpg,Meatballs with Gravy and Greens,"""[{'name': 'meatballs', 'calories': 320.3, 'carbs': 9.0, 'protein': 16.1, 'fat': 24.9, 'quantity': 6, 'unit': 'pieces'}, {'name': 'gravy', 'calories': 27.4, 'carbs': 3.0, 'protein': 0.4, 'fat': 1.5, 'quantity': 0.25, 'unit': 'cup'}, {'name': 'white rice', 'calories': 102.7, 'carbs': 22.3, 'protein': 2.1, 'fat': 0.2, 'quantity': 0.5, 'unit': 'cup'}, {'name': 'collard greens', 'calories': 25.1, 'carbs': 4.3, 'protein': 2.1, 'fat': 0.5, 'quantity': 0.4, 'unit': 'cup'}]""","""[\""meatballs\"", \""gravy\"", \""white rice\"", \""collard greens\""]""",4,475.5,38.6,20.7,27.1
fsb_00883,fsb_00883.jpg,Meatloaf Sandwich,"""[{'name': 'meatloaf', 'calories': 264.6, 'carbs': 11.3, 'protein': 21.3, 'fat': 14.5, 'quantity': 0.8, 'unit': 'slice'}, {'name': 'tomato', 'calories': 10.2, 'carbs': 2.2, 'protein': 0.5, 'fat': 0.1, 'quantity': 2, 'unit': 'wt. oz'}, {'name': 'lettuce', 'calories': 1.0, 'carbs': 0.2, 'protein': 0.1, 'fat': 0.0, 'quantity': 1, 'unit': 'leaf inner'}, {'name': 'rye bread', 'calories': 165.8, 'carbs': 30.9, 'protein': 5.4, 'fat': 2.1, 'quantity': 2, 'unit': 'slice, regular'}, {'name': 'ketchup', 'calories': 17.2, 'carbs': 4.7, 'protein': 0.2, 'fat': 0.0, 'quantity': 1, 'unit': 'tbsp'}]""","""[\""meatloaf\"", \""tomato\"", \""lettuce\"", \""rye bread\"", \""ketchup\""]""",5,458.8,49.3,27.5,16.7
fsb_00884,fsb_00884.jpg,Meatloaf with Brussels Sprouts and Vegetables,"""[{'name': 'meatloaf', 'calories': 264.6, 'carbs': 11.3, 'protein': 21.3, 'fat': 14.5, 'quantity': 0.8, 'unit': 'slice'}, {'name': 'brussels sprouts', 'calories': 60.5, 'carbs': 11.9, 'protein': 4.3, 'fat': 0.8, 'quantity': 8, 'unit': 'sprouts'}, {'name': 'zucchini', 'calories': 5.9, 'carbs': 1.0, 'protein': 0.4, 'fat': 0.1, 'quantity': 0.3, 'unit': 'small'}, {'name': 'bell pepper', 'calories': 11.2, 'carbs': 2.7, 'protein': 0.4, 'fat': 0.1, 'quantity': 0.3, 'unit': 'cup, strips'}]""","""[\""meatloaf\"", \""brussels sprouts\"", \""zucchini\"", \""bell pepper\""]""",4,342.2,26.9,26.4,15.5
fsb_00885,fsb_00885.jpg,Meat And Three,"""[{'name': 'mashed potatoes', 'calories': 118.7, 'carbs': 17.8, 'protein': 2.1, 'fat': 4.4, 'quantity': 0.5, 'unit': 'cup'}, {'name': 'green beans', 'calories': 21.9, 'carbs': 4.9, 'protein': 1.2, 'fat': 0.2, 'quantity': 0.5, 'unit': 'cup'}, {'name': 'coleslaw', 'calories': 156.7, 'carbs': 12.2, 'protein': 0.9, 'fat': 11.6, 'quantity': 0.45, 'unit': 'cup'}]""","""[\""mashed potatoes\"", \""green beans\"", \""coleslaw\""]""",3,297.3,34.9,4.2,16.2
fsb_00886,fsb_00886.jpg,Meatloaf with Roasted Potatoes and Beets,"""[{'name': 'meatloaf', 'calories': 264.6, 'carbs': 11.3, 'protein': 21.3, 'fat': 14.5, 'quantity': 0.8, 'unit': 'slice'}, {'name': 'roasted potatoes', 'calories': 120.3, 'carbs': 15.5, 'protein': 1.8, 'fat': 5.8, 'quantity': 3, 'unit': 'oz'}, {'name': 'beets', 'calories': 37.4, 'carbs': 8.5, 'protein': 1.4, 'fat': 0.2, 'quantity': 3, 'unit': 'wt. oz'}]""","""[\""meatloaf\"", \""roasted potatoes\"", \""beets\""]""",3,422.3,35.3,24.5,20.5
fsb_00887,fsb_00887.jpg,Meatloaf with Roasted Vegetables and Pasta Salad,"""[{'name': 'meatloaf', 'calories': 193.0, 'carbs': 8.2, 'protein': 15.6, 'fat': 10.6, 'quantity': 0.6, 'unit': 'cup'}, {'name': 'roasted vegetables', 'calories': 60.3, 'carbs': 9.3, 'protein': 1.0, 'fat': 2.5, 'quantity': 0.4, 'unit': 'cup'}, {'name': 'pasta salad', 'calories': 203.7, 'carbs': 17.5, 'protein': 6.0, 'fat': 12.2, 'quantity': 0.5, 'unit': 'cup'}]""","""[\""meatloaf\"", \""roasted vegetables\"", \""pasta salad\""]""",3,457.0,35.0,22.6,25.3
fsb_00888,fsb_00888.jpg,Meatloaf with Roasted Vegetables and Pasta Salad,"""[{'name': 'meatloaf', 'calories': 264.6, 'carbs': 11.3, 'protein': 21.3, 'fat': 14.5, 'quantity': 0.8, 'unit': 'slice'}, {'name': 'roasted vegetables', 'calories': 75.4, 'carbs': 11.6, 'protein': 1.2, 'fat': 3.1, 'quantity': 0.5, 'unit': 'cup'}, {'name': 'pasta salad', 'calories': 163.0, 'carbs': 14.0, 'protein': 4.8, 'fat': 9.8, 'quantity': 0.4, 'unit': 'cup'}]""","""[\""meatloaf\"", \""roasted vegetables\"", \""pasta salad\""]""",3,503.0,36.9,27.3,27.4
fsb_00889,fsb_00889.jpg,Mediterranean Chicken Plate,"""[{'name': 'chicken skewer', 'calories': 219.5, 'carbs': 34.6, 'protein': 14.9, 'fat': 2.2, 'quantity': 1, 'unit': 'kabob'}, {'name': 'rice', 'calories': 102.7, 'carbs': 22.3, 'protein': 2.1, 'fat': 0.2, 'quantity': 0.5, 'unit': 'cup'}, {'name': 'pita bread', 'calories': 82.5, 'carbs': 16.7, 'protein': 2.7, 'fat': 0.4, 'quantity': 0.5, 'unit': 'pita, large (6-1/2\"" dia)'}, {'name': 'chickpeas', 'calories': 107.6, 'carbs': 18.0, 'protein': 5.8, 'fat': 1.7, 'quantity': 0.4, 'unit': 'cup'}, {'name': 'olives', 'calories': 46.6, 'carbs': 2.5, 'protein': 0.3, 'fat': 4.3, 'quantity': 0.3, 'unit': 'cup'}, {'name': 'cucumber', 'calories': 3.9, 'carbs': 0.9, 'protein': 0.2, 'fat': 0.0, 'quantity': 0.25, 'unit': 'cup slices'}, {'name': 'tzatziki sauce', 'calories': 27.2, 'carbs': 1.3, 'protein': 0.7, 'fat': 2.2, 'quantity': 2, 'unit': 'tbsp'}]""","""[\""chicken skewer\"", \""rice\"", \""pita bread\"", \""chickpeas\"", \""olives\"", \""cucumber\"", \""tzatziki sauce\""]""",7,590.0,96.3,26.7,11.0
fsb_00890,fsb_00890.jpg,Strawberry Cream Cheese Mousse,"""[{'name': 'milk', 'calories': 97.6, 'carbs': 9.4, 'protein': 6.4, 'fat': 3.9, 'quantity': 0.8, 'unit': 'cup'}, {'name': 'sugar syrup', 'calories': 108.9, 'carbs': 28.1, 'protein': 0.0, 'fat': 0.0, 'quantity': 3, 'unit': 'tbsp'}, {'name': 'cream cheese', 'calories': 50.8, 'carbs': 0.8, 'protein': 0.9, 'fat': 5.0, 'quantity': 1, 'unit': 'tbsp'}, {'name': 'strawberry milk', 'calories': 234.1, 'carbs': 32.7, 'protein': 8.0, 'fat': 8.2, 'quantity': 1, 'unit': 'cup'}]""","""[\""milk\"", \""sugar syrup\"", \""cream cheese\"", \""strawberry milk\""]""",4,491.4,71.0,15.3,17.1
fsb_00891,fsb_00891.jpg,Enchilada Bowl,"""[{'name': 'enchilada', 'calories': 286.6, 'carbs': 30.3, 'protein': 13.7, 'fat': 11.9, 'quantity': 1, 'unit': 'enchilada'}, {'name': 'rice', 'calories': 102.7, 'carbs': 22.3, 'protein': 2.1, 'fat': 0.2, 'quantity': 0.5, 'unit': 'cup'}, {'name': 'beans', 'calories': 119.4, 'carbs': 26.8, 'protein': 6.0, 'fat': 0.5, 'quantity': 0.5, 'unit': 'cup'}, {'name': 'cheese', 'calories': 91.3, 'carbs': 0.7, 'protein': 5.2, 'fat': 7.5, 'quantity': 0.2, 'unit': 'cup, shredded'}, {'name': 'sour cream', 'calories': 71.3, 'carbs': 1.7, 'protein': 0.9, 'fat': 7.0, 'quantity': 3, 'unit': 'tbsp'}]""","""[\""enchilada\"", \""rice\"", \""beans\"", \""cheese\"", \""sour cream\""]""",5,671.3,81.8,27.9,27.1
fsb_00892,fsb_00892.jpg,Mexican Plate with Beans and Rice,"""[{'name': 'pinto beans', 'calories': 122.3, 'carbs': 22.4, 'protein': 7.7, 'fat': 0.6, 'quantity': 0.5, 'unit': 'cup'}, {'name': 'mexican rice', 'calories': 99.1, 'carbs': 12.9, 'protein': 2.1, 'fat': 4.3, 'quantity': 0.4, 'unit': 'cup'}, {'name': 'lettuce', 'calories': 4.8, 'carbs': 0.9, 'protein': 0.3, 'fat': 0.1, 'quantity': 0.6, 'unit': 'cups shredded'}, {'name': 'pico de gallo', 'calories': 10.1, 'carbs': 2.3, 'protein': 0.5, 'fat': 0.1, 'quantity': 0.175, 'unit': 'cup'}]""","""[\""pinto beans\"", \""mexican rice\"", \""lettuce\"", \""pico de gallo\""]""",4,236.3,38.5,10.6,5.1
fsb_00893,fsb_00893.jpg,Mexican Rice with Tomato Sauce,"""[{'name': 'rice', 'calories': 102.7, 'carbs': 22.3, 'protein': 2.1, 'fat': 0.2, 'quantity': 0.5, 'unit': 'cup'}, {'name': 'ground beef', 'calories': 81.1, 'carbs': 0.0, 'protein': 8.0, 'fat': 5.2, 'quantity': 0.2, 'unit': 'portion ( yield from 1/2 lb raw meat )'}, {'name': 'cheese', 'calories': 91.3, 'carbs': 0.7, 'protein': 5.2, 'fat': 7.5, 'quantity': 0.2, 'unit': 'cup, shredded'}, {'name': 'tomato sauce', 'calories': 29.4, 'carbs': 6.5, 'protein': 1.5, 'fat': 0.4, 'quantity': 0.5, 'unit': 'cup'}, {'name': 'green onions', 'calories': 1.9, 'carbs': 0.4, 'protein': 0.1, 'fat': 0.0, 'quantity': 1, 'unit': 'tbsp chopped'}]""","""[\""rice\"", \""ground beef\"", \""cheese\"", \""tomato sauce\"", \""green onions\""]""",5,306.4,29.9,16.9,13.3
fsb_00894,fsb_00894.jpg,Miang Kham,"""[{'name': 'green leaves', 'calories': 106.4, 'carbs': 20.6, 'protein': 7.7, 'fat': 1.9, 'quantity': 1, 'unit': 'head'}, {'name': 'dried shrimp', 'calories': 54.2, 'carbs': 0.7, 'protein': 10.4, 'fat': 0.8, 'quantity': 9, 'unit': 'tbsp'}, {'name': 'coconut', 'calories': 72.6, 'carbs': 8.3, 'protein': 0.5, 'fat': 4.5, 'quantity': 3, 'unit': 'tbsp'}, {'name': 'peanuts', 'calories': 107.2, 'carbs': 3.9, 'protein': 4.4, 'fat': 9.1, 'quantity': 2, 'unit': 'tbsp'}, {'name': 'ginger', 'calories': 4.8, 'carbs': 1.1, 'protein': 0.1, 'fat': 0.0, 'quantity': 1, 'unit': 'tbsp'}, {'name': 'lime', 'calories': 4.8, 'carbs': 1.7, 'protein': 0.1, 'fat': 0.0, 'quantity': 2, 'unit': 'wedge'}, {'name': 'shallots', 'calories': 7.2, 'carbs': 1.7, 'protein': 0.3, 'fat': 0.0, 'quantity': 1, 'unit': 'tbsp chopped'}, {'name': 'pear sauce', 'calories': 167.3, 'carbs': 43.0, 'protein': 0.4, 'fat': 0.4, 'quantity': 1, 'unit': 'cup'}, {'name': 'red chili', 'calories': 5.7, 'carbs': 1.2, 'protein': 0.3, 'fat': 0.1, 'quantity': 0.5, 'unit': 'wt. oz'}, {'name': 'edible flower', 'calories': 0.6, 'carbs': 0.1, 'protein': 0.1, 'fat': 0.0, 'quantity': 5, 'unit': 'leaves'}]""","""[\""green leaves\"", \""dried shrimp\"", \""coconut\"", \""peanuts\"", \""ginger\"", \""lime\"", \""shallots\"", \""pear sauce\"", \""red chili\"", \""edible flower\""]""",10,530.8,82.3,24.3,16.8
fsb_00895,fsb_00895.jpg,Milkshake,"""[{'name': 'milk', 'calories': 122.0, 'carbs': 11.7, 'protein': 8.1, 'fat': 4.8, 'quantity': 1, 'unit': 'cup'}, {'name': 'ice cream', 'calories': 136.6, 'carbs': 15.6, 'protein': 2.3, 'fat': 7.3, 'quantity': 0.5, 'unit': 'cup'}, {'name': 'sugar', 'calories': 97.5, 'carbs': 25.2, 'protein': 0.0, 'fat': 0.0, 'quantity': 2, 'unit': 'tbsp'}]""","""[\""milk\"", \""ice cream\"", \""sugar\""]""",3,356.1,52.5,10.4,12.1
fsb_00896,fsb_00896.jpg,Mince Pies,"""[{'name': 'pastry', 'calories': 208.0, 'carbs': 23.4, 'protein': 4.0, 'fat': 10.9, 'quantity': 0.7, 'unit': 'pastry'}, {'name': 'baked salmon fillet', 'calories': 467.6, 'carbs': 0.0, 'protein': 50.2, 'fat': 28.0, 'quantity': 1, 'unit': 'fillet'}, {'name': 'powdered sugar', 'calories': 9.7, 'carbs': 2.5, 'protein': 0.0, 'fat': 0.0, 'quantity': 1, 'unit': 'tsp'}]""","""[\""pastry\"", \""baked salmon fillet\"", \""powdered sugar\""]""",3,685.3,25.9,54.2,38.9
fsb_00897,fsb_00897.jpg,Minestrone Soup,"""[{'name': 'pasta', 'calories': 110.6, 'carbs': 21.6, 'protein': 4.1, 'fat': 0.7, 'quantity': 0.5, 'unit': 'cup'}, {'name': 'carrots', 'calories': 10.9, 'carbs': 2.6, 'protein': 0.2, 'fat': 0.1, 'quantity': 0.2, 'unit': 'cup'}, {'name': 'vegetable broth', 'calories': 13.2, 'carbs': 2.2, 'protein': 0.5, 'fat': 0.2, 'quantity': 1, 'unit': 'cup'}, {'name': 'celery', 'calories': 3.8, 'carbs': 0.7, 'protein': 0.2, 'fat': 0.0, 'quantity': 0.2, 'unit': 'cup'}, {'name': 'olive oil', 'calories': 39.8, 'carbs': 0.0, 'protein': 0.0, 'fat': 4.5, 'quantity': 1, 'unit': 'tsp'}]""","""[\""pasta\"", \""carrots\"", \""vegetable broth\"", \""celery\"", \""olive oil\""]""",5,178.3,27.1,5.0,5.5
fsb_00898,fsb_00898.jpg,Mini Beef and Cheese Tostadas,"""[{'name': 'tostada shell', 'calories': 175.4, 'carbs': 23.8, 'protein': 2.3, 'fat': 8.7, 'quantity': 3, 'unit': 'pieces (mean serving weight, aggregated over brands)'}, {'name': 'ground beef', 'calories': 202.6, 'carbs': 0.0, 'protein': 20.1, 'fat': 12.9, 'quantity': 0.5, 'unit': 'portion ( yield from 1/2 lb raw meat )'}, {'name': 'cheese', 'calories': 182.6, 'carbs': 1.4, 'protein': 10.3, 'fat': 15.1, 'quantity': 0.4, 'unit': 'cup, shredded'}, {'name': 'refried beans', 'calories': 128.5, 'carbs': 19.3, 'protein': 7.1, 'fat': 2.9, 'quantity': 0.6, 'unit': 'cup'}]""","""[\""tostada shell\"", \""ground beef\"", \""cheese\"", \""refried beans\""]""",4,689.1,44.5,39.8,39.6
fsb_00899,fsb_00899.jpg,Mini Burgers with Fries,"""[{'name': 'mini burger', 'calories': 293.3, 'carbs': 20.1, 'protein': 18.9, 'fat': 14.8, 'quantity': 1, 'unit': 'slider'}, {'name': 'beef patty', 'calories': 385.1, 'carbs': 0.0, 'protein': 40.9, 'fat': 23.3, 'quantity': 2, 'unit': 'patty ( yield from 1/4 lb raw meat )'}, {'name': 'cheese', 'calories': 68.7, 'carbs': 0.5, 'protein': 3.9, 'fat': 5.7, 'quantity': 1, 'unit': 'cubic inch'}, {'name': 'pickle', 'calories': 5.0, 'carbs': 1.0, 'protein': 0.2, 'fat': 0.1, 'quantity': 6, 'unit': 'slice'}, {'name': 'french fries', 'calories': 142.3, 'carbs': 18.9, 'protein': 1.6, 'fat': 6.7, 'quantity': 0.8, 'unit': 'cup'}]""","""[\""mini burger\"", \""beef patty\"", \""cheese\"", \""pickle\"", \""french fries\""]""",5,894.4,40.5,65.5,50.6
fsb_00900,fsb_00900.jpg,Mini Burgers with Onion Rings,"""[{'name': 'beef patty', 'calories': 197.2, 'carbs': 0.0, 'protein': 20.9, 'fat': 11.9, 'quantity': 3, 'unit': 'oz'}, {'name': 'burger bun', 'calories': 244.6, 'carbs': 44.1, 'protein': 8.7, 'fat': 3.3, 'quantity': 2, 'unit': 'roll 1 serving'}, {'name': 'cheese', 'calories': 206.0, 'carbs': 1.6, 'protein': 11.7, 'fat': 17.0, 'quantity': 3, 'unit': 'cubic inch'}, {'name': 'lettuce', 'calories': 2.9, 'carbs': 0.6, 'protein': 0.2, 'fat': 0.1, 'quantity': 1, 'unit': 'leaves'}, {'name': 'tomato', 'calories': 9.2, 'carbs': 2.0, 'protein': 0.4, 'fat': 0.1, 'quantity': 3, 'unit': 'cherry'}, {'name': 'onion rings', 'calories': 201.8, 'carbs': 23.1, 'protein': 2.8, 'fat': 10.9, 'quantity': 2, 'unit': 'wt. oz'}]""","""[\""beef patty\"", \""burger bun\"", \""cheese\"", \""lettuce\"", \""tomato\"", \""onion rings\""]""",6,861.7,71.4,44.7,43.3
fsb_00901,fsb_00901.jpg,Mini Cheeseburgers,"""[{'name': 'beef patty', 'calories': 197.2, 'carbs': 0.0, 'protein': 20.9, 'fat': 11.9, 'quantity': 3, 'unit': 'oz'}, {'name': 'cheese', 'calories': 48.1, 'carbs': 0.4, 'protein': 2.7, 'fat': 4.0, 'quantity': 0.7, 'unit': 'cubic inch'}, {'name': 'bun', 'calories': 255.8, 'carbs': 46.1, 'protein': 9.1, 'fat': 3.5, 'quantity': 2, 'unit': 'hamburger bun'}, {'name': 'mayonnaise', 'calories': 93.8, 'carbs': 0.1, 'protein': 0.1, 'fat': 10.3, 'quantity': 1, 'unit': 'tbsp'}]""","""[\""beef patty\"", \""cheese\"", \""bun\"", \""mayonnaise\""]""",4,594.9,46.6,32.8,29.7
fsb_00902,fsb_00902.jpg,Miso Soup,"""[{'name': 'miso paste', 'calories': 33.7, 'carbs': 4.3, 'protein': 2.2, 'fat': 1.0, 'quantity': 1, 'unit': 'tbsp'}, {'name': 'tofu', 'calories': 41.2, 'carbs': 0.6, 'protein': 5.0, 'fat': 2.6, 'quantity': 0.2, 'unit': 'cup'}, {'name': 'wakame seaweed', 'calories': 4.5, 'carbs': 0.9, 'protein': 0.3, 'fat': 0.1, 'quantity': 2, 'unit': 'tbsp'}, {'name': 'green onions', 'calories': 1.0, 'carbs': 0.2, 'protein': 0.1, 'fat': 0.0, 'quantity': 0.6, 'unit': 'small (3\"" long)'}, {'name': 'enoki mushrooms', 'calories': 7.2, 'carbs': 1.5, 'protein': 0.5, 'fat': 0.1, 'quantity': 0.3, 'unit': 'cup sliced'}, {'name': 'water', 'calories': 0.0, 'carbs': 0.0, 'protein': 0.0, 'fat': 0.0, 'quantity': 1, 'unit': 'cup'}]""","""[\""miso paste\"", \""tofu\"", \""wakame seaweed\"", \""green onions\"", \""enoki mushrooms\"", \""water\""]""",6,87.6,7.5,8.1,3.8
fsb_00903,fsb_00903.jpg,Miso Soup,"""[{'name': 'miso paste', 'calories': 33.7, 'carbs': 4.3, 'protein': 2.2, 'fat': 1.0, 'quantity': 1, 'unit': 'tbsp'}, {'name': 'tofu', 'calories': 9.4, 'carbs': 0.1, 'protein': 1.1, 'fat': 0.6, 'quantity': 0.4, 'unit': 'wt. oz'}, {'name': 'seaweed', 'calories': 5.0, 'carbs': 0.7, 'protein': 0.8, 'fat': 0.0, 'quantity': 0.5, 'unit': 'wt. oz'}, {'name': 'green onion', 'calories': 1.9, 'carbs': 0.4, 'protein': 0.1, 'fat': 0.0, 'quantity': 1, 'unit': 'tbsp chopped'}, {'name': 'water', 'calories': 0.0, 'carbs': 0.0, 'protein': 0.0, 'fat': 0.0, 'quantity': 1, 'unit': 'cup'}]""","""[\""miso paste\"", \""tofu\"", \""seaweed\"", \""green onion\"", \""water\""]""",5,50.0,5.5,4.2,1.6
fsb_00904,fsb_00904.jpg,Bean And Vegetable Salad,"""[{'name': 'kidney beans', 'calories': 112.4, 'carbs': 20.2, 'protein': 7.7, 'fat': 0.4, 'quantity': 0.5, 'unit': 'cup'}, {'name': 'cucumber', 'calories': 3.9, 'carbs': 0.9, 'protein': 0.2, 'fat': 0.0, 'quantity': 0.25, 'unit': 'cup slices'}, {'name': 'cherry tomato', 'calories': 6.1, 'carbs': 1.3, 'protein': 0.3, 'fat': 0.1, 'quantity': 2, 'unit': 'cherry'}, {'name': 'carrot', 'calories': 10.9, 'carbs': 2.6, 'protein': 0.2, 'fat': 0.1, 'quantity': 0.2, 'unit': 'cup'}, {'name': 'lettuce', 'calories': 1.6, 'carbs': 0.3, 'protein': 0.1, 'fat': 0.0, 'quantity': 0.2, 'unit': 'cups shredded'}, {'name': 'green grape', 'calories': 3.4, 'carbs': 0.9, 'protein': 0.0, 'fat': 0.0, 'quantity': 1, 'unit': 'grapes'}, {'name': 'sweet potato', 'calories': 90.0, 'carbs': 20.7, 'protein': 2.0, 'fat': 0.1, 'quantity': 0.5, 'unit': 'cup'}]""","""[\""kidney beans\"", \""cucumber\"", \""cherry tomato\"", \""carrot\"", \""lettuce\"", \""green grape\"", \""sweet potato\""]""",7,228.3,46.9,10.5,0.7
fsb_00905,fsb_00905.jpg,Mixed Bean and Vegetable Salad,"""[{'name': 'lettuce', 'calories': 4.8, 'carbs': 0.9, 'protein': 0.3, 'fat': 0.1, 'quantity': 1, 'unit': 'wt. oz'}, {'name': 'broccoli', 'calories': 14.7, 'carbs': 3.0, 'protein': 1.0, 'fat': 0.2, 'quantity': 0.3, 'unit': 'stalk, small (5\"" long)'}, {'name': 'chickpeas', 'calories': 134.5, 'carbs': 22.5, 'protein': 7.3, 'fat': 2.1, 'quantity': 0.5, 'unit': 'cup'}, {'name': 'kidney beans', 'calories': 112.4, 'carbs': 20.2, 'protein': 7.7, 'fat': 0.4, 'quantity': 0.5, 'unit': 'cup'}, {'name': 'cherry tomatoes', 'calories': 16.1, 'carbs': 3.5, 'protein': 0.8, 'fat': 0.2, 'quantity': 0.6, 'unit': 'cup'}, {'name': 'onion', 'calories': 18.5, 'carbs': 4.3, 'protein': 0.6, 'fat': 0.1, 'quantity': 0.2, 'unit': 'cup'}, {'name': 'ranch dressing', 'calories': 129.0, 'carbs': 1.8, 'protein': 0.4, 'fat': 13.4, 'quantity': 2, 'unit': 'tablespoons'}]""","""[\""lettuce\"", \""broccoli\"", \""chickpeas\"", \""kidney beans\"", \""cherry tomatoes\"", \""onion\"", \""ranch dressing\""]""",7,430.0,56.2,18.1,16.5
fsb_00906,fsb_00906.jpg,Mixed Bean Salad with Avocado,"""[{'name': 'mixed beans', 'calories': 109.6, 'carbs': 19.0, 'protein': 6.6, 'fat': 1.1, 'quantity': 0.4, 'unit': 'cup'}, {'name': 'avocado', 'calories': 120.0, 'carbs': 6.4, 'protein': 1.5, 'fat': 11.0, 'quantity': 0.5, 'unit': 'cup, cubes'}, {'name': 'mixed greens', 'calories': 10.0, 'carbs': 2.1, 'protein': 0.6, 'fat': 0.1, 'quantity': 1.5, 'unit': 'cups'}, {'name': 'cherry tomatoes', 'calories': 12.2, 'carbs': 2.6, 'protein': 0.6, 'fat': 0.1, 'quantity': 4, 'unit': 'cherry'}, {'name': 'alfalfa sprouts', 'calories': 7.6, 'carbs': 0.7, 'protein': 1.3, 'fat': 0.2, 'quantity': 1, 'unit': 'cup'}]""","""[\""mixed beans\"", \""avocado\"", \""mixed greens\"", \""cherry tomatoes\"", \""alfalfa sprouts\""]""",5,259.4,30.8,10.6,12.5
fsb_00907,fsb_00907.jpg,Mixed Bean Salad,"""[{'name': 'chickpeas', 'calories': 161.4, 'carbs': 27.0, 'protein': 8.7, 'fat': 2.5, 'quantity': 0.6, 'unit': 'cup'}, {'name': 'black beans', 'calories': 113.5, 'carbs': 20.4, 'protein': 7.6, 'fat': 0.5, 'quantity': 0.5, 'unit': 'cup'}, {'name': 'pinto beans', 'calories': 122.3, 'carbs': 22.4, 'protein': 7.7, 'fat': 0.6, 'quantity': 0.5, 'unit': 'cup'}, {'name': 'green peppers', 'calories': 6.4, 'carbs': 1.5, 'protein': 0.2, 'fat': 0.0, 'quantity': 0.2, 'unit': 'pepper'}, {'name': 'onion', 'calories': 9.2, 'carbs': 2.1, 'protein': 0.3, 'fat': 0.0, 'quantity': 0.1, 'unit': 'cup'}]""","""[\""chickpeas\"", \""black beans\"", \""pinto beans\"", \""green peppers\"", \""onion\""]""",5,412.8,73.4,24.5,3.6
fsb_00908,fsb_00908.jpg,Mixed Berries and Grapes,"""[{'name': 'green grapes', 'calories': 10.1, 'carbs': 2.7, 'protein': 0.1, 'fat': 0.0, 'quantity': 3, 'unit': 'grapes'}, {'name': 'blueberries', 'calories': 21.1, 'carbs': 5.4, 'protein': 0.3, 'fat': 0.1, 'quantity': 0.25, 'unit': 'cup'}, {'name': 'raspberries', 'calories': 4.9, 'carbs': 1.1, 'protein': 0.1, 'fat': 0.1, 'quantity': 5, 'unit': 'raspberries'}]""","""[\""green grapes\"", \""blueberries\"", \""raspberries\""]""",3,36.1,9.2,0.5,0.2
fsb_00909,fsb_00909.jpg,Mixed Berries Bowl,"""[{'name': 'strawberries', 'calories': 17.3, 'carbs': 4.1, 'protein': 0.4, 'fat': 0.2, 'quantity': 3, 'unit': 'large (1-3/8\"" dia)'}, {'name': 'blueberries', 'calories': 42.2, 'carbs': 10.7, 'protein': 0.5, 'fat': 0.2, 'quantity': 0.5, 'unit': 'cup'}, {'name': 'blackberries', 'calories': 31.0, 'carbs': 6.9, 'protein': 1.0, 'fat': 0.4, 'quantity': 0.5, 'unit': 'cup'}, {'name': 'raspberries', 'calories': 32.0, 'carbs': 7.3, 'protein': 0.7, 'fat': 0.4, 'quantity': 0.5, 'unit': 'cup'}]""","""[\""strawberries\"", \""blueberries\"", \""blackberries\"", \""raspberries\""]""",4,122.5,29.0,2.6,1.2
fsb_00910,fsb_00910.jpg,Mixed Berries,"""[{'name': 'blackberries', 'calories': 31.0, 'carbs': 6.9, 'protein': 1.0, 'fat': 0.4, 'quantity': 0.5, 'unit': 'cup'}, {'name': 'blueberries', 'calories': 42.2, 'carbs': 10.7, 'protein': 0.5, 'fat': 0.2, 'quantity': 0.5, 'unit': 'cup'}, {'name': 'raspberries', 'calories': 32.0, 'carbs': 7.3, 'protein': 0.7, 'fat': 0.4, 'quantity': 0.5, 'unit': 'cup'}]""","""[\""blackberries\"", \""blueberries\"", \""raspberries\""]""",3,105.2,24.9,2.2,1.0
fsb_00911,fsb_00911.jpg,Mixed Berries,"""[{'name': 'strawberries', 'calories': 11.5, 'carbs': 2.8, 'protein': 0.2, 'fat': 0.1, 'quantity': 2, 'unit': 'large (1-3/8\"" dia)'}, {'name': 'blueberries', 'calories': 42.2, 'carbs': 10.7, 'protein': 0.5, 'fat': 0.2, 'quantity': 0.5, 'unit': 'cup'}, {'name': 'raspberries', 'calories': 32.0, 'carbs': 7.3, 'protein': 0.7, 'fat': 0.4, 'quantity': 0.5, 'unit': 'cup'}, {'name': 'blackberries', 'calories': 31.0, 'carbs': 6.9, 'protein': 1.0, 'fat': 0.4, 'quantity': 0.5, 'unit': 'cup'}]""","""[\""strawberries\"", \""blueberries\"", \""raspberries\"", \""blackberries\""]""",4,116.7,27.7,2.4,1.1
fsb_00912,fsb_00912.jpg,Mixed Curry Plate,"""[{'name': 'chicken curry', 'calories': 146.0, 'carbs': 4.5, 'protein': 16.9, 'fat': 6.5, 'quantity': 0.6, 'unit': 'cup'}, {'name': 'lentil curry', 'calories': 117.5, 'carbs': 17.3, 'protein': 7.0, 'fat': 2.8, 'quantity': 0.5, 'unit': 'cup'}, {'name': 'white rice', 'calories': 102.7, 'carbs': 22.3, 'protein': 2.1, 'fat': 0.2, 'quantity': 0.5, 'unit': 'cup'}, {'name': 'vegetable curry', 'calories': 131.4, 'carbs': 16.7, 'protein': 3.9, 'fat': 6.2, 'quantity': 0.7, 'unit': 'cup'}]""","""[\""chicken curry\"", \""lentil curry\"", \""white rice\"", \""vegetable curry\""]""",4,497.6,60.8,29.9,15.7
fsb_00913,fsb_00913.jpg,Mixed Berry Fruit Salad,"""[{'name': 'raspberries', 'calories': 32.0, 'carbs': 7.3, 'protein': 0.7, 'fat': 0.4, 'quantity': 0.5, 'unit': 'cup'}, {'name': 'blackberries', 'calories': 31.0, 'carbs': 6.9, 'protein': 1.0, 'fat': 0.4, 'quantity': 0.5, 'unit': 'cup'}, {'name': 'blueberries', 'calories': 42.2, 'carbs': 10.7, 'protein': 0.5, 'fat': 0.2, 'quantity': 0.5, 'unit': 'cup'}, {'name': 'mango', 'calories': 49.5, 'carbs': 12.4, 'protein': 0.7, 'fat': 0.3, 'quantity': 0.5, 'unit': 'cup pieces'}, {'name': 'lingonberry', 'calories': 84.4, 'carbs': 21.4, 'protein': 1.1, 'fat': 0.5, 'quantity': 1, 'unit': 'cup'}, {'name': 'black currants', 'calories': 70.6, 'carbs': 17.2, 'protein': 1.6, 'fat': 0.5, 'quantity': 1, 'unit': 'cup'}, {'name': 'strawberry', 'calories': 5.8, 'carbs': 1.4, 'protein': 0.1, 'fat': 0.1, 'quantity': 1, 'unit': 'large'}, {'name': 'red currant', 'calories': 62.7, 'carbs': 15.5, 'protein': 1.6, 'fat': 0.2, 'quantity': 1, 'unit': 'cup'}]""","""[\""raspberries\"", \""blackberries\"", \""blueberries\"", \""mango\"", \""lingonberry\"", \""black currants\"", \""strawberry\"", \""red currant\""]""",8,378.2,92.8,7.3,2.6
fsb_00914,fsb_00914.jpg,Mixed Fruit Bowl,"""[{'name': 'strawberries', 'calories': 28.8, 'carbs': 6.9, 'protein': 0.6, 'fat': 0.3, 'quantity': 5, 'unit': 'large (1-3/8\"" dia)'}, {'name': 'pineapple', 'calories': 20.6, 'carbs': 5.4, 'protein': 0.2, 'fat': 0.0, 'quantity': 0.25, 'unit': 'cup, chunks'}, {'name': 'raspberries', 'calories': 12.8, 'carbs': 2.9, 'protein': 0.3, 'fat': 0.2, 'quantity': 0.2, 'unit': 'cup'}, {'name': 'blueberries', 'calories': 21.1, 'carbs': 5.4, 'protein': 0.3, 'fat': 0.1, 'quantity': 0.25, 'unit': 'cup'}, {'name': 'blackberries', 'calories': 12.4, 'carbs': 2.8, 'protein': 0.4, 'fat': 0.1, 'quantity': 0.2, 'unit': 'cup'}]""","""[\""strawberries\"", \""pineapple\"", \""raspberries\"", \""blueberries\"", \""blackberries\""]""",5,95.7,23.4,1.8,0.7
fsb_00915,fsb_00915.jpg,Mixed Fruit Plate,"""[{'name': 'strawberries', 'calories': 19.2, 'carbs': 4.6, 'protein': 0.4, 'fat': 0.2, 'quantity': 5, 'unit': 'medium (1-1/4\"" dia)'}, {'name': 'blueberries', 'calories': 21.1, 'carbs': 5.4, 'protein': 0.3, 'fat': 0.1, 'quantity': 0.25, 'unit': 'cup'}, {'name': 'blackberries', 'calories': 12.4, 'carbs': 2.8, 'protein': 0.4, 'fat': 0.1, 'quantity': 0.2, 'unit': 'cup'}, {'name': 'green grapes', 'calories': 33.8, 'carbs': 8.9, 'protein': 0.4, 'fat': 0.1, 'quantity': 10, 'unit': 'grapes'}, {'name': 'apple', 'calories': 47.3, 'carbs': 12.6, 'protein': 0.2, 'fat': 0.2, 'quantity': 0.5, 'unit': 'medium (3\"" dia)'}, {'name': 'pear', 'calories': 50.7, 'carbs': 13.6, 'protein': 0.3, 'fat': 0.1, 'quantity': 0.5, 'unit': 'medium'}, {'name': 'kiwi', 'calories': 21.0, 'carbs': 5.1, 'protein': 0.4, 'fat': 0.2, 'quantity': 0.5, 'unit': 'fruit (2\"" dia)'}]""","""[\""strawberries\"", \""blueberries\"", \""blackberries\"", \""green grapes\"", \""apple\"", \""pear\"", \""kiwi\""]""",7,205.5,53.0,2.4,1.0
fsb_00916,fsb_00916.jpg,Mixed Green Salad with Avocado,"""[{'name': 'mixed greens', 'calories': 10.0, 'carbs': 2.1, 'protein': 0.6, 'fat': 0.1, 'quantity': 1.5, 'unit': 'cups'}, {'name': 'avocado', 'calories': 48.0, 'carbs': 2.6, 'protein': 0.6, 'fat': 4.4, 'quantity': 0.2, 'unit': 'cup, cubes'}, {'name': 'cucumber', 'calories': 3.9, 'carbs': 0.9, 'protein': 0.2, 'fat': 0.0, 'quantity': 0.25, 'unit': 'cup slices'}, {'name': 'radish', 'calories': 0.7, 'carbs': 0.2, 'protein': 0.0, 'fat': 0.0, 'quantity': 1, 'unit': 'medium (3/4\"" to 1\"" dia)'}, {'name': 'broccoli', 'calories': 27.3, 'carbs': 5.6, 'protein': 1.9, 'fat': 0.3, 'quantity': 0.5, 'unit': 'cup, chopped'}]""","""[\""mixed greens\"", \""avocado\"", \""cucumber\"", \""radish\"", \""broccoli\""]""",5,89.9,11.4,3.3,4.8
fsb_00917,fsb_00917.jpg,Mixed Green Salad with Chicken and Sun-Dried Tomatoes,"""[{'name': 'mixed greens', 'calories': 10.0, 'carbs': 2.1, 'protein': 0.6, 'fat': 0.1, 'quantity': 1.5, 'unit': 'cups'}, {'name': 'grilled chicken', 'calories': 113.7, 'carbs': 0.0, 'protein': 22.7, 'fat': 2.6, 'quantity': 0.4, 'unit': 'piece'}, {'name': 'sun dried tomatoes', 'calories': 41.8, 'carbs': 9.0, 'protein': 2.3, 'fat': 0.5, 'quantity': 0.3, 'unit': 'cup'}, {'name': 'pesto sauce', 'calories': 263.3, 'carbs': 6.4, 'protein': 6.2, 'fat': 23.7, 'quantity': 0.25, 'unit': 'cup'}]""","""[\""mixed greens\"", \""grilled chicken\"", \""sun dried tomatoes\"", \""pesto sauce\""]""",4,428.8,17.5,31.8,26.9
fsb_00918,fsb_00918.jpg,Mixed Green Salad with Feta and Cherry Tomatoes,"""[{'name': 'mixed greens', 'calories': 20.0, 'carbs': 4.2, 'protein': 1.2, 'fat': 0.2, 'quantity': 3, 'unit': 'cups'}, {'name': 'feta cheese', 'calories': 74.8, 'carbs': 1.2, 'protein': 4.0, 'fat': 6.0, 'quantity': 1, 'unit': 'oz'}, {'name': 'cherry tomatoes', 'calories': 15.3, 'carbs': 3.3, 'protein': 0.7, 'fat': 0.2, 'quantity': 5, 'unit': 'cherry'}, {'name': 'olive oil', 'calories': 119.3, 'carbs': 0.0, 'protein': 0.0, 'fat': 13.5, 'quantity': 1, 'unit': 'tablespoon'}]""","""[\""mixed greens\"", \""feta cheese\"", \""cherry tomatoes\"", \""olive oil\""]""",4,229.4,8.7,5.9,19.9
fsb_00919,fsb_00919.jpg,Watermelon Salad,"""[{'name': 'mixed greens', 'calories': 10.0, 'carbs': 2.1, 'protein': 0.6, 'fat': 0.1, 'quantity': 1.5, 'unit': 'cups'}, {'name': 'watermelon', 'calories': 23.1, 'carbs': 5.8, 'protein': 0.5, 'fat': 0.1, 'quantity': 0.5, 'unit': 'cup, balls'}, {'name': 'salted almond', 'calories': 7.7, 'carbs': 0.3, 'protein': 0.3, 'fat': 0.7, 'quantity': 1, 'unit': 'almond'}, {'name': 'blueberries', 'calories': 21.1, 'carbs': 5.4, 'protein': 0.3, 'fat': 0.1, 'quantity': 0.25, 'unit': 'cup'}, {'name': 'balsamic vinaigrette', 'calories': 42.3, 'carbs': 2.1, 'protein': 0.1, 'fat': 3.7, 'quantity': 1.2, 'unit': 'tbsp'}]""","""[\""mixed greens\"", \""watermelon\"", \""salted almond\"", \""blueberries\"", \""balsamic vinaigrette\""]""",5,104.2,15.7,1.8,4.7
fsb_00920,fsb_00920.jpg,Mixed Grill Platter,"""[{'name': 'grilled chicken', 'calories': 227.3, 'carbs': 0.0, 'protein': 45.3, 'fat': 5.2, 'quantity': 0.8, 'unit': 'piece'}, {'name': 'grilled salmon', 'calories': 233.8, 'carbs': 0.0, 'protein': 25.1, 'fat': 14.0, 'quantity': 0.5, 'unit': 'fillet'}, {'name': 'ribs', 'calories': 324.9, 'carbs': 0.0, 'protein': 18.8, 'fat': 27.8, 'quantity': 2, 'unit': 'large rib'}, {'name': 'coleslaw', 'calories': 104.5, 'carbs': 8.1, 'protein': 0.6, 'fat': 7.7, 'quantity': 0.3, 'unit': 'cup'}, {'name': 'diet coke', 'calories': 0.0, 'carbs': 0.4, 'protein': 0.0, 'fat': 0.0, 'quantity': 1, 'unit': 'can (12 fl oz)'}]""","""[\""grilled chicken\"", \""grilled salmon\"", \""ribs\"", \""coleslaw\"", \""diet coke\""]""",5,890.5,8.5,89.8,54.7
fsb_00921,fsb_00921.jpg,Mixed Meal,"""[{'name': 'edamame', 'calories': 187.6, 'carbs': 13.8, 'protein': 18.5, 'fat': 8.1, 'quantity': 1, 'unit': 'cup'}, {'name': 'beef', 'calories': 220.2, 'carbs': 0.0, 'protein': 22.2, 'fat': 14.1, 'quantity': 3, 'unit': 'oz'}, {'name': 'soup', 'calories': 119.0, 'carbs': 14.7, 'protein': 5.8, 'fat': 3.8, 'quantity': 2, 'unit': 'cup'}, {'name': 'cornbread muffin', 'calories': 201.3, 'carbs': 33.7, 'protein': 3.9, 'fat': 5.5, 'quantity': 1, 'unit': 'small'}]""","""[\""edamame\"", \""beef\"", \""soup\"", \""cornbread muffin\""]""",4,728.1,62.2,50.4,31.5
fsb_00922,fsb_00922.jpg,Mixed Meal,"""[{'name': 'pasta salad', 'calories': 203.7, 'carbs': 17.5, 'protein': 6.0, 'fat': 12.2, 'quantity': 0.5, 'unit': 'cup'}, {'name': 'sausage', 'calories': 148.3, 'carbs': 0.5, 'protein': 5.8, 'fat': 13.6, 'quantity': 3, 'unit': 'link, little (2\"" long x 3/4\"" dia)'}, {'name': 'pumpkin soup', 'calories': 96.5, 'carbs': 10.9, 'protein': 3.8, 'fat': 4.6, 'quantity': 0.8, 'unit': 'cup'}, {'name': 'bread', 'calories': 77.1, 'carbs': 14.3, 'protein': 2.6, 'fat': 1.0, 'quantity': 1, 'unit': 'slice'}]""","""[\""pasta salad\"", \""sausage\"", \""pumpkin soup\"", \""bread\""]""",4,525.6,43.2,18.2,31.4
fsb_00923,fsb_00923.jpg,Mixed Meat Bowl with Hummus and Yogurt Sauce,"""[{'name': 'chicken', 'calories': 237.6, 'carbs': 0.1, 'protein': 25.9, 'fat': 14.1, 'quantity': 0.8, 'unit': 'cup'}, {'name': 'beef', 'calories': 221.4, 'carbs': 0.0, 'protein': 22.3, 'fat': 14.2, 'quantity': 0.3, 'unit': 'piece, cooked, excluding refuse (yield from 1 lb raw meat with refuse)'}, {'name': 'hummus', 'calories': 49.8, 'carbs': 4.3, 'protein': 2.4, 'fat': 2.9, 'quantity': 2, 'unit': 'tbsp'}, {'name': 'yogurt sauce', 'calories': 27.2, 'carbs': 1.3, 'protein': 0.7, 'fat': 2.2, 'quantity': 2, 'unit': 'tbsp'}, {'name': 'cabbage', 'calories': 10.3, 'carbs': 2.5, 'protein': 0.6, 'fat': 0.0, 'quantity': 0.3, 'unit': 'cup, shredded'}, {'name': 'red peppers', 'calories': 10.4, 'carbs': 2.5, 'protein': 0.3, 'fat': 0.1, 'quantity': 0.2, 'unit': 'cup'}]""","""[\""chicken\"", \""beef\"", \""hummus\"", \""yogurt sauce\"", \""cabbage\"", \""red peppers\""]""",6,556.7,10.7,52.2,33.5
fsb_00924,fsb_00924.jpg,Mixed Meat Plate,"""[{'name': 'beef', 'calories': 221.4, 'carbs': 0.0, 'protein': 22.3, 'fat': 14.2, 'quantity': 0.3, 'unit': 'piece, cooked, excluding refuse (yield from 1 lb raw meat with refuse)'}, {'name': 'chicken', 'calories': 118.8, 'carbs': 0.0, 'protein': 12.9, 'fat': 7.1, 'quantity': 0.4, 'unit': 'cup'}, {'name': 'pork', 'calories': 176.4, 'carbs': 0.0, 'protein': 19.5, 'fat': 10.3, 'quantity': 0.3, 'unit': 'piece, cooked, excluding refuse (yield from 1 lb raw meat with refuse)'}]""","""[\""beef\"", \""chicken\"", \""pork\""]""",3,516.6,0.0,54.7,31.6
fsb_00925,fsb_00925.jpg,Mixed Mediterranean Plate,"""[{'name': 'beetroot salad', 'calories': 63.3, 'carbs': 2.6, 'protein': 1.2, 'fat': 5.5, 'quantity': 0.2, 'unit': 'cup'}, {'name': 'potato salad', 'calories': 143.0, 'carbs': 11.2, 'protein': 2.7, 'fat': 8.2, 'quantity': 0.4, 'unit': 'cup'}, {'name': 'stuffed grape leaves', 'calories': 133.8, 'carbs': 8.4, 'protein': 7.6, 'fat': 7.9, 'quantity': 2, 'unit': 'piece'}, {'name': 'mixed greens', 'calories': 10.0, 'carbs': 2.1, 'protein': 0.6, 'fat': 0.1, 'quantity': 0.5, 'unit': 'serving'}, {'name': 'pomegranate seeds', 'calories': 23.5, 'carbs': 5.3, 'protein': 0.5, 'fat': 0.3, 'quantity': 1, 'unit': 'wt. oz'}, {'name': 'radish', 'calories': 2.2, 'carbs': 0.5, 'protein': 0.1, 'fat': 0.0, 'quantity': 3, 'unit': 'medium (3/4\"" to 1\"" dia)'}, {'name': 'tomato', 'calories': 6.5, 'carbs': 1.4, 'protein': 0.3, 'fat': 0.1, 'quantity': 0.2, 'unit': 'cup, chopped or sliced'}]""","""[\""beetroot salad\"", \""potato salad\"", \""stuffed grape leaves\"", \""mixed greens\"", \""pomegranate seeds\"", \""radish\"", \""tomato\""]""",7,382.3,31.5,13.0,22.1
fsb_00926,fsb_00926.jpg,Nut And Dried Fruit Mix,"""[{'name': 'almonds', 'calories': 69.4, 'carbs': 2.4, 'protein': 2.4, 'fat': 6.1, 'quantity': 9, 'unit': 'almond'}, {'name': 'cashews', 'calories': 90.1, 'carbs': 5.1, 'protein': 2.4, 'fat': 7.3, 'quantity': 10, 'unit': 'cashew'}, {'name': 'pistachios', 'calories': 39.8, 'carbs': 1.9, 'protein': 1.5, 'fat': 3.2, 'quantity': 10, 'unit': 'kernel'}, {'name': 'peanuts', 'calories': 52.8, 'carbs': 1.9, 'protein': 2.2, 'fat': 4.5, 'quantity': 9, 'unit': 'peanut'}, {'name': 'dried cranberry', 'calories': 492.8, 'carbs': 132.5, 'protein': 0.3, 'fat': 1.7, 'quantity': 1, 'unit': 'cup'}]""","""[\""almonds\"", \""cashews\"", \""pistachios\"", \""peanuts\"", \""dried cranberry\""]""",5,744.9,143.8,8.8,22.8
fsb_00927,fsb_00927.jpg,Nut And Raisin Mix,"""[{'name': 'pistachios', 'calories': 39.8, 'carbs': 1.9, 'protein': 1.5, 'fat': 3.2, 'quantity': 10, 'unit': 'kernel'}, {'name': 'cashews', 'calories': 90.1, 'carbs': 5.1, 'protein': 2.4, 'fat': 7.3, 'quantity': 10, 'unit': 'cashew'}, {'name': 'pecans', 'calories': 69.1, 'carbs': 1.4, 'protein': 0.9, 'fat': 7.2, 'quantity': 10, 'unit': 'g'}, {'name': 'raisins', 'calories': 41.9, 'carbs': 11.1, 'protein': 0.4, 'fat': 0.1, 'quantity': 1, 'unit': 'miniature box (.5 oz)'}]""","""[\""pistachios\"", \""cashews\"", \""pecans\"", \""raisins\""]""",4,240.9,19.5,5.2,17.8
fsb_00928,fsb_00928.jpg,Mixed Nuts and Edamame,"""[{'name': 'almonds', 'calories': 69.4, 'carbs': 2.4, 'protein': 2.4, 'fat': 6.1, 'quantity': 9, 'unit': 'almond'}, {'name': 'peanuts', 'calories': 52.8, 'carbs': 1.9, 'protein': 2.2, 'fat': 4.5, 'quantity': 9, 'unit': 'peanut'}, {'name': 'edamame', 'calories': 93.8, 'carbs': 6.9, 'protein': 9.2, 'fat': 4.0, 'quantity': 0.5, 'unit': 'cup'}]""","""[\""almonds\"", \""peanuts\"", \""edamame\""]""",3,216.0,11.2,13.8,14.6
fsb_00929,fsb_00929.jpg,Mixed Nuts,"""[{'name': 'almonds', 'calories': 38.6, 'carbs': 1.4, 'protein': 1.4, 'fat': 3.4, 'quantity': 5, 'unit': 'almond'}, {'name': 'cashews', 'calories': 45.1, 'carbs': 2.6, 'protein': 1.2, 'fat': 3.6, 'quantity': 5, 'unit': 'cashew'}, {'name': 'hazelnuts', 'calories': 64.6, 'carbs': 1.8, 'protein': 1.5, 'fat': 6.2, 'quantity': 10, 'unit': 'g'}, {'name': 'pistachios', 'calories': 4.0, 'carbs': 0.2, 'protein': 0.1, 'fat': 0.3, 'quantity': 1, 'unit': 'kernel'}, {'name': 'walnuts', 'calories': 13.3, 'carbs': 0.3, 'protein': 0.3, 'fat': 1.3, 'quantity': 1, 'unit': 'walnut half'}]""","""[\""almonds\"", \""cashews\"", \""hazelnuts\"", \""pistachios\"", \""walnuts\""]""",5,165.6,6.3,4.5,14.8
fsb_00930,fsb_00930.jpg,Mixed Nuts,"""[{'name': 'cashews', 'calories': 99.1, 'carbs': 5.6, 'protein': 2.6, 'fat': 8.0, 'quantity': 11, 'unit': 'cashew'}, {'name': 'almonds', 'calories': 69.4, 'carbs': 2.4, 'protein': 2.4, 'fat': 6.1, 'quantity': 9, 'unit': 'almond'}, {'name': 'walnuts', 'calories': 92.9, 'carbs': 1.9, 'protein': 2.2, 'fat': 9.3, 'quantity': 7, 'unit': 'walnut half'}]""","""[\""cashews\"", \""almonds\"", \""walnuts\""]""",3,261.4,9.9,7.2,23.4
fsb_00931,fsb_00931.jpg,Mixed Nuts,"""[{'name': 'cashews', 'calories': 99.1, 'carbs': 5.6, 'protein': 2.6, 'fat': 8.0, 'quantity': 11, 'unit': 'cashew'}, {'name': 'almonds', 'calories': 15.4, 'carbs': 0.5, 'protein': 0.5, 'fat': 1.4, 'quantity': 2, 'unit': 'almond'}, {'name': 'pecans', 'calories': 20.6, 'carbs': 0.4, 'protein': 0.3, 'fat': 2.1, 'quantity': 2, 'unit': 'nut'}, {'name': 'hazelnut', 'calories': 64.6, 'carbs': 1.8, 'protein': 1.5, 'fat': 6.2, 'quantity': 10, 'unit': 'g'}]""","""[\""cashews\"", \""almonds\"", \""pecans\"", \""hazelnut\""]""",4,199.7,8.3,4.9,17.7
fsb_00932,fsb_00932.jpg,Mixed Pizza Slices,"""[{'name': 'pizza crust', 'calories': 270.2, 'carbs': 46.9, 'protein': 6.6, 'fat': 5.8, 'quantity': 4, 'unit': 'oz'}, {'name': 'cheese', 'calories': 182.6, 'carbs': 1.4, 'protein': 10.3, 'fat': 15.1, 'quantity': 0.4, 'unit': 'cup, shredded'}, {'name': 'bacon', 'calories': 80.7, 'carbs': 0.3, 'protein': 5.9, 'fat': 6.1, 'quantity': 1.5, 'unit': 'slices'}, {'name': 'sausage', 'calories': 210.1, 'carbs': 0.6, 'protein': 8.1, 'fat': 19.2, 'quantity': 1, 'unit': 'link (4\"" long x 1-1/8\"" dia)'}, {'name': 'smoked salmon', 'calories': 99.5, 'carbs': 0.0, 'protein': 15.5, 'fat': 3.7, 'quantity': 3, 'unit': 'oz'}, {'name': 'tomato sauce', 'calories': 20.6, 'carbs': 4.6, 'protein': 1.0, 'fat': 0.3, 'quantity': 0.35, 'unit': 'cup'}]""","""[\""pizza crust\"", \""cheese\"", \""bacon\"", \""sausage\"", \""smoked salmon\"", \""tomato sauce\""]""",6,863.7,53.8,47.4,50.2
fsb_00933,fsb_00933.jpg,"Mixed Plate with Beef, Green Beans, and Macaroni Salad","""[{'name': 'beef', 'calories': 220.2, 'carbs': 0.0, 'protein': 22.2, 'fat': 14.1, 'quantity': 3, 'unit': 'oz'}, {'name': 'green beans', 'calories': 21.9, 'carbs': 4.9, 'protein': 1.2, 'fat': 0.2, 'quantity': 0.5, 'unit': 'cup'}, {'name': 'ground meat', 'calories': 138.7, 'carbs': 0.0, 'protein': 13.8, 'fat': 8.9, 'quantity': 1.7999999999999998, 'unit': 'oz'}, {'name': 'macaroni salad', 'calories': 82.7, 'carbs': 10.6, 'protein': 1.5, 'fat': 3.8, 'quantity': 0.2, 'unit': 'cup'}]""","""[\""beef\"", \""green beans\"", \""ground meat\"", \""macaroni salad\""]""",4,463.5,15.5,38.7,27.0
fsb_00934,fsb_00934.jpg,Black Rice With Okra And Carrots,"""[{'name': 'black rice', 'calories': 41.1, 'carbs': 8.9, 'protein': 0.9, 'fat': 0.1, 'quantity': 0.2, 'unit': 'cup'}, {'name': 'okra', 'calories': 8.8, 'carbs': 1.8, 'protein': 0.7, 'fat': 0.1, 'quantity': 0.25, 'unit': 'cup slices'}, {'name': 'carrots', 'calories': 10.9, 'carbs': 2.6, 'protein': 0.2, 'fat': 0.1, 'quantity': 0.2, 'unit': 'cup'}, {'name': 'olive oil', 'calories': 39.8, 'carbs': 0.0, 'protein': 0.0, 'fat': 4.5, 'quantity': 1, 'unit': 'tsp'}]""","""[\""black rice\"", \""okra\"", \""carrots\"", \""olive oil\""]""",4,100.6,13.3,1.8,4.8
fsb_00935,fsb_00935.jpg,"Mixed Plate with Bread, Pasta Salad, and Vegetables","""[{'name': 'bread', 'calories': 77.1, 'carbs': 14.3, 'protein': 2.6, 'fat': 1.0, 'quantity': 1, 'unit': 'slice'}, {'name': 'pasta salad', 'calories': 203.7, 'carbs': 17.5, 'protein': 6.0, 'fat': 12.2, 'quantity': 0.5, 'unit': 'cup'}, {'name': 'mixed vegetables', 'calories': 45.3, 'carbs': 9.7, 'protein': 2.4, 'fat': 0.5, 'quantity': 1, 'unit': 'cup'}]""","""[\""bread\"", \""pasta salad\"", \""mixed vegetables\""]""",3,326.1,41.5,11.0,13.7
fsb_00936,fsb_00936.jpg,Cabbage Salad Platter,"""[{'name': 'cabbage casserole', 'calories': 246.7, 'carbs': 17.0, 'protein': 6.5, 'fat': 17.8, 'quantity': 1, 'unit': 'cup'}, {'name': 'coleslaw', 'calories': 156.7, 'carbs': 12.2, 'protein': 0.9, 'fat': 11.6, 'quantity': 0.45, 'unit': 'cup'}, {'name': 'pickles', 'calories': 10.2, 'carbs': 2.0, 'protein': 0.4, 'fat': 0.3, 'quantity': 3, 'unit': 'wt. oz'}, {'name': 'beet salad', 'calories': 63.3, 'carbs': 2.6, 'protein': 1.2, 'fat': 5.5, 'quantity': 0.2, 'unit': 'cup'}, {'name': 'black olives', 'calories': 25.3, 'carbs': 1.4, 'protein': 0.2, 'fat': 2.3, 'quantity': 5, 'unit': 'large'}]""","""[\""cabbage casserole\"", \""coleslaw\"", \""pickles\"", \""beet salad\"", \""black olives\""]""",5,502.2,35.2,9.2,37.5
fsb_00937,fsb_00937.jpg,Mixed Plate with Lamb Chops,"""[{'name': 'lamb chops', 'calories': 329.4, 'carbs': 0.0, 'protein': 30.8, 'fat': 22.9, 'quantity': 2, 'unit': 'chop'}, {'name': 'french fries', 'calories': 160.1, 'carbs': 21.3, 'protein': 1.8, 'fat': 7.6, 'quantity': 0.9, 'unit': 'cup'}, {'name': 'scrambled eggs', 'calories': 137.1, 'carbs': 1.5, 'protein': 9.2, 'fat': 10.1, 'quantity': 2, 'unit': 'small'}, {'name': 'pico de gallo', 'calories': 10.1, 'carbs': 2.3, 'protein': 0.5, 'fat': 0.1, 'quantity': 0.175, 'unit': 'cup'}, {'name': 'tortilla', 'calories': 104.0, 'carbs': 17.8, 'protein': 2.8, 'fat': 2.3, 'quantity': 1, 'unit': 'tortilla, medium (approx 6\"" dia)'}, {'name': 'ground beef', 'calories': 81.1, 'carbs': 0.0, 'protein': 8.0, 'fat': 5.2, 'quantity': 0.2, 'unit': 'portion ( yield from 1/2 lb raw meat )'}]""","""[\""lamb chops\"", \""french fries\"", \""scrambled eggs\"", \""pico de gallo\"", \""tortilla\"", \""ground beef\""]""",6,821.8,42.9,53.1,48.2
fsb_00938,fsb_00938.jpg,Mixed Plate with Lentils and Vegetables,"""[{'name': 'beef', 'calories': 154.1, 'carbs': 0.0, 'protein': 15.5, 'fat': 9.9, 'quantity': 2.0999999999999996, 'unit': 'oz'}, {'name': 'white rice', 'calories': 102.7, 'carbs': 22.3, 'protein': 2.1, 'fat': 0.2, 'quantity': 0.5, 'unit': 'cup'}, {'name': 'lentils', 'calories': 45.9, 'carbs': 8.0, 'protein': 3.6, 'fat': 0.2, 'quantity': 0.2, 'unit': 'cup'}, {'name': 'roasted brussels sprouts', 'calories': 40.4, 'carbs': 3.3, 'protein': 1.2, 'fat': 2.9, 'quantity': 0.3, 'unit': 'cup'}, {'name': 'roasted carrots', 'calories': 21.8, 'carbs': 2.9, 'protein': 0.3, 'fat': 1.2, 'quantity': 0.2, 'unit': 'cup'}, {'name': 'fried tofu', 'calories': 70.2, 'carbs': 2.3, 'protein': 4.9, 'fat': 5.2, 'quantity': 2, 'unit': 'piece'}]""","""[\""beef\"", \""white rice\"", \""lentils\"", \""roasted brussels sprouts\"", \""roasted carrots\"", \""fried tofu\""]""",6,435.1,38.8,27.6,19.6
fsb_00939,fsb_00939.jpg,Kimchi Rice Bowl,"""[{'name': 'white rice', 'calories': 102.7, 'carbs': 22.3, 'protein': 2.1, 'fat': 0.2, 'quantity': 0.5, 'unit': 'cup'}, {'name': 'beans', 'calories': 71.6, 'carbs': 16.1, 'protein': 3.6, 'fat': 0.3, 'quantity': 0.3, 'unit': 'cup'}, {'name': 'pumpkin', 'calories': 14.7, 'carbs': 3.6, 'protein': 0.5, 'fat': 0.1, 'quantity': 0.3, 'unit': 'cup'}, {'name': 'lettuce', 'calories': 4.8, 'carbs': 0.9, 'protein': 0.3, 'fat': 0.1, 'quantity': 0.6, 'unit': 'cups shredded'}, {'name': 'tomato', 'calories': 6.1, 'carbs': 1.3, 'protein': 0.3, 'fat': 0.1, 'quantity': 2, 'unit': 'cherry'}, {'name': 'radish', 'calories': 2.2, 'carbs': 0.5, 'protein': 0.1, 'fat': 0.0, 'quantity': 3, 'unit': 'medium (3/4\"" to 1\"" dia)'}, {'name': 'kimchi', 'calories': 22.5, 'carbs': 3.6, 'protein': 1.6, 'fat': 0.8, 'quantity': 1, 'unit': 'cup'}]""","""[\""white rice\"", \""beans\"", \""pumpkin\"", \""lettuce\"", \""tomato\"", \""radish\"", \""kimchi\""]""",7,224.6,48.3,8.5,1.6
fsb_00940,fsb_00940.jpg,Mixed Plate with Salad and Beans,"""[{'name': 'ground beef', 'calories': 243.2, 'carbs': 0.0, 'protein': 24.1, 'fat': 15.5, 'quantity': 0.6, 'unit': 'portion ( yield from 1/2 lb raw meat )'}, {'name': 'cheese', 'calories': 113.1, 'carbs': 0.9, 'protein': 6.4, 'fat': 9.3, 'quantity': 1, 'unit': 'slice (1 oz)'}, {'name': 'ketchup', 'calories': 17.2, 'carbs': 4.7, 'protein': 0.2, 'fat': 0.0, 'quantity': 1, 'unit': 'tbsp'}, {'name': 'pickles', 'calories': 5.0, 'carbs': 1.0, 'protein': 0.2, 'fat': 0.1, 'quantity': 6, 'unit': 'slice'}, {'name': 'avocado', 'calories': 48.0, 'carbs': 2.6, 'protein': 0.6, 'fat': 4.4, 'quantity': 0.2, 'unit': 'cup, cubes'}, {'name': 'lettuce', 'calories': 4.8, 'carbs': 0.9, 'protein': 0.3, 'fat': 0.1, 'quantity': 1, 'unit': 'wt. oz'}, {'name': 'tomato', 'calories': 6.5, 'carbs': 1.4, 'protein': 0.3, 'fat': 0.1, 'quantity': 0.2, 'unit': 'cup, chopped or sliced'}, {'name': 'green beans', 'calories': 21.9, 'carbs': 4.9, 'protein': 1.2, 'fat': 0.2, 'quantity': 0.5, 'unit': 'cup'}, {'name': 'baked beans', 'calories': 143.3, 'carbs': 32.2, 'protein': 7.2, 'fat': 0.6, 'quantity': 0.6, 'unit': 'cup'}]""","""[\""ground beef\"", \""cheese\"", \""ketchup\"", \""pickles\"", \""avocado\"", \""lettuce\"", \""tomato\"", \""green beans\"", \""baked beans\""]""",9,603.0,48.6,40.5,30.3
fsb_00941,fsb_00941.jpg,Mixed Plate with Salad and Curry,"""[{'name': 'lettuce', 'calories': 1.4, 'carbs': 0.3, 'protein': 0.1, 'fat': 0.0, 'quantity': 0.5, 'unit': 'leaves'}, {'name': 'white beans', 'calories': 49.8, 'carbs': 9.0, 'protein': 3.5, 'fat': 0.1, 'quantity': 0.2, 'unit': 'cup'}, {'name': 'mango', 'calories': 29.7, 'carbs': 7.4, 'protein': 0.4, 'fat': 0.2, 'quantity': 0.3, 'unit': 'cup pieces'}, {'name': 'red onion', 'calories': 5.8, 'carbs': 1.3, 'protein': 0.2, 'fat': 0.0, 'quantity': 1, 'unit': 'tbsp'}, {'name': 'cilantro', 'calories': 0.9, 'carbs': 0.1, 'protein': 0.1, 'fat': 0.0, 'quantity': 4, 'unit': 'tbsp'}, {'name': 'kale', 'calories': 18.2, 'carbs': 3.7, 'protein': 1.2, 'fat': 0.3, 'quantity': 0.5, 'unit': 'cup'}, {'name': 'quinoa', 'calories': 55.5, 'carbs': 9.9, 'protein': 2.0, 'fat': 0.9, 'quantity': 0.25, 'unit': 'cup'}, {'name': 'pomegranate seeds', 'calories': 16.5, 'carbs': 3.7, 'protein': 0.3, 'fat': 0.2, 'quantity': 0.7, 'unit': 'wt. oz'}, {'name': 'curry chicken salad', 'calories': 192.0, 'carbs': 4.5, 'protein': 13.1, 'fat': 13.9, 'quantity': 0.4, 'unit': 'cup'}, {'name': 'rye bread', 'calories': 82.9, 'carbs': 15.5, 'protein': 2.7, 'fat': 1.1, 'quantity': 1, 'unit': 'slice, regular'}]""","""[\""lettuce\"", \""white beans\"", \""mango\"", \""red onion\"", \""cilantro\"", \""kale\"", \""quinoa\"", \""pomegranate seeds\"", \""curry chicken salad\"", \""rye bread\""]""",10,452.7,55.4,23.6,16.7
fsb_00942,fsb_00942.jpg,Mixed Plate with Salad and Grilled Meat,"""[{'name': 'meat', 'calories': 255.7, 'carbs': 0.0, 'protein': 31.3, 'fat': 13.5, 'quantity': 4, 'unit': 'oz'}, {'name': 'mixed salad', 'calories': 159.9, 'carbs': 33.7, 'protein': 9.9, 'fat': 1.6, 'quantity': 8, 'unit': 'serving'}, {'name': 'fried onions', 'calories': 44.9, 'carbs': 5.1, 'protein': 0.6, 'fat': 2.4, 'quantity': 2, 'unit': 'tbsp'}, {'name': 'beetroot', 'calories': 37.4, 'carbs': 8.5, 'protein': 1.4, 'fat': 0.2, 'quantity': 0.5, 'unit': 'cup slices'}, {'name': 'white beans', 'calories': 124.4, 'carbs': 22.5, 'protein': 8.7, 'fat': 0.3, 'quantity': 0.5, 'unit': 'cup'}, {'name': 'pickles', 'calories': 12.6, 'carbs': 2.5, 'protein': 0.5, 'fat': 0.3, 'quantity': 3, 'unit': 'spear'}, {'name': 'dressing', 'calories': 103.2, 'carbs': 1.4, 'protein': 0.3, 'fat': 10.7, 'quantity': 1.6, 'unit': 'tablespoons'}]""","""[\""meat\"", \""mixed salad\"", \""fried onions\"", \""beetroot\"", \""white beans\"", \""pickles\"", \""dressing\""]""",7,738.1,73.7,52.7,29.0
fsb_00943,fsb_00943.jpg,Chicken Salad With Tomato Soup,"""[{'name': 'fried egg', 'calories': 90.2, 'carbs': 0.4, 'protein': 6.3, 'fat': 6.8, 'quantity': 1, 'unit': 'large'}, {'name': 'grilled chicken', 'calories': 198.9, 'carbs': 0.0, 'protein': 39.6, 'fat': 4.6, 'quantity': 0.7, 'unit': 'piece'}, {'name': 'mixed vegetables', 'calories': 45.3, 'carbs': 9.7, 'protein': 2.4, 'fat': 0.5, 'quantity': 1, 'unit': 'cup'}, {'name': 'salad', 'calories': 16.0, 'carbs': 3.4, 'protein': 1.0, 'fat': 0.2, 'quantity': 0.8, 'unit': 'serving'}, {'name': 'tomato soup', 'calories': 76.3, 'carbs': 16.4, 'protein': 1.6, 'fat': 0.5, 'quantity': 0.9, 'unit': 'cup'}, {'name': 'milk', 'calories': 97.6, 'carbs': 9.4, 'protein': 6.4, 'fat': 3.9, 'quantity': 0.8, 'unit': 'cup'}, {'name': 'water', 'calories': 0.0, 'carbs': 0.0, 'protein': 0.0, 'fat': 0.0, 'quantity': 1, 'unit': 'serving 8 fl oz'}]""","""[\""fried egg\"", \""grilled chicken\"", \""mixed vegetables\"", \""salad\"", \""tomato soup\"", \""milk\"", \""water\""]""",7,524.3,39.3,57.3,16.5
fsb_00944,fsb_00944.jpg,Mixed Plate with Turkey Patty and Vegetables,"""[{'name': 'turkey patty', 'calories': 199.2, 'carbs': 0.0, 'protein': 20.7, 'fat': 13.0, 'quantity': 1, 'unit': 'patty'}, {'name': 'bacon', 'calories': 43.1, 'carbs': 0.2, 'protein': 3.1, 'fat': 3.2, 'quantity': 0.8, 'unit': 'slice'}, {'name': 'mixed vegetables', 'calories': 45.3, 'carbs': 9.7, 'protein': 2.4, 'fat': 0.5, 'quantity': 1, 'unit': 'cup'}]""","""[\""turkey patty\"", \""bacon\"", \""mixed vegetables\""]""",3,287.6,9.9,26.2,16.7
fsb_00945,fsb_00945.jpg,Mixed Plate,"""[{'name': 'burrito', 'calories': 303.7, 'carbs': 39.4, 'protein': 11.9, 'fat': 11.5, 'quantity': 0.7, 'unit': 'burrito'}, {'name': 'corn on the cob', 'calories': 73.9, 'carbs': 16.2, 'protein': 2.6, 'fat': 1.2, 'quantity': 1, 'unit': 'ear, yields'}, {'name': 'spring roll', 'calories': 103.8, 'carbs': 13.5, 'protein': 2.6, 'fat': 4.4, 'quantity': 0.7, 'unit': 'roll'}, {'name': 'brussels sprouts', 'calories': 36.3, 'carbs': 7.2, 'protein': 2.6, 'fat': 0.5, 'quantity': 4.8, 'unit': 'sprouts'}]""","""[\""burrito\"", \""corn on the cob\"", \""spring roll\"", \""brussels sprouts\""]""",4,517.7,76.3,19.7,17.6
fsb_00946,fsb_00946.jpg,Mixed Plate,"""[{'name': 'tuna salad', 'calories': 191.7, 'carbs': 9.6, 'protein': 16.4, 'fat': 9.5, 'quantity': 0.5, 'unit': 'cup'}, {'name': 'coleslaw', 'calories': 52.2, 'carbs': 4.1, 'protein': 0.3, 'fat': 3.9, 'quantity': 0.15, 'unit': 'cup'}, {'name': 'cheddar cheese', 'calories': 137.4, 'carbs': 1.1, 'protein': 7.8, 'fat': 11.3, 'quantity': 2, 'unit': 'cubic inch'}, {'name': 'crackers', 'calories': 61.2, 'carbs': 7.4, 'protein': 0.8, 'fat': 3.2, 'quantity': 3, 'unit': 'cracker'}, {'name': 'green apple', 'calories': 47.3, 'carbs': 12.6, 'protein': 0.2, 'fat': 0.2, 'quantity': 0.5, 'unit': 'medium (3\"" dia)'}]""","""[\""tuna salad\"", \""coleslaw\"", \""cheddar cheese\"", \""crackers\"", \""green apple\""]""",5,489.8,34.8,25.5,28.1
fsb_00947,fsb_00947.jpg,Mixed Plate,"""[{'name': 'white rice', 'calories': 102.7, 'carbs': 22.3, 'protein': 2.1, 'fat': 0.2, 'quantity': 0.5, 'unit': 'cup'}, {'name': 'grilled chicken', 'calories': 113.7, 'carbs': 0.0, 'protein': 22.7, 'fat': 2.6, 'quantity': 0.4, 'unit': 'piece'}, {'name': 'pasta', 'calories': 154.8, 'carbs': 30.2, 'protein': 5.7, 'fat': 0.9, 'quantity': 0.7, 'unit': 'cup'}, {'name': 'cauliflower', 'calories': 12.2, 'carbs': 2.2, 'protein': 1.0, 'fat': 0.2, 'quantity': 0.2, 'unit': 'small head'}, {'name': 'salad', 'calories': 10.0, 'carbs': 2.1, 'protein': 0.6, 'fat': 0.1, 'quantity': 0.5, 'unit': 'serving'}, {'name': 'tomato', 'calories': 4.4, 'carbs': 1.0, 'protein': 0.2, 'fat': 0.0, 'quantity': 0.2, 'unit': 'medium whole (2-3/5\"" dia)'}, {'name': 'cucumber', 'calories': 3.9, 'carbs': 0.9, 'protein': 0.2, 'fat': 0.0, 'quantity': 0.25, 'unit': 'cup slices'}]""","""[\""white rice\"", \""grilled chicken\"", \""pasta\"", \""cauliflower\"", \""salad\"", \""tomato\"", \""cucumber\""]""",7,401.7,58.7,32.5,4.0
fsb_00948,fsb_00948.jpg,Mixed Platter with Rice,"""[{'name': 'rice', 'calories': 205.4, 'carbs': 44.5, 'protein': 4.3, 'fat': 0.4, 'quantity': 1, 'unit': 'cup'}, {'name': 'chicken curry', 'calories': 146.0, 'carbs': 4.5, 'protein': 16.9, 'fat': 6.5, 'quantity': 0.6, 'unit': 'cup'}, {'name': 'potato curry', 'calories': 122.5, 'carbs': 12.3, 'protein': 1.8, 'fat': 7.9, 'quantity': 0.6, 'unit': 'cup'}, {'name': 'meat', 'calories': 127.9, 'carbs': 0.0, 'protein': 15.6, 'fat': 6.8, 'quantity': 2, 'unit': 'oz'}, {'name': 'soy patties', 'calories': 123.9, 'carbs': 10.0, 'protein': 11.0, 'fat': 4.4, 'quantity': 1, 'unit': 'pattie'}]""","""[\""rice\"", \""chicken curry\"", \""potato curry\"", \""meat\"", \""soy patties\""]""",5,725.7,71.3,49.6,26.0
fsb_00949,fsb_00949.jpg,Mixed Salad Bowl,"""[{'name': 'arugula', 'calories': 5.0, 'carbs': 0.7, 'protein': 0.5, 'fat': 0.1, 'quantity': 1, 'unit': 'cup'}, {'name': 'mango', 'calories': 29.7, 'carbs': 7.4, 'protein': 0.4, 'fat': 0.2, 'quantity': 0.3, 'unit': 'cup pieces'}, {'name': 'chickpeas', 'calories': 80.7, 'carbs': 13.5, 'protein': 4.4, 'fat': 1.3, 'quantity': 0.3, 'unit': 'cup'}, {'name': 'red onion', 'calories': 18.5, 'carbs': 4.3, 'protein': 0.6, 'fat': 0.1, 'quantity': 0.2, 'unit': 'cup'}, {'name': 'cherry tomatoes', 'calories': 16.1, 'carbs': 3.5, 'protein': 0.8, 'fat': 0.2, 'quantity': 0.6, 'unit': 'cup'}, {'name': 'tempeh', 'calories': 97.1, 'carbs': 3.8, 'protein': 9.9, 'fat': 5.7, 'quantity': 0.3, 'unit': 'cup'}, {'name': 'quinoa', 'calories': 55.5, 'carbs': 9.9, 'protein': 2.0, 'fat': 0.9, 'quantity': 0.25, 'unit': 'cup'}, {'name': 'pomegranate seeds', 'calories': 36.1, 'carbs': 8.1, 'protein': 0.7, 'fat': 0.5, 'quantity': 0.25, 'unit': 'cup arils (seed/juice sacs)'}, {'name': 'sunflower seeds', 'calories': 43.7, 'carbs': 1.2, 'protein': 1.5, 'fat': 4.0, 'quantity': 1, 'unit': 'tbsp'}, {'name': 'dried cranberries', 'calories': 24.6, 'carbs': 6.6, 'protein': 0.0, 'fat': 0.1, 'quantity': 0.8, 'unit': 'tbsp'}]""","""[\""arugula\"", \""mango\"", \""chickpeas\"", \""red onion\"", \""cherry tomatoes\"", \""tempeh\"", \""quinoa\"", \""pomegranate seeds\"", \""sunflower seeds\"", \""dried cranberries\""]""",10,407.0,59.0,20.8,13.1
fsb_00950,fsb_00950.jpg,Mixed Salad Plate,"""[{'name': 'lettuce', 'calories': 4.8, 'carbs': 0.9, 'protein': 0.3, 'fat': 0.1, 'quantity': 1, 'unit': 'wt. oz'}, {'name': 'blue cheese', 'calories': 50.0, 'carbs': 0.3, 'protein': 3.0, 'fat': 4.1, 'quantity': 0.5, 'unit': 'oz'}, {'name': 'tomato', 'calories': 11.1, 'carbs': 2.4, 'protein': 0.5, 'fat': 0.1, 'quantity': 0.5, 'unit': 'medium whole (2-3/5\"" dia)'}, {'name': 'cucumber', 'calories': 3.9, 'carbs': 0.9, 'protein': 0.2, 'fat': 0.0, 'quantity': 0.25, 'unit': 'cup slices'}, {'name': 'kimchi', 'calories': 15.7, 'carbs': 2.5, 'protein': 1.2, 'fat': 0.5, 'quantity': 0.7, 'unit': 'cup'}, {'name': 'beetroot', 'calories': 18.7, 'carbs': 4.2, 'protein': 0.7, 'fat': 0.1, 'quantity': 0.25, 'unit': 'cup slices'}, {'name': 'white beans', 'calories': 99.5, 'carbs': 18.0, 'protein': 7.0, 'fat': 0.3, 'quantity': 0.4, 'unit': 'cup'}, {'name': 'dressing', 'calories': 77.4, 'carbs': 1.1, 'protein': 0.2, 'fat': 8.0, 'quantity': 1.2, 'unit': 'tablespoons'}]""","""[\""lettuce\"", \""blue cheese\"", \""tomato\"", \""cucumber\"", \""kimchi\"", \""beetroot\"", \""white beans\"", \""dressing\""]""",8,281.1,30.3,13.1,13.2
fsb_00951,fsb_00951.jpg,Mixed Salad Plate,"""[{'name': 'lettuce', 'calories': 4.8, 'carbs': 0.9, 'protein': 0.3, 'fat': 0.1, 'quantity': 1, 'unit': 'wt. oz'}, {'name': 'broccoli', 'calories': 14.7, 'carbs': 3.0, 'protein': 1.0, 'fat': 0.2, 'quantity': 0.3, 'unit': 'stalk, small (5\"" long)'}, {'name': 'tomato', 'calories': 11.1, 'carbs': 2.4, 'protein': 0.5, 'fat': 0.1, 'quantity': 0.5, 'unit': 'medium whole (2-3/5\"" dia)'}, {'name': 'corn', 'calories': 28.6, 'carbs': 6.3, 'protein': 1.0, 'fat': 0.4, 'quantity': 0.2, 'unit': 'cup cut'}, {'name': 'cucumber', 'calories': 3.9, 'carbs': 0.9, 'protein': 0.2, 'fat': 0.0, 'quantity': 0.25, 'unit': 'cup slices'}, {'name': 'bell pepper', 'calories': 7.5, 'carbs': 1.8, 'protein': 0.3, 'fat': 0.1, 'quantity': 0.2, 'unit': 'cup, strips'}, {'name': 'couscous', 'calories': 52.8, 'carbs': 10.9, 'protein': 1.8, 'fat': 0.1, 'quantity': 0.3, 'unit': 'cup, cooked'}, {'name': 'salad dressing', 'calories': 116.1, 'carbs': 1.6, 'protein': 0.4, 'fat': 12.0, 'quantity': 1.8, 'unit': 'tablespoons'}]""","""[\""lettuce\"", \""broccoli\"", \""tomato\"", \""corn\"", \""cucumber\"", \""bell pepper\"", \""couscous\"", \""salad dressing\""]""",8,239.5,27.8,5.5,13.0
fsb_00952,fsb_00952.jpg,Mixed Salad Plate,"""[{'name': 'lettuce', 'calories': 4.8, 'carbs': 0.9, 'protein': 0.3, 'fat': 0.1, 'quantity': 1, 'unit': 'wt. oz'}, {'name': 'tomato', 'calories': 16.2, 'carbs': 3.5, 'protein': 0.8, 'fat': 0.2, 'quantity': 0.5, 'unit': 'cup, chopped or sliced'}, {'name': 'pasta salad', 'calories': 203.7, 'carbs': 17.5, 'protein': 6.0, 'fat': 12.2, 'quantity': 0.5, 'unit': 'cup'}, {'name': 'black eyed peas', 'calories': 59.5, 'carbs': 10.6, 'protein': 4.0, 'fat': 0.3, 'quantity': 0.3, 'unit': 'cup'}, {'name': 'bell peppers', 'calories': 11.2, 'carbs': 2.7, 'protein': 0.4, 'fat': 0.1, 'quantity': 0.3, 'unit': 'cup, strips'}, {'name': 'beets', 'calories': 18.7, 'carbs': 4.2, 'protein': 0.7, 'fat': 0.1, 'quantity': 0.25, 'unit': 'cup slices'}, {'name': 'dressing', 'calories': 64.5, 'carbs': 0.9, 'protein': 0.2, 'fat': 6.7, 'quantity': 1, 'unit': 'tablespoons'}]""","""[\""lettuce\"", \""tomato\"", \""pasta salad\"", \""black eyed peas\"", \""bell peppers\"", \""beets\"", \""dressing\""]""",7,378.6,40.3,12.4,19.7
fsb_00953,fsb_00953.jpg,Mixed Salad Plate,"""[{'name': 'spinach', 'calories': 8.3, 'carbs': 1.4, 'protein': 1.1, 'fat': 0.1, 'quantity': 0.2, 'unit': 'cup'}, {'name': 'tomato', 'calories': 11.1, 'carbs': 2.4, 'protein': 0.5, 'fat': 0.1, 'quantity': 0.5, 'unit': 'medium whole (2-3/5\"" dia)'}, {'name': 'cucumber', 'calories': 3.9, 'carbs': 0.9, 'protein': 0.2, 'fat': 0.0, 'quantity': 0.25, 'unit': 'cup slices'}, {'name': 'chickpeas', 'calories': 53.8, 'carbs': 9.0, 'protein': 2.9, 'fat': 0.8, 'quantity': 0.2, 'unit': 'cup'}, {'name': 'kimchi', 'calories': 9.0, 'carbs': 1.4, 'protein': 0.7, 'fat': 0.3, 'quantity': 0.4, 'unit': 'cup'}, {'name': 'white beans', 'calories': 49.8, 'carbs': 9.0, 'protein': 3.5, 'fat': 0.1, 'quantity': 0.2, 'unit': 'cup'}, {'name': 'kale', 'calories': 7.3, 'carbs': 1.5, 'protein': 0.5, 'fat': 0.1, 'quantity': 0.2, 'unit': 'cup'}, {'name': 'green olives', 'calories': 15.7, 'carbs': 0.4, 'protein': 0.1, 'fat': 1.7, 'quantity': 4, 'unit': 'olive'}]""","""[\""spinach\"", \""tomato\"", \""cucumber\"", \""chickpeas\"", \""kimchi\"", \""white beans\"", \""kale\"", \""green olives\""]""",8,158.9,26.0,9.5,3.2
fsb_00954,fsb_00954.jpg,Mixed Salad Platter,"""[{'name': 'ham', 'calories': 87.6, 'carbs': 0.7, 'protein': 14.0, 'fat': 3.2, 'quantity': 3, 'unit': 'thin slice'}, {'name': 'avocado', 'calories': 120.0, 'carbs': 6.4, 'protein': 1.5, 'fat': 11.0, 'quantity': 0.5, 'unit': 'cup, cubes'}, {'name': 'tomato', 'calories': 22.1, 'carbs': 4.8, 'protein': 1.1, 'fat': 0.2, 'quantity': 1, 'unit': 'medium whole (2-3/5\"" dia)'}, {'name': 'romaine lettuce', 'calories': 4.3, 'carbs': 0.8, 'protein': 0.3, 'fat': 0.1, 'quantity': 1.5, 'unit': 'leaves'}, {'name': 'celery', 'calories': 19.2, 'carbs': 3.6, 'protein': 0.8, 'fat': 0.2, 'quantity': 3, 'unit': 'stalk, medium'}, {'name': 'bread roll', 'calories': 109.2, 'carbs': 18.4, 'protein': 3.4, 'fat': 2.5, 'quantity': 1, 'unit': 'cup'}, {'name': 'hummus', 'calories': 49.8, 'carbs': 4.3, 'protein': 2.4, 'fat': 2.9, 'quantity': 2, 'unit': 'tbsp'}]""","""[\""ham\"", \""avocado\"", \""tomato\"", \""romaine lettuce\"", \""celery\"", \""bread roll\"", \""hummus\""]""",7,412.2,39.0,23.5,20.1
fsb_00955,fsb_00955.jpg,Mixed Salad with Avocado and Chickpeas,"""[{'name': 'chickpeas', 'calories': 134.5, 'carbs': 22.5, 'protein': 7.3, 'fat': 2.1, 'quantity': 0.5, 'unit': 'cup'}, {'name': 'brussels sprouts', 'calories': 11.2, 'carbs': 2.2, 'protein': 0.8, 'fat': 0.2, 'quantity': 0.2, 'unit': 'cup'}, {'name': 'avocado', 'calories': 120.0, 'carbs': 6.4, 'protein': 1.5, 'fat': 11.0, 'quantity': 0.5, 'unit': 'cup, cubes'}, {'name': 'mixed greens', 'calories': 10.0, 'carbs': 2.1, 'protein': 0.6, 'fat': 0.1, 'quantity': 1.5, 'unit': 'cups'}, {'name': 'kimchi', 'calories': 15.7, 'carbs': 2.5, 'protein': 1.2, 'fat': 0.5, 'quantity': 0.7, 'unit': 'cup'}]""","""[\""chickpeas\"", \""brussels sprouts\"", \""avocado\"", \""mixed greens\"", \""kimchi\""]""",5,291.4,35.7,11.4,13.9
fsb_00956,fsb_00956.jpg,Mixed Salad with Balsamic Glaze,"""[{'name': 'spinach', 'calories': 8.3, 'carbs': 1.4, 'protein': 1.1, 'fat': 0.1, 'quantity': 0.2, 'unit': 'cup'}, {'name': 'cherry tomatoes', 'calories': 15.3, 'carbs': 3.3, 'protein': 0.7, 'fat': 0.2, 'quantity': 5, 'unit': 'cherry'}, {'name': 'cucumber', 'calories': 7.8, 'carbs': 1.9, 'protein': 0.3, 'fat': 0.1, 'quantity': 0.5, 'unit': 'cup slices'}, {'name': 'cheddar cheese', 'calories': 91.3, 'carbs': 0.7, 'protein': 5.2, 'fat': 7.5, 'quantity': 0.2, 'unit': 'cup, shredded'}, {'name': 'walnuts', 'calories': 92.9, 'carbs': 1.9, 'protein': 2.2, 'fat': 9.3, 'quantity': 7, 'unit': 'walnut half'}, {'name': 'pumpkin seeds', 'calories': 53.5, 'carbs': 6.4, 'protein': 2.2, 'fat': 2.3, 'quantity': 3, 'unit': 'tbsp'}, {'name': 'balsamic glaze', 'calories': 28.4, 'carbs': 6.7, 'protein': 0.1, 'fat': 0.0, 'quantity': 0.7, 'unit': 'tbsp'}]""","""[\""spinach\"", \""cherry tomatoes\"", \""cucumber\"", \""cheddar cheese\"", \""walnuts\"", \""pumpkin seeds\"", \""balsamic glaze\""]""",7,297.5,22.3,11.8,19.5
fsb_00957,fsb_00957.jpg,Mixed Salad with Beans and Stuffed Grape Leaf,"""[{'name': 'lettuce', 'calories': 4.8, 'carbs': 0.9, 'protein': 0.3, 'fat': 0.1, 'quantity': 1, 'unit': 'wt. oz'}, {'name': 'cucumber', 'calories': 7.8, 'carbs': 1.9, 'protein': 0.3, 'fat': 0.1, 'quantity': 0.5, 'unit': 'cup slices'}, {'name': 'tomato', 'calories': 16.2, 'carbs': 3.5, 'protein': 0.8, 'fat': 0.2, 'quantity': 0.5, 'unit': 'cup, chopped or sliced'}, {'name': 'carrot', 'calories': 10.9, 'carbs': 2.6, 'protein': 0.2, 'fat': 0.1, 'quantity': 0.2, 'unit': 'cup'}, {'name': 'red kidney beans', 'calories': 112.4, 'carbs': 20.2, 'protein': 7.7, 'fat': 0.4, 'quantity': 0.5, 'unit': 'cup'}, {'name': 'green beans', 'calories': 8.8, 'carbs': 2.0, 'protein': 0.5, 'fat': 0.1, 'quantity': 0.2, 'unit': 'cup'}, {'name': 'stuffed grape leaf', 'calories': 32.8, 'carbs': 2.1, 'protein': 1.9, 'fat': 1.9, 'quantity': 0.6, 'unit': 'wt. oz'}]""","""[\""lettuce\"", \""cucumber\"", \""tomato\"", \""carrot\"", \""red kidney beans\"", \""green beans\"", \""stuffed grape leaf\""]""",7,193.7,33.2,11.7,2.9
fsb_00958,fsb_00958.jpg,Mixed Salad with Crackers,"""[{'name': 'lettuce', 'calories': 4.8, 'carbs': 0.9, 'protein': 0.3, 'fat': 0.1, 'quantity': 0.6, 'unit': 'cups shredded'}, {'name': 'tomato', 'calories': 6.5, 'carbs': 1.4, 'protein': 0.3, 'fat': 0.1, 'quantity': 0.2, 'unit': 'cup, chopped or sliced'}, {'name': 'radicchio', 'calories': 3.7, 'carbs': 0.7, 'protein': 0.2, 'fat': 0.0, 'quantity': 0.4, 'unit': 'cup, shredded'}, {'name': 'crackers', 'calories': 61.2, 'carbs': 7.4, 'protein': 0.8, 'fat': 3.2, 'quantity': 3, 'unit': 'cracker'}, {'name': 'olive oil', 'calories': 39.8, 'carbs': 0.0, 'protein': 0.0, 'fat': 4.5, 'quantity': 1, 'unit': 'tsp'}]""","""[\""lettuce\"", \""tomato\"", \""radicchio\"", \""crackers\"", \""olive oil\""]""",5,116.0,10.4,1.6,7.9
fsb_00959,fsb_00959.jpg,Salad With Soup,"""[{'name': 'lettuce', 'calories': 4.8, 'carbs': 0.9, 'protein': 0.3, 'fat': 0.1, 'quantity': 0.6, 'unit': 'cups shredded'}, {'name': 'tomato', 'calories': 6.5, 'carbs': 1.4, 'protein': 0.3, 'fat': 0.1, 'quantity': 0.2, 'unit': 'cup, chopped or sliced'}, {'name': 'spinach', 'calories': 4.1, 'carbs': 0.7, 'protein': 0.5, 'fat': 0.0, 'quantity': 0.1, 'unit': 'cup'}, {'name': 'dressing', 'calories': 77.4, 'carbs': 1.1, 'protein': 0.2, 'fat': 8.0, 'quantity': 1.2, 'unit': 'tablespoons'}, {'name': 'soup', 'calories': 59.5, 'carbs': 7.4, 'protein': 2.9, 'fat': 1.9, 'quantity': 1, 'unit': 'serving 1 cup'}]""","""[\""lettuce\"", \""tomato\"", \""spinach\"", \""dressing\"", \""soup\""]""",5,152.3,11.5,4.2,10.1
fsb_00960,fsb_00960.jpg,Mixed Salad with Curried Chickpeas and Kimchi,"""[{'name': 'mixed greens', 'calories': 10.0, 'carbs': 2.1, 'protein': 0.6, 'fat': 0.1, 'quantity': 1.5, 'unit': 'cups'}, {'name': 'tomato', 'calories': 11.1, 'carbs': 2.4, 'protein': 0.5, 'fat': 0.1, 'quantity': 0.5, 'unit': 'medium whole (2-3/5\"" dia)'}, {'name': 'broccoli', 'calories': 14.7, 'carbs': 3.0, 'protein': 1.0, 'fat': 0.2, 'quantity': 0.3, 'unit': 'stalk, small (5\"" long)'}, {'name': 'curried chickpeas', 'calories': 145.4, 'carbs': 13.8, 'protein': 3.9, 'fat': 9.1, 'quantity': 0.4, 'unit': 'cup'}, {'name': 'kimchi', 'calories': 15.7, 'carbs': 2.5, 'protein': 1.2, 'fat': 0.5, 'quantity': 0.7, 'unit': 'cup'}, {'name': 'cabbage', 'calories': 5.2, 'carbs': 1.2, 'protein': 0.3, 'fat': 0.0, 'quantity': 0.15, 'unit': 'cup, shredded'}]""","""[\""mixed greens\"", \""tomato\"", \""broccoli\"", \""curried chickpeas\"", \""kimchi\"", \""cabbage\""]""",6,202.1,25.0,7.5,10.0
fsb_00961,fsb_00961.jpg,Mixed Salad with Egg and Cheese,"""[{'name': 'mixed greens', 'calories': 10.0, 'carbs': 2.1, 'protein': 0.6, 'fat': 0.1, 'quantity': 1.5, 'unit': 'cups'}, {'name': 'mushrooms', 'calories': 8.8, 'carbs': 1.7, 'protein': 0.7, 'fat': 0.1, 'quantity': 0.2, 'unit': 'cup'}, {'name': 'cherry tomatoes', 'calories': 16.1, 'carbs': 3.5, 'protein': 0.8, 'fat': 0.2, 'quantity': 0.6, 'unit': 'cup'}, {'name': 'cheddar cheese', 'calories': 114.5, 'carbs': 0.9, 'protein': 6.5, 'fat': 9.4, 'quantity': 1, 'unit': 'oz'}, {'name': 'hard boiled egg', 'calories': 68.2, 'carbs': 0.5, 'protein': 5.5, 'fat': 4.7, 'quantity': 1, 'unit': 'medium'}, {'name': 'carrots', 'calories': 10.9, 'carbs': 2.6, 'protein': 0.2, 'fat': 0.1, 'quantity': 0.2, 'unit': 'cup'}, {'name': 'broccoli', 'calories': 9.8, 'carbs': 2.0, 'protein': 0.7, 'fat': 0.1, 'quantity': 0.2, 'unit': 'stalk, small (5\"" long)'}, {'name': 'italian dressing', 'calories': 70.6, 'carbs': 3.6, 'protein': 0.1, 'fat': 6.2, 'quantity': 2, 'unit': 'tbsp'}]""","""[\""mixed greens\"", \""mushrooms\"", \""cherry tomatoes\"", \""cheddar cheese\"", \""hard boiled egg\"", \""carrots\"", \""broccoli\"", \""italian dressing\""]""",8,308.9,16.9,15.1,20.9
fsb_00962,fsb_00962.jpg,Mixed Salad with Egg,"""[{'name': 'spinach', 'calories': 8.3, 'carbs': 1.4, 'protein': 1.1, 'fat': 0.1, 'quantity': 0.2, 'unit': 'cup'}, {'name': 'hard boiled egg', 'calories': 68.2, 'carbs': 0.5, 'protein': 5.5, 'fat': 4.7, 'quantity': 1, 'unit': 'medium'}, {'name': 'cherry tomatoes', 'calories': 15.3, 'carbs': 3.3, 'protein': 0.7, 'fat': 0.2, 'quantity': 5, 'unit': 'cherry'}, {'name': 'cucumber', 'calories': 3.9, 'carbs': 0.9, 'protein': 0.2, 'fat': 0.0, 'quantity': 0.25, 'unit': 'cup slices'}, {'name': 'carrot', 'calories': 10.9, 'carbs': 2.6, 'protein': 0.2, 'fat': 0.1, 'quantity': 0.2, 'unit': 'cup'}, {'name': 'bell pepper', 'calories': 6.3, 'carbs': 1.5, 'protein': 0.2, 'fat': 0.0, 'quantity': 0.2, 'unit': 'pepper'}, {'name': 'broccoli', 'calories': 9.8, 'carbs': 2.0, 'protein': 0.7, 'fat': 0.1, 'quantity': 0.2, 'unit': 'stalk, small (5\"" long)'}, {'name': 'mushrooms', 'calories': 4.4, 'carbs': 0.8, 'protein': 0.3, 'fat': 0.1, 'quantity': 0.1, 'unit': 'cup'}, {'name': 'cheese', 'calories': 57.3, 'carbs': 0.4, 'protein': 3.2, 'fat': 4.7, 'quantity': 0.5, 'unit': 'oz'}]""","""[\""spinach\"", \""hard boiled egg\"", \""cherry tomatoes\"", \""cucumber\"", \""carrot\"", \""bell pepper\"", \""broccoli\"", \""mushrooms\"", \""cheese\""]""",9,184.4,13.4,12.1,10.0
fsb_00963,fsb_00963.jpg,Mixed Salad with Eggs and Blueberries,"""[{'name': 'mixed greens', 'calories': 10.0, 'carbs': 2.1, 'protein': 0.6, 'fat': 0.1, 'quantity': 1.5, 'unit': 'cups'}, {'name': 'carrots', 'calories': 10.9, 'carbs': 2.6, 'protein': 0.2, 'fat': 0.1, 'quantity': 0.2, 'unit': 'cup'}, {'name': 'blueberries', 'calories': 21.1, 'carbs': 5.4, 'protein': 0.3, 'fat': 0.1, 'quantity': 0.25, 'unit': 'cup'}, {'name': 'boiled egg', 'calories': 155.0, 'carbs': 1.1, 'protein': 12.6, 'fat': 10.6, 'quantity': 2, 'unit': 'large'}]""","""[\""mixed greens\"", \""carrots\"", \""blueberries\"", \""boiled egg\""]""",4,197.0,11.2,13.7,10.9
fsb_00964,fsb_00964.jpg,Mixed Salad with Eggs,"""[{'name': 'lettuce', 'calories': 9.6, 'carbs': 1.9, 'protein': 0.7, 'fat': 0.2, 'quantity': 2, 'unit': 'wt. oz'}, {'name': 'tomato', 'calories': 16.2, 'carbs': 3.5, 'protein': 0.8, 'fat': 0.2, 'quantity': 0.5, 'unit': 'cup, chopped or sliced'}, {'name': 'cucumber', 'calories': 7.8, 'carbs': 1.9, 'protein': 0.3, 'fat': 0.1, 'quantity': 0.5, 'unit': 'cup slices'}, {'name': 'avocado', 'calories': 120.0, 'carbs': 6.4, 'protein': 1.5, 'fat': 11.0, 'quantity': 0.5, 'unit': 'cup, cubes'}, {'name': 'boiled egg', 'calories': 155.0, 'carbs': 1.1, 'protein': 12.6, 'fat': 10.6, 'quantity': 2, 'unit': 'large'}, {'name': 'feta cheese', 'calories': 118.8, 'carbs': 1.8, 'protein': 6.4, 'fat': 9.6, 'quantity': 0.3, 'unit': 'cup, crumbled'}]""","""[\""lettuce\"", \""tomato\"", \""cucumber\"", \""avocado\"", \""boiled egg\"", \""feta cheese\""]""",6,427.4,16.6,22.3,31.7
fsb_00965,fsb_00965.jpg,Mixed Salad with Green Beans,"""[{'name': 'green beans', 'calories': 21.9, 'carbs': 4.9, 'protein': 1.2, 'fat': 0.2, 'quantity': 0.5, 'unit': 'cup'}, {'name': 'lettuce', 'calories': 4.8, 'carbs': 0.9, 'protein': 0.3, 'fat': 0.1, 'quantity': 1, 'unit': 'wt. oz'}, {'name': 'mixed greens', 'calories': 4.0, 'carbs': 0.8, 'protein': 0.2, 'fat': 0.0, 'quantity': 0.6000000000000001, 'unit': 'cups'}, {'name': 'dressing', 'calories': 116.1, 'carbs': 1.6, 'protein': 0.4, 'fat': 12.0, 'quantity': 1.8, 'unit': 'tablespoons'}]""","""[\""green beans\"", \""lettuce\"", \""mixed greens\"", \""dressing\""]""",4,146.8,8.2,2.1,12.3
fsb_00966,fsb_00966.jpg,Mixed Salad with Grilled Chicken,"""[{'name': 'grilled chicken', 'calories': 170.5, 'carbs': 0.0, 'protein': 34.0, 'fat': 3.9, 'quantity': 0.6, 'unit': 'piece'}, {'name': 'kale', 'calories': 32.8, 'carbs': 6.6, 'protein': 2.2, 'fat': 0.5, 'quantity': 0.9, 'unit': 'cup'}, {'name': 'mixed greens', 'calories': 10.0, 'carbs': 2.1, 'protein': 0.6, 'fat': 0.1, 'quantity': 1.5, 'unit': 'cups'}, {'name': 'cherry tomatoes', 'calories': 16.1, 'carbs': 3.5, 'protein': 0.8, 'fat': 0.2, 'quantity': 0.6, 'unit': 'cup'}, {'name': 'carrots', 'calories': 10.9, 'carbs': 2.6, 'protein': 0.2, 'fat': 0.1, 'quantity': 0.2, 'unit': 'cup'}, {'name': 'pickled onions', 'calories': 10.9, 'carbs': 2.6, 'protein': 0.3, 'fat': 0.0, 'quantity': 1, 'unit': 'wt. oz'}, {'name': 'dressing', 'calories': 116.1, 'carbs': 1.6, 'protein': 0.4, 'fat': 12.0, 'quantity': 1.8, 'unit': 'tablespoons'}]""","""[\""grilled chicken\"", \""kale\"", \""mixed greens\"", \""cherry tomatoes\"", \""carrots\"", \""pickled onions\"", \""dressing\""]""",7,367.3,19.0,38.5,16.8
fsb_00967,fsb_00967.jpg,Mixed Salad with Ham and Beans,"""[{'name': 'lettuce', 'calories': 4.8, 'carbs': 0.9, 'protein': 0.3, 'fat': 0.1, 'quantity': 1, 'unit': 'wt. oz'}, {'name': 'ham', 'calories': 58.4, 'carbs': 0.4, 'protein': 9.3, 'fat': 2.1, 'quantity': 2, 'unit': 'thin slice'}, {'name': 'kidney beans', 'calories': 45.0, 'carbs': 8.1, 'protein': 3.1, 'fat': 0.2, 'quantity': 0.2, 'unit': 'cup'}, {'name': 'chickpeas', 'calories': 80.7, 'carbs': 13.5, 'protein': 4.4, 'fat': 1.3, 'quantity': 0.3, 'unit': 'cup'}, {'name': 'corn', 'calories': 28.6, 'carbs': 6.3, 'protein': 1.0, 'fat': 0.4, 'quantity': 0.2, 'unit': 'cup cut'}, {'name': 'quinoa', 'calories': 55.5, 'carbs': 9.9, 'protein': 2.0, 'fat': 0.9, 'quantity': 0.25, 'unit': 'cup'}, {'name': 'cherry tomatoes', 'calories': 9.2, 'carbs': 2.0, 'protein': 0.4, 'fat': 0.1, 'quantity': 3, 'unit': 'cherry'}, {'name': 'green bell pepper', 'calories': 6.4, 'carbs': 1.5, 'protein': 0.2, 'fat': 0.0, 'quantity': 0.2, 'unit': 'pepper'}, {'name': 'onion', 'calories': 9.2, 'carbs': 2.1, 'protein': 0.3, 'fat': 0.0, 'quantity': 0.1, 'unit': 'cup'}]""","""[\""lettuce\"", \""ham\"", \""kidney beans\"", \""chickpeas\"", \""corn\"", \""quinoa\"", \""cherry tomatoes\"", \""green bell pepper\"", \""onion\""]""",9,297.8,44.7,21.0,5.1
fsb_00968,fsb_00968.jpg,Mixed Salad with Ham and Cheese,"""[{'name': 'lettuce', 'calories': 4.8, 'carbs': 0.9, 'protein': 0.3, 'fat': 0.1, 'quantity': 0.6, 'unit': 'cups shredded'}, {'name': 'tomato', 'calories': 11.1, 'carbs': 2.4, 'protein': 0.5, 'fat': 0.1, 'quantity': 0.5, 'unit': 'medium whole (2-3/5\"" dia)'}, {'name': 'cucumber', 'calories': 3.9, 'carbs': 0.9, 'protein': 0.2, 'fat': 0.0, 'quantity': 0.25, 'unit': 'cup slices'}, {'name': 'green pepper', 'calories': 6.4, 'carbs': 1.5, 'protein': 0.2, 'fat': 0.0, 'quantity': 0.2, 'unit': 'pepper'}, {'name': 'carrot', 'calories': 10.9, 'carbs': 2.6, 'protein': 0.2, 'fat': 0.1, 'quantity': 0.2, 'unit': 'cup'}, {'name': 'ham', 'calories': 58.4, 'carbs': 0.4, 'protein': 9.3, 'fat': 2.1, 'quantity': 2, 'unit': 'thin slice'}, {'name': 'cheese', 'calories': 113.1, 'carbs': 0.9, 'protein': 6.4, 'fat': 9.3, 'quantity': 1, 'unit': 'slice (1 oz)'}, {'name': 'boiled egg', 'calories': 34.1, 'carbs': 0.2, 'protein': 2.8, 'fat': 2.3, 'quantity': 0.5, 'unit': 'medium'}, {'name': 'thousand island dressing', 'calories': 121.3, 'carbs': 4.7, 'protein': 0.3, 'fat': 11.2, 'quantity': 2, 'unit': 'tbsp'}, {'name': 'white bread', 'calories': 159.6, 'carbs': 29.7, 'protein': 5.3, 'fat': 2.0, 'quantity': 2, 'unit': 'slice, large'}, {'name': 'butter', 'calories': 101.8, 'carbs': 0.0, 'protein': 0.1, 'fat': 11.5, 'quantity': 1, 'unit': 'tbsp'}, {'name': 'french fries', 'calories': 160.1, 'carbs': 21.3, 'protein': 1.8, 'fat': 7.6, 'quantity': 0.9, 'unit': 'cup'}, {'name': 'coleslaw', 'calories': 87.1, 'carbs': 6.8, 'protein': 0.5, 'fat': 6.4, 'quantity': 0.25, 'unit': 'cup'}, {'name': 'corn', 'calories': 27.2, 'carbs': 5.9, 'protein': 1.0, 'fat': 0.4, 'quantity': 1, 'unit': 'wt. oz'}]""","""[\""lettuce\"", \""tomato\"", \""cucumber\"", \""green pepper\"", \""carrot\"", \""ham\"", \""cheese\"", \""boiled egg\"", \""thousand island dressing\"", \""white bread\"", \""butter\"", \""french fries\"", \""coleslaw\"", \""corn\""]""",14,899.8,78.2,28.9,53.1
fsb_00969,fsb_00969.jpg,Mixed Salad with Potatoes and Ground Meat,"""[{'name': 'lettuce', 'calories': 4.8, 'carbs': 0.9, 'protein': 0.3, 'fat': 0.1, 'quantity': 1, 'unit': 'wt. oz'}, {'name': 'corn', 'calories': 28.6, 'carbs': 6.3, 'protein': 1.0, 'fat': 0.4, 'quantity': 0.2, 'unit': 'cup cut'}, {'name': 'pickles', 'calories': 3.2, 'carbs': 0.7, 'protein': 0.1, 'fat': 0.1, 'quantity': 0.2, 'unit': 'large (4\"" long)'}, {'name': 'cucumber', 'calories': 3.9, 'carbs': 0.9, 'protein': 0.2, 'fat': 0.0, 'quantity': 0.25, 'unit': 'cup slices'}, {'name': 'carrot', 'calories': 10.9, 'carbs': 2.6, 'protein': 0.2, 'fat': 0.1, 'quantity': 0.2, 'unit': 'cup'}, {'name': 'potatoes', 'calories': 113.5, 'carbs': 25.8, 'protein': 3.0, 'fat': 0.2, 'quantity': 1, 'unit': 'cup'}, {'name': 'ground meat', 'calories': 162.1, 'carbs': 0.0, 'protein': 16.1, 'fat': 10.3, 'quantity': 0.4, 'unit': 'portion ( yield from 1/2 lb raw meat )'}, {'name': 'dressing', 'calories': 116.1, 'carbs': 1.6, 'protein': 0.4, 'fat': 12.0, 'quantity': 1.8, 'unit': 'tablespoons'}]""","""[\""lettuce\"", \""corn\"", \""pickles\"", \""cucumber\"", \""carrot\"", \""potatoes\"", \""ground meat\"", \""dressing\""]""",8,443.1,38.8,21.3,23.2
fsb_00970,fsb_00970.jpg,Mixed Salad with Quinoa and Dressing,"""[{'name': 'lettuce', 'calories': 4.8, 'carbs': 0.9, 'protein': 0.3, 'fat': 0.1, 'quantity': 1, 'unit': 'wt. oz'}, {'name': 'cherry tomatoes', 'calories': 15.3, 'carbs': 3.3, 'protein': 0.7, 'fat': 0.2, 'quantity': 5, 'unit': 'cherry'}, {'name': 'avocado', 'calories': 48.0, 'carbs': 2.6, 'protein': 0.6, 'fat': 4.4, 'quantity': 0.2, 'unit': 'cup, cubes'}, {'name': 'quinoa', 'calories': 55.5, 'carbs': 9.9, 'protein': 2.0, 'fat': 0.9, 'quantity': 0.25, 'unit': 'cup'}, {'name': 'kidney beans', 'calories': 45.0, 'carbs': 8.1, 'protein': 3.1, 'fat': 0.2, 'quantity': 0.2, 'unit': 'cup'}, {'name': 'chickpeas', 'calories': 80.7, 'carbs': 13.5, 'protein': 4.4, 'fat': 1.3, 'quantity': 0.3, 'unit': 'cup'}, {'name': 'pasta', 'calories': 44.2, 'carbs': 8.6, 'protein': 1.6, 'fat': 0.3, 'quantity': 0.2, 'unit': 'cup'}, {'name': 'salad dressing', 'calories': 116.1, 'carbs': 1.6, 'protein': 0.4, 'fat': 12.0, 'quantity': 1.8, 'unit': 'tablespoons'}]""","""[\""lettuce\"", \""cherry tomatoes\"", \""avocado\"", \""quinoa\"", \""kidney beans\"", \""chickpeas\"", \""pasta\"", \""salad dressing\""]""",8,409.6,48.5,13.1,19.4
fsb_00971,fsb_00971.jpg,Mixed Salad with Veggie Patty,"""[{'name': 'mixed greens', 'calories': 10.0, 'carbs': 2.1, 'protein': 0.6, 'fat': 0.1, 'quantity': 1.5, 'unit': 'cups'}, {'name': 'shredded carrot', 'calories': 11.3, 'carbs': 2.6, 'protein': 0.3, 'fat': 0.1, 'quantity': 0.25, 'unit': 'cup'}, {'name': 'beetroot', 'calories': 18.7, 'carbs': 4.2, 'protein': 0.7, 'fat': 0.1, 'quantity': 0.25, 'unit': 'cup slices'}, {'name': 'coleslaw', 'calories': 34.8, 'carbs': 2.7, 'protein': 0.2, 'fat': 2.6, 'quantity': 0.1, 'unit': 'cup'}, {'name': 'veggie patty', 'calories': 123.9, 'carbs': 10.0, 'protein': 11.0, 'fat': 4.4, 'quantity': 1, 'unit': 'pattie'}, {'name': 'sauteed onions', 'calories': 23.2, 'carbs': 1.8, 'protein': 0.2, 'fat': 1.8, 'quantity': 0.1, 'unit': 'cup'}, {'name': 'cheddar cheese', 'calories': 22.9, 'carbs': 0.2, 'protein': 1.3, 'fat': 1.9, 'quantity': 0.2, 'unit': 'oz'}]""","""[\""mixed greens\"", \""shredded carrot\"", \""beetroot\"", \""coleslaw\"", \""veggie patty\"", \""sauteed onions\"", \""cheddar cheese\""]""",7,244.8,23.6,14.3,11.0
fsb_00972,fsb_00972.jpg,Mixed Salad,"""[{'name': 'lettuce', 'calories': 4.8, 'carbs': 0.9, 'protein': 0.3, 'fat': 0.1, 'quantity': 1, 'unit': 'wt. oz'}, {'name': 'broccoli', 'calories': 14.7, 'carbs': 3.0, 'protein': 1.0, 'fat': 0.2, 'quantity': 0.3, 'unit': 'stalk, small (5\"" long)'}, {'name': 'carrot', 'calories': 10.9, 'carbs': 2.6, 'protein': 0.2, 'fat': 0.1, 'quantity': 0.2, 'unit': 'cup'}, {'name': 'red cabbage', 'calories': 4.4, 'carbs': 1.0, 'protein': 0.2, 'fat': 0.0, 'quantity': 0.1, 'unit': 'cup, shredded'}]""","""[\""lettuce\"", \""broccoli\"", \""carrot\"", \""red cabbage\""]""",4,34.8,7.5,1.7,0.4
fsb_00973,fsb_00973.jpg,Mixed Salad,"""[{'name': 'lettuce', 'calories': 4.8, 'carbs': 0.9, 'protein': 0.3, 'fat': 0.1, 'quantity': 1, 'unit': 'wt. oz'}, {'name': 'carrot', 'calories': 10.9, 'carbs': 2.6, 'protein': 0.2, 'fat': 0.1, 'quantity': 0.2, 'unit': 'cup'}, {'name': 'cherry tomato', 'calories': 6.1, 'carbs': 1.3, 'protein': 0.3, 'fat': 0.1, 'quantity': 2, 'unit': 'cherry'}, {'name': 'black olive', 'calories': 10.1, 'carbs': 0.6, 'protein': 0.1, 'fat': 0.9, 'quantity': 2, 'unit': 'large'}, {'name': 'cheddar cheese', 'calories': 22.9, 'carbs': 0.2, 'protein': 1.3, 'fat': 1.9, 'quantity': 0.2, 'unit': 'oz'}, {'name': 'chicken', 'calories': 18.7, 'carbs': 0.0, 'protein': 2.0, 'fat': 1.1, 'quantity': 0.30000000000000004, 'unit': 'oz'}]""","""[\""lettuce\"", \""carrot\"", \""cherry tomato\"", \""black olive\"", \""cheddar cheese\"", \""chicken\""]""",6,73.5,5.6,4.2,4.2
fsb_00974,fsb_00974.jpg,Mixed Salad,"""[{'name': 'lettuce', 'calories': 4.8, 'carbs': 0.9, 'protein': 0.3, 'fat': 0.1, 'quantity': 1, 'unit': 'wt. oz'}, {'name': 'cherry tomatoes', 'calories': 12.2, 'carbs': 2.6, 'protein': 0.6, 'fat': 0.1, 'quantity': 4, 'unit': 'cherry'}, {'name': 'cucumber', 'calories': 3.9, 'carbs': 0.9, 'protein': 0.2, 'fat': 0.0, 'quantity': 0.25, 'unit': 'cup slices'}, {'name': 'carrot', 'calories': 10.9, 'carbs': 2.6, 'protein': 0.2, 'fat': 0.1, 'quantity': 0.2, 'unit': 'cup'}, {'name': 'salad dressing', 'calories': 77.4, 'carbs': 1.1, 'protein': 0.2, 'fat': 8.0, 'quantity': 1.2, 'unit': 'tablespoons'}]""","""[\""lettuce\"", \""cherry tomatoes\"", \""cucumber\"", \""carrot\"", \""salad dressing\""]""",5,109.2,8.1,1.5,8.3
fsb_00975,fsb_00975.jpg,Mixed Salad,"""[{'name': 'lettuce', 'calories': 4.8, 'carbs': 0.9, 'protein': 0.3, 'fat': 0.1, 'quantity': 1, 'unit': 'wt. oz'}, {'name': 'cherry tomatoes', 'calories': 12.2, 'carbs': 2.6, 'protein': 0.6, 'fat': 0.1, 'quantity': 4, 'unit': 'cherry'}, {'name': 'red onion', 'calories': 18.5, 'carbs': 4.3, 'protein': 0.6, 'fat': 0.1, 'quantity': 0.2, 'unit': 'cup'}, {'name': 'yellow bell pepper', 'calories': 10.0, 'carbs': 2.4, 'protein': 0.4, 'fat': 0.1, 'quantity': 0.2, 'unit': 'pepper, large'}, {'name': 'carrot', 'calories': 10.9, 'carbs': 2.6, 'protein': 0.2, 'fat': 0.1, 'quantity': 0.2, 'unit': 'cup'}, {'name': 'almonds', 'calories': 69.4, 'carbs': 2.4, 'protein': 2.4, 'fat': 6.1, 'quantity': 9, 'unit': 'almond'}, {'name': 'salad dressing', 'calories': 116.1, 'carbs': 1.6, 'protein': 0.4, 'fat': 12.0, 'quantity': 1.8, 'unit': 'tablespoons'}]""","""[\""lettuce\"", \""cherry tomatoes\"", \""red onion\"", \""yellow bell pepper\"", \""carrot\"", \""almonds\"", \""salad dressing\""]""",7,241.9,16.8,4.9,18.6
fsb_00976,fsb_00976.jpg,Garden Salad,"""[{'name': 'lettuce', 'calories': 4.8, 'carbs': 0.9, 'protein': 0.3, 'fat': 0.1, 'quantity': 1, 'unit': 'wt. oz'}, {'name': 'spinach', 'calories': 4.1, 'carbs': 0.7, 'protein': 0.5, 'fat': 0.0, 'quantity': 0.1, 'unit': 'cup'}, {'name': 'cucumber', 'calories': 7.8, 'carbs': 1.9, 'protein': 0.3, 'fat': 0.1, 'quantity': 0.5, 'unit': 'cup slices'}, {'name': 'tomato', 'calories': 16.2, 'carbs': 3.5, 'protein': 0.8, 'fat': 0.2, 'quantity': 0.5, 'unit': 'cup, chopped or sliced'}, {'name': 'red onion', 'calories': 9.2, 'carbs': 2.1, 'protein': 0.3, 'fat': 0.0, 'quantity': 0.1, 'unit': 'cup'}]""","""[\""lettuce\"", \""spinach\"", \""cucumber\"", \""tomato\"", \""red onion\""]""",5,42.1,9.1,2.2,0.4
fsb_00977,fsb_00977.jpg,Garden Salad,"""[{'name': 'lettuce', 'calories': 4.8, 'carbs': 0.9, 'protein': 0.3, 'fat': 0.1, 'quantity': 1, 'unit': 'wt. oz'}, {'name': 'tomato', 'calories': 11.1, 'carbs': 2.4, 'protein': 0.5, 'fat': 0.1, 'quantity': 0.5, 'unit': 'medium whole (2-3/5\"" dia)'}, {'name': 'radish', 'calories': 2.2, 'carbs': 0.5, 'protein': 0.1, 'fat': 0.0, 'quantity': 3, 'unit': 'medium (3/4\"" to 1\"" dia)'}, {'name': 'olive oil', 'calories': 119.3, 'carbs': 0.0, 'protein': 0.0, 'fat': 13.5, 'quantity': 1, 'unit': 'tablespoon'}, {'name': 'balsamic vinegar', 'calories': 14.1, 'carbs': 2.7, 'protein': 0.1, 'fat': 0.0, 'quantity': 1, 'unit': 'tbsp'}]""","""[\""lettuce\"", \""tomato\"", \""radish\"", \""olive oil\"", \""balsamic vinegar\""]""",5,151.5,6.5,1.0,13.7
fsb_00978,fsb_00978.jpg,Mixed Snack Plate,"""[{'name': 'apple', 'calories': 28.3, 'carbs': 7.5, 'protein': 0.1, 'fat': 0.1, 'quantity': 0.5, 'unit': 'cup slices'}, {'name': 'dried apricots', 'calories': 67.5, 'carbs': 17.5, 'protein': 0.9, 'fat': 0.1, 'quantity': 8, 'unit': 'half'}, {'name': 'cherry tomatoes', 'calories': 15.3, 'carbs': 3.3, 'protein': 0.7, 'fat': 0.2, 'quantity': 5, 'unit': 'cherry'}, {'name': 'almonds', 'calories': 69.4, 'carbs': 2.4, 'protein': 2.4, 'fat': 6.1, 'quantity': 9, 'unit': 'almond'}, {'name': 'sunflower seeds', 'calories': 87.4, 'carbs': 2.4, 'protein': 3.1, 'fat': 8.0, 'quantity': 2, 'unit': 'tbsp'}, {'name': 'orange', 'calories': 40.4, 'carbs': 10.3, 'protein': 0.8, 'fat': 0.1, 'quantity': 0.5, 'unit': 'cup sections, without membranes'}, {'name': 'cheese cubes', 'calories': 115.1, 'carbs': 0.4, 'protein': 6.8, 'fat': 9.6, 'quantity': 1, 'unit': 'oz'}]""","""[\""apple\"", \""dried apricots\"", \""cherry tomatoes\"", \""almonds\"", \""sunflower seeds\"", \""orange\"", \""cheese cubes\""]""",7,423.4,43.8,14.8,24.2
fsb_00979,fsb_00979.jpg,Mixed Snack Plate,"""[{'name': 'banana', 'calories': 105.0, 'carbs': 27.0, 'protein': 1.3, 'fat': 0.4, 'quantity': 1, 'unit': 'medium (7\"" to 7-7/8\"" long)'}, {'name': 'marble cake', 'calories': 195.0, 'carbs': 28.3, 'protein': 3.5, 'fat': 7.6, 'quantity': 1, 'unit': 'piece'}, {'name': 'cheese', 'calories': 229.1, 'carbs': 1.8, 'protein': 13.0, 'fat': 18.9, 'quantity': 2, 'unit': 'oz'}, {'name': 'pretzel', 'calories': 307.2, 'carbs': 64.3, 'protein': 8.0, 'fat': 2.3, 'quantity': 2, 'unit': 'cup'}, {'name': 'boiled egg', 'calories': 68.2, 'carbs': 0.5, 'protein': 5.5, 'fat': 4.7, 'quantity': 1, 'unit': 'medium'}]""","""[\""banana\"", \""marble cake\"", \""cheese\"", \""pretzel\"", \""boiled egg\""]""",5,904.5,121.9,31.3,33.9
fsb_00980,fsb_00980.jpg,Mixed Snack Plate,"""[{'name': 'guava', 'calories': 37.4, 'carbs': 7.9, 'protein': 1.4, 'fat': 0.5, 'quantity': 1, 'unit': 'fruit, without refuse'}, {'name': 'cheese', 'calories': 226.2, 'carbs': 1.7, 'protein': 12.8, 'fat': 18.7, 'quantity': 2, 'unit': 'slice (1 oz)'}, {'name': 'bread', 'calories': 159.6, 'carbs': 29.7, 'protein': 5.3, 'fat': 2.0, 'quantity': 2, 'unit': 'slice, large'}, {'name': 'dumpling', 'calories': 41.4, 'carbs': 7.0, 'protein': 1.1, 'fat': 1.0, 'quantity': 1, 'unit': 'small dumpling'}]""","""[\""guava\"", \""cheese\"", \""bread\"", \""dumpling\""]""",4,464.6,46.3,20.6,22.2
fsb_00981,fsb_00981.jpg,Mixed Vegetable Biryani with Beetroot Salad,"""[{'name': 'basmati rice', 'calories': 102.7, 'carbs': 22.3, 'protein': 2.1, 'fat': 0.2, 'quantity': 0.5, 'unit': 'cup'}, {'name': 'mixed vegetables', 'calories': 40.8, 'carbs': 8.8, 'protein': 2.1, 'fat': 0.4, 'quantity': 0.9, 'unit': 'cup'}, {'name': 'cashew nuts', 'calories': 45.1, 'carbs': 2.6, 'protein': 1.2, 'fat': 3.6, 'quantity': 5, 'unit': 'cashew'}, {'name': 'beetroot', 'calories': 18.7, 'carbs': 4.2, 'protein': 0.7, 'fat': 0.1, 'quantity': 0.25, 'unit': 'cup slices'}, {'name': 'cucumber', 'calories': 3.9, 'carbs': 0.9, 'protein': 0.2, 'fat': 0.0, 'quantity': 0.25, 'unit': 'cup slices'}, {'name': 'tomato', 'calories': 4.4, 'carbs': 1.0, 'protein': 0.2, 'fat': 0.0, 'quantity': 0.2, 'unit': 'medium whole (2-3/5\"" dia)'}, {'name': 'mushroom gravy', 'calories': 29.5, 'carbs': 2.1, 'protein': 1.3, 'fat': 1.9, 'quantity': 0.25, 'unit': 'cup'}]""","""[\""basmati rice\"", \""mixed vegetables\"", \""cashew nuts\"", \""beetroot\"", \""cucumber\"", \""tomato\"", \""mushroom gravy\""]""",7,245.1,41.9,7.8,6.2
fsb_00982,fsb_00982.jpg,Mixed Vegetable Plate,"""[{'name': 'white beans', 'calories': 99.5, 'carbs': 18.0, 'protein': 7.0, 'fat': 0.3, 'quantity': 0.4, 'unit': 'cup'}, {'name': 'roasted asparagus', 'calories': 18.0, 'carbs': 1.5, 'protein': 0.9, 'fat': 1.2, 'quantity': 2.4000000000000004, 'unit': 'spears'}, {'name': 'mixed salad', 'calories': 16.0, 'carbs': 3.4, 'protein': 1.0, 'fat': 0.2, 'quantity': 0.8, 'unit': 'serving'}, {'name': 'broccoli', 'calories': 27.3, 'carbs': 5.6, 'protein': 1.9, 'fat': 0.3, 'quantity': 0.5, 'unit': 'cup, chopped'}]""","""[\""white beans\"", \""roasted asparagus\"", \""mixed salad\"", \""broccoli\""]""",4,160.8,28.5,10.8,2.0
fsb_00983,fsb_00983.jpg,Mixed Vegetable Salad,"""[{'name': 'lettuce', 'calories': 4.8, 'carbs': 0.9, 'protein': 0.3, 'fat': 0.1, 'quantity': 1, 'unit': 'wt. oz'}, {'name': 'cherry tomatoes', 'calories': 16.1, 'carbs': 3.5, 'protein': 0.8, 'fat': 0.2, 'quantity': 0.6, 'unit': 'cup'}, {'name': 'cucumber', 'calories': 7.8, 'carbs': 1.9, 'protein': 0.3, 'fat': 0.1, 'quantity': 0.5, 'unit': 'cup slices'}, {'name': 'carrots', 'calories': 10.9, 'carbs': 2.6, 'protein': 0.2, 'fat': 0.1, 'quantity': 0.2, 'unit': 'cup'}, {'name': 'mushrooms', 'calories': 4.4, 'carbs': 0.8, 'protein': 0.3, 'fat': 0.1, 'quantity': 0.1, 'unit': 'cup'}, {'name': 'radishes', 'calories': 3.7, 'carbs': 0.8, 'protein': 0.2, 'fat': 0.0, 'quantity': 0.2, 'unit': 'cup slices'}, {'name': 'sprouts', 'calories': 7.6, 'carbs': 0.7, 'protein': 1.3, 'fat': 0.2, 'quantity': 1, 'unit': 'cup'}]""","""[\""lettuce\"", \""cherry tomatoes\"", \""cucumber\"", \""carrots\"", \""mushrooms\"", \""radishes\"", \""sprouts\""]""",7,55.3,11.2,3.4,0.8
fsb_00984,fsb_00984.jpg,Mixed Vegetable Salad,"""[{'name': 'lettuce', 'calories': 4.8, 'carbs': 0.9, 'protein': 0.3, 'fat': 0.1, 'quantity': 1, 'unit': 'wt. oz'}, {'name': 'yellow bell pepper', 'calories': 16.1, 'carbs': 3.8, 'protein': 0.6, 'fat': 0.1, 'quantity': 0.5, 'unit': 'medium'}, {'name': 'cherry tomatoes', 'calories': 16.1, 'carbs': 3.5, 'protein': 0.8, 'fat': 0.2, 'quantity': 0.6, 'unit': 'cup'}, {'name': 'cucumber', 'calories': 7.8, 'carbs': 1.9, 'protein': 0.3, 'fat': 0.1, 'quantity': 0.5, 'unit': 'cup slices'}, {'name': 'beetroot', 'calories': 18.7, 'carbs': 4.2, 'protein': 0.7, 'fat': 0.1, 'quantity': 0.25, 'unit': 'cup slices'}]""","""[\""lettuce\"", \""yellow bell pepper\"", \""cherry tomatoes\"", \""cucumber\"", \""beetroot\""]""",5,63.5,14.3,2.7,0.6
fsb_00985,fsb_00985.jpg,Mixed Vegetable Stir-Fry,"""[{'name': 'zucchini', 'calories': 5.9, 'carbs': 1.0, 'protein': 0.4, 'fat': 0.1, 'quantity': 0.3, 'unit': 'small'}, {'name': 'carrot', 'calories': 10.9, 'carbs': 2.6, 'protein': 0.2, 'fat': 0.1, 'quantity': 0.2, 'unit': 'cup'}, {'name': 'eggplant', 'calories': 10.4, 'carbs': 2.6, 'protein': 0.2, 'fat': 0.1, 'quantity': 0.3, 'unit': 'cup (1\"" cubes)'}, {'name': 'onion', 'calories': 9.2, 'carbs': 2.1, 'protein': 0.3, 'fat': 0.0, 'quantity': 0.1, 'unit': 'cup'}, {'name': 'olive oil', 'calories': 59.7, 'carbs': 0.0, 'protein': 0.0, 'fat': 6.8, 'quantity': 0.5, 'unit': 'tbsp'}]""","""[\""zucchini\"", \""carrot\"", \""eggplant\"", \""onion\"", \""olive oil\""]""",5,96.1,8.3,1.1,7.1
fsb_00986,fsb_00986.jpg,Vegetable Stir-Fry,"""[{'name': 'green beans', 'calories': 8.8, 'carbs': 2.0, 'protein': 0.5, 'fat': 0.1, 'quantity': 0.2, 'unit': 'cup'}, {'name': 'carrots', 'calories': 10.9, 'carbs': 2.6, 'protein': 0.2, 'fat': 0.1, 'quantity': 0.2, 'unit': 'cup'}, {'name': 'zucchini', 'calories': 5.9, 'carbs': 1.0, 'protein': 0.4, 'fat': 0.1, 'quantity': 0.3, 'unit': 'small'}, {'name': 'red bell pepper', 'calories': 10.4, 'carbs': 2.5, 'protein': 0.3, 'fat': 0.1, 'quantity': 0.2, 'unit': 'cup'}]""","""[\""green beans\"", \""carrots\"", \""zucchini\"", \""red bell pepper\""]""",4,36.0,8.1,1.4,0.4
fsb_00987,fsb_00987.jpg,Mixed Vegetables,"""[{'name': 'zucchini', 'calories': 9.8, 'carbs': 1.7, 'protein': 0.7, 'fat': 0.2, 'quantity': 0.5, 'unit': 'small'}, {'name': 'carrot', 'calories': 10.9, 'carbs': 2.6, 'protein': 0.2, 'fat': 0.1, 'quantity': 0.2, 'unit': 'cup'}, {'name': 'eggplant', 'calories': 10.4, 'carbs': 2.6, 'protein': 0.2, 'fat': 0.1, 'quantity': 0.3, 'unit': 'cup (1\"" cubes)'}, {'name': 'cabbage', 'calories': 5.2, 'carbs': 1.2, 'protein': 0.3, 'fat': 0.0, 'quantity': 0.15, 'unit': 'cup, shredded'}, {'name': 'olive oil', 'calories': 59.7, 'carbs': 0.0, 'protein': 0.0, 'fat': 6.8, 'quantity': 0.5, 'unit': 'tbsp'}]""","""[\""zucchini\"", \""carrot\"", \""eggplant\"", \""cabbage\"", \""olive oil\""]""",5,96.0,8.1,1.4,7.2
fsb_00988,fsb_00988.jpg,Mortadella Sandwich with Side Salad,"""[{'name': 'mortadella', 'calories': 139.9, 'carbs': 1.4, 'protein': 7.4, 'fat': 11.4, 'quantity': 3, 'unit': 'slice (15 per 8 oz package)'}, {'name': 'bread roll', 'calories': 109.2, 'carbs': 18.4, 'protein': 3.4, 'fat': 2.5, 'quantity': 1, 'unit': 'cup'}, {'name': 'lettuce', 'calories': 1.6, 'carbs': 0.3, 'protein': 0.1, 'fat': 0.0, 'quantity': 0.2, 'unit': 'cups shredded'}, {'name': 'mayonnaise', 'calories': 93.8, 'carbs': 0.1, 'protein': 0.1, 'fat': 10.3, 'quantity': 1, 'unit': 'tbsp'}, {'name': 'side salad', 'calories': 4.9, 'carbs': 0.2, 'protein': 0.1, 'fat': 0.4, 'quantity': 0.2, 'unit': 'wt. oz'}, {'name': 'salad dressing', 'calories': 116.1, 'carbs': 1.6, 'protein': 0.4, 'fat': 12.0, 'quantity': 1.8, 'unit': 'tablespoons'}]""","""[\""mortadella\"", \""bread roll\"", \""lettuce\"", \""mayonnaise\"", \""side salad\"", \""salad dressing\""]""",6,465.5,22.0,11.5,36.6
fsb_00989,fsb_00989.jpg,Mushroom and Bacon Omelette with Avocado,"""[{'name': 'eggs', 'calories': 143.0, 'carbs': 0.7, 'protein': 12.6, 'fat': 9.5, 'quantity': 2, 'unit': 'large'}, {'name': 'mushrooms', 'calories': 4.4, 'carbs': 0.8, 'protein': 0.3, 'fat': 0.1, 'quantity': 0.1, 'unit': 'cup'}, {'name': 'bacon', 'calories': 80.7, 'carbs': 0.3, 'protein': 5.9, 'fat': 6.1, 'quantity': 1.5, 'unit': 'slices'}, {'name': 'avocado', 'calories': 120.0, 'carbs': 6.4, 'protein': 1.5, 'fat': 11.0, 'quantity': 0.5, 'unit': 'cup, cubes'}]""","""[\""eggs\"", \""mushrooms\"", \""bacon\"", \""avocado\""]""",4,348.1,8.2,20.3,26.7
fsb_00990,fsb_00990.jpg,Mushroom and Bean Stew,"""[{'name': 'mushrooms', 'calories': 13.2, 'carbs': 2.5, 'protein': 1.0, 'fat': 0.2, 'quantity': 0.3, 'unit': 'cup'}, {'name': 'white beans', 'calories': 124.4, 'carbs': 22.5, 'protein': 8.7, 'fat': 0.3, 'quantity': 0.5, 'unit': 'cup'}, {'name': 'potatoes', 'calories': 56.7, 'carbs': 12.9, 'protein': 1.5, 'fat': 0.1, 'quantity': 0.5, 'unit': 'cup'}, {'name': 'vegetable broth', 'calories': 11.9, 'carbs': 2.0, 'protein': 0.5, 'fat': 0.1, 'quantity': 0.9, 'unit': 'cup'}]""","""[\""mushrooms\"", \""white beans\"", \""potatoes\"", \""vegetable broth\""]""",4,206.2,39.9,11.7,0.7
fsb_00991,fsb_00991.jpg,Mushroom and Cheese Pasta,"""[{'name': 'pasta', 'calories': 199.1, 'carbs': 38.9, 'protein': 7.3, 'fat': 1.2, 'quantity': 0.9, 'unit': 'cup'}, {'name': 'mushrooms', 'calories': 13.2, 'carbs': 2.5, 'protein': 1.0, 'fat': 0.2, 'quantity': 0.3, 'unit': 'cup'}, {'name': 'cheese', 'calories': 91.3, 'carbs': 0.7, 'protein': 5.2, 'fat': 7.5, 'quantity': 0.2, 'unit': 'cup, shredded'}, {'name': 'olive oil', 'calories': 119.3, 'carbs': 0.0, 'protein': 0.0, 'fat': 13.5, 'quantity': 1, 'unit': 'tbsp'}]""","""[\""pasta\"", \""mushrooms\"", \""cheese\"", \""olive oil\""]""",4,422.9,42.1,13.5,22.4
fsb_00992,fsb_00992.jpg,Mushroom Pappardelle,"""[{'name': 'pappardelle pasta', 'calories': 180.8, 'carbs': 34.4, 'protein': 7.1, 'fat': 1.4, 'quantity': 1, 'unit': 'cup'}, {'name': 'mushrooms', 'calories': 22.0, 'carbs': 4.1, 'protein': 1.7, 'fat': 0.4, 'quantity': 0.5, 'unit': 'cup'}, {'name': 'parmesan cheese', 'calories': 42.0, 'carbs': 1.4, 'protein': 2.8, 'fat': 2.8, 'quantity': 2, 'unit': 'tbsp'}, {'name': 'cream sauce', 'calories': 89.0, 'carbs': 5.1, 'protein': 2.1, 'fat': 6.8, 'quantity': 0.25, 'unit': 'cup'}, {'name': 'black pepper', 'calories': 1.2, 'carbs': 0.3, 'protein': 0.0, 'fat': 0.0, 'quantity': 0.2, 'unit': 'tsp, ground'}]""","""[\""pappardelle pasta\"", \""mushrooms\"", \""parmesan cheese\"", \""cream sauce\"", \""black pepper\""]""",5,335.0,45.3,13.7,11.4
fsb_00993,fsb_00993.jpg,Mushroom Pizza Slice with Side Salad,"""[{'name': 'pizza crust', 'calories': 135.1, 'carbs': 23.5, 'protein': 3.3, 'fat': 2.9, 'quantity': 2, 'unit': 'oz'}, {'name': 'cheese', 'calories': 91.3, 'carbs': 0.7, 'protein': 5.2, 'fat': 7.5, 'quantity': 0.2, 'unit': 'cup, shredded'}, {'name': 'mushrooms', 'calories': 13.2, 'carbs': 2.5, 'protein': 1.0, 'fat': 0.2, 'quantity': 0.3, 'unit': 'cup'}, {'name': 'lettuce', 'calories': 4.8, 'carbs': 0.9, 'protein': 0.3, 'fat': 0.1, 'quantity': 1, 'unit': 'wt. oz'}, {'name': 'cherry tomatoes', 'calories': 9.2, 'carbs': 2.0, 'protein': 0.4, 'fat': 0.1, 'quantity': 3, 'unit': 'cherry'}, {'name': 'salad dressing', 'calories': 64.5, 'carbs': 0.9, 'protein': 0.2, 'fat': 6.7, 'quantity': 1, 'unit': 'tablespoons'}]""","""[\""pizza crust\"", \""cheese\"", \""mushrooms\"", \""lettuce\"", \""cherry tomatoes\"", \""salad dressing\""]""",6,318.1,30.5,10.4,17.5
fsb_00994,fsb_00994.jpg,Mushroom Pizza with Caesar Salad,"""[{'name': 'pizza crust', 'calories': 202.6, 'carbs': 35.2, 'protein': 5.0, 'fat': 4.4, 'quantity': 3, 'unit': 'oz'}, {'name': 'tomato sauce', 'calories': 20.6, 'carbs': 4.6, 'protein': 1.0, 'fat': 0.3, 'quantity': 0.35, 'unit': 'cup'}, {'name': 'mozzarella cheese', 'calories': 100.8, 'carbs': 0.7, 'protein': 7.4, 'fat': 7.5, 'quantity': 0.3, 'unit': 'cup, shredded'}, {'name': 'mushrooms', 'calories': 4.4, 'carbs': 0.8, 'protein': 0.3, 'fat': 0.1, 'quantity': 0.1, 'unit': 'cup'}, {'name': 'romaine lettuce', 'calories': 8.0, 'carbs': 1.5, 'protein': 0.6, 'fat': 0.1, 'quantity': 1, 'unit': 'cups shredded'}, {'name': 'caesar dressing', 'calories': 159.3, 'carbs': 1.0, 'protein': 0.6, 'fat': 17.0, 'quantity': 2, 'unit': 'tbsp'}, {'name': 'croutons', 'calories': 55.8, 'carbs': 7.6, 'protein': 1.3, 'fat': 2.2, 'quantity': 0.3, 'unit': 'cup'}, {'name': 'parmesan cheese', 'calories': 21.0, 'carbs': 0.7, 'protein': 1.4, 'fat': 1.4, 'quantity': 1, 'unit': 'tbsp'}]""","""[\""pizza crust\"", \""tomato sauce\"", \""mozzarella cheese\"", \""mushrooms\"", \""romaine lettuce\"", \""caesar dressing\"", \""croutons\"", \""parmesan cheese\""]""",8,572.5,52.1,17.6,33.0
fsb_00995,fsb_00995.jpg,Mushroom And Prosciutto Pizza,"""[{'name': 'pizza dough', 'calories': 71.5, 'carbs': 12.9, 'protein': 1.8, 'fat': 1.3, 'quantity': 1, 'unit': 'oz'}, {'name': 'tomato sauce', 'calories': 20.6, 'carbs': 4.6, 'protein': 1.0, 'fat': 0.3, 'quantity': 0.35, 'unit': 'cup'}, {'name': 'mozzarella cheese', 'calories': 168.0, 'carbs': 1.2, 'protein': 12.4, 'fat': 12.5, 'quantity': 0.5, 'unit': 'cup, shredded'}, {'name': 'mushrooms', 'calories': 8.8, 'carbs': 1.7, 'protein': 0.7, 'fat': 0.1, 'quantity': 0.2, 'unit': 'cup'}, {'name': 'prosciutto', 'calories': 55.3, 'carbs': 0.1, 'protein': 7.9, 'fat': 2.4, 'quantity': 1, 'unit': 'oz'}]""","""[\""pizza dough\"", \""tomato sauce\"", \""mozzarella cheese\"", \""mushrooms\"", \""prosciutto\""]""",5,324.2,20.5,23.8,16.6
fsb_00996,fsb_00996.jpg,Mushroom Risotto,"""[{'name': 'arborio rice', 'calories': 193.4, 'carbs': 42.8, 'protein': 3.5, 'fat': 0.3, 'quantity': 0.8, 'unit': 'cup'}, {'name': 'mushrooms', 'calories': 22.0, 'carbs': 4.1, 'protein': 1.7, 'fat': 0.4, 'quantity': 0.5, 'unit': 'cup'}, {'name': 'parmesan cheese', 'calories': 126.0, 'carbs': 4.2, 'protein': 8.5, 'fat': 8.4, 'quantity': 0.3, 'unit': 'cup'}, {'name': 'olive oil', 'calories': 119.3, 'carbs': 0.0, 'protein': 0.0, 'fat': 13.5, 'quantity': 1, 'unit': 'tbsp'}, {'name': 'butter', 'calories': 101.8, 'carbs': 0.0, 'protein': 0.1, 'fat': 11.5, 'quantity': 1, 'unit': 'tbsp'}, {'name': 'onion', 'calories': 18.5, 'carbs': 4.3, 'protein': 0.6, 'fat': 0.1, 'quantity': 0.2, 'unit': 'cup'}, {'name': 'garlic', 'calories': 8.0, 'carbs': 1.8, 'protein': 0.3, 'fat': 0.0, 'quantity': 1.7999999999999998, 'unit': 'cloves'}, {'name': 'white wine', 'calories': 57.9, 'carbs': 1.8, 'protein': 0.0, 'fat': 0.0, 'quantity': 0.3, 'unit': 'cup'}, {'name': 'vegetable broth', 'calories': 13.2, 'carbs': 2.2, 'protein': 0.5, 'fat': 0.2, 'quantity': 1, 'unit': 'cup'}]""","""[\""arborio rice\"", \""mushrooms\"", \""parmesan cheese\"", \""olive oil\"", \""butter\"", \""onion\"", \""garlic\"", \""white wine\"", \""vegetable broth\""]""",9,660.1,61.2,15.2,34.4
fsb_00997,fsb_00997.jpg,Mushroom Stir-Fry,"""[{'name': 'mushrooms', 'calories': 13.2, 'carbs': 2.5, 'protein': 1.0, 'fat': 0.2, 'quantity': 0.3, 'unit': 'cup'}, {'name': 'sesame seeds', 'calories': 90.4, 'carbs': 4.1, 'protein': 2.7, 'fat': 7.7, 'quantity': 2, 'unit': 'tbsp'}, {'name': 'soy sauce', 'calories': 8.5, 'carbs': 0.8, 'protein': 1.3, 'fat': 0.1, 'quantity': 1, 'unit': 'tbsp'}, {'name': 'olive oil', 'calories': 119.3, 'carbs': 0.0, 'protein': 0.0, 'fat': 13.5, 'quantity': 1, 'unit': 'tbsp'}, {'name': 'beef raw', 'calories': 66.7, 'carbs': 0.0, 'protein': 5.3, 'fat': 4.9, 'quantity': 1, 'unit': 'oz'}]""","""[\""mushrooms\"", \""sesame seeds\"", \""soy sauce\"", \""olive oil\"", \""beef raw\""]""",5,298.1,7.4,10.3,26.4
fsb_00998,fsb_00998.jpg,Nachos with Rice and Meatballs,"""[{'name': 'tortilla chips', 'calories': 141.6, 'carbs': 20.3, 'protein': 2.1, 'fat': 6.2, 'quantity': 10, 'unit': 'chip'}, {'name': 'rice', 'calories': 102.7, 'carbs': 22.3, 'protein': 2.1, 'fat': 0.2, 'quantity': 0.5, 'unit': 'cup'}, {'name': 'meatballs', 'calories': 218.8, 'carbs': 6.2, 'protein': 11.0, 'fat': 17.0, 'quantity': 2.7, 'unit': 'oz'}, {'name': 'sour cream', 'calories': 71.3, 'carbs': 1.7, 'protein': 0.9, 'fat': 7.0, 'quantity': 3, 'unit': 'tbsp'}, {'name': 'cheese sauce', 'calories': 54.8, 'carbs': 2.2, 'protein': 2.1, 'fat': 4.2, 'quantity': 2, 'unit': 'tbsp'}, {'name': 'onion', 'calories': 11.6, 'carbs': 2.7, 'protein': 0.4, 'fat': 0.0, 'quantity': 2, 'unit': 'tbsp'}]""","""[\""tortilla chips\"", \""rice\"", \""meatballs\"", \""sour cream\"", \""cheese sauce\"", \""onion\""]""",6,600.8,55.4,18.6,34.6
fsb_00999,fsb_00999.jpg,Negroni,"""[{'name': 'gin', 'calories': 64.2, 'carbs': 0.0, 'protein': 0.0, 'fat': 0.0, 'quantity': 1, 'unit': 'fl oz'}, {'name': 'campari', 'calories': 83.8, 'carbs': 8.5, 'protein': 0.0, 'fat': 0.0, 'quantity': 1.0499999999999998, 'unit': 'fl oz'}, {'name': 'sweet vermouth', 'calories': 47.2, 'carbs': 4.0, 'protein': 0.1, 'fat': 0.0, 'quantity': 1, 'unit': 'fl oz'}, {'name': 'orange', 'calories': 5.0, 'carbs': 1.3, 'protein': 0.1, 'fat': 0.0, 'quantity': 0.6, 'unit': 'section'}]""","""[\""gin\"", \""campari\"", \""sweet vermouth\"", \""orange\""]""",4,200.2,13.8,0.2,0.0
